trade_id,pair,monotonicity_ratio_in_profit,local_peaks_count,pullback_magnitude_median,time_to_peak_mfe_relative
1,AUD_CHF,0.4411764706,6,0.3356909111,0.3947368421
2,GBP_CAD,0,1,0,0.2727272727
3,GBP_CHF,0.5333333333,6,1.001911857,0.5471698113
4,NZD_CAD,0.475,6,0.595372828,0.4666666667
5,EUR_GBP,0,0,0,0
6,AUD_JPY,0,1,0,0.1111111111
7,EUR_CAD,0,0,0,0
8,EUR_NZD,0,0,0,0
9,CAD_JPY,0,1,0,0.3333333333
10,CHF_JPY,0.4615384615,7,0.247037614,0.4333333333
11,EUR_USD,0,0,0,0
12,EUR_CHF,0.5384615385,13,0.5468921623,0.3970588235
13,NZD_USD,0.5598290598,52,0.651295084,0.867219917
14,USD_CAD,0.5,11,1.006826573,0.5571428571
15,NZD_CAD,0.525,50,0.784218049,0.7842323651
16,CAD_CHF,0.5,4,0.2034664073,0.1785714286
17,EUR_NZD,0.5,1,0,0.2352941176
18,GBP_AUD,0.5,3,0.3926164553,0.5476190476
19,GBP_NZD,0.4347826087,4,0.7922793822,0.5555555556
20,EUR_GBP,0,0,0,0
21,EUR_NZD,0.3333333333,2,0,0.08333333333
22,CHF_JPY,0.6666666667,2,0,0.3
23,USD_JPY,0.4074074074,8,1.018373409,0.75
24,NZD_JPY,0,1,0,0.1111111111
25,AUD_CHF,0.525,25,0.6805161229,0.9958506224
26,AUD_JPY,0.5481171548,32,0.8548925115,0.9958506224
27,AUD_CAD,0,1,0,0
28,EUR_USD,0.5780590717,40,0.709034734,0.8298755187
29,GBP_USD,0.5564853556,29,0.5384677245,0.8257261411
30,EUR_CAD,0.5486725664,26,0.9468815316,0.8838174274
31,EUR_AUD,0.3333333333,1,0,0.04761904762
32,USD_CHF,1,0,0,0
33,GBP_CAD,0.5379310345,17,0.633732221,0.487012987
34,CAD_CHF,0.5,6,0.5271536105,0.07368421053
35,EUR_GBP,0.5023923445,12,1.597676541,0.5684647303
36,EUR_NZD,0,0,0,0
37,CAD_JPY,0.5381165919,23,0.7717441885,0.9668049793
38,CHF_JPY,0.5401785714,36,0.65219376,0.3941908714
39,AUD_USD,0.5791666667,45,0.456402397,0.7925311203
40,AUD_CAD,0.4745762712,10,0.676554093,0.5147058824
41,AUD_NZD,1,4,0.3754952142,0.5833333333
42,GBP_AUD,0.5714285714,1,0,0.0625
43,USD_CHF,0,2,0,0.25
44,USD_CAD,0,1,0,0.1666666667
45,GBP_NZD,0.3783783784,7,0.6300216053,0.5384615385
46,NZD_CHF,0.4909090909,28,1.034756776,0.9875518672
47,EUR_NZD,0.4576271186,5,1.607075461,0.6235294118
48,USD_CHF,0.25,2,0,0.2272727273
49,EUR_AUD,0.46,6,1.633372158,0.4933333333
50,EUR_JPY,0.5357142857,13,0.4745419115,0.7049180328
51,GBP_CHF,0,0,0,0
52,GBP_JPY,0,0,0,0
53,NZD_USD,0.5020920502,21,0.280982561,0.244813278
54,USD_CAD,0,1,0,0.1666666667
55,EUR_AUD,0,2,0,0.5454545455
56,EUR_NZD,0.4,3,1.108916465,0.4864864865
57,USD_CAD,0.4166666667,6,0.7116438006,0.2786885246
58,GBP_CAD,0.5083333333,31,0.316709324,0.7925311203
59,EUR_CHF,0.3333333333,1,0,0.1
60,NZD_CAD,0.5,4,0.15850504,0.4545454545
61,NZD_JPY,0.2,4,0.4618187016,0.5
62,AUD_CHF,0,0,0,0
63,GBP_JPY,0,0,0,0
64,CAD_CHF,0.4666666667,4,0,0.1351351351
65,AUD_NZD,0,1,0,0
66,AUD_JPY,0.4285714286,3,0,0.25
67,AUD_USD,0.5,2,0.1777383448,0.375
68,CAD_JPY,0.2857142857,3,0,0.25
69,GBP_USD,0.4375,3,0.1244055275,0.119047619
70,EUR_NZD,0.5833333333,4,0,0.1538461538
71,EUR_JPY,0.5355648536,30,0.5745401715,0.8755186722
72,AUD_CAD,0.2,2,0,0.2222222222
73,EUR_GBP,0.5,1,0,0.8333333333
74,NZD_CAD,0.4090909091,4,0.3773790669,0.1875
75,CAD_CHF,0,1,0,0.0625
76,CAD_JPY,0.5774058577,57,0.7644150211,0.9294605809
77,USD_CAD,0.6666666667,5,0.4415682724,0.6842105263
78,USD_JPY,0.5757575758,47,0.5943667415,0.8630705394
79,EUR_AUD,1,1,0,0.1
80,EUR_GBP,0,0,0,0
81,USD_CAD,0.3684210526,6,0.3850034145,0.2352941176
82,USD_CHF,0.5815899582,50,0.640851515,0.8008298755
83,EUR_USD,0.4545454545,16,0.1514676574,0.6730769231
84,CHF_JPY,0,0,0,0
85,GBP_JPY,0.5169491525,26,0.3573780375,0.6639004149
86,GBP_NZD,0.5125,22,0.4698290325,0.5186721992
87,EUR_CAD,0.2,1,0,0.07692307692
88,NZD_CAD,0,0,0,0
89,CHF_JPY,0.5470852018,37,0.427562571,0.9958506224
90,USD_CAD,0.3888888889,3,0.5287313347,0.1333333333
91,AUD_NZD,0.5085470085,20,0.8025849554,0.3526970954
92,EUR_NZD,0,1,0,0
93,EUR_GBP,0.4897959184,7,0.8555964354,0.7738095238
94,EUR_AUD,1,3,0.5091786932,0.65625
95,NZD_CAD,0.5714285714,4,0.7405753848,0.4473684211
96,AUD_CAD,0.5,6,0.9503076333,0.4864864865
97,GBP_CAD,0,0,0,0
98,AUD_CHF,0.4375,5,0,0.3928571429
99,GBP_CHF,0.5263157895,3,0.9225345143,0.44
100,USD_CAD,0.5176470588,14,0.8210237435,0.8238636364
101,AUD_CHF,0.5,7,0.5287451378,0.4117647059
102,AUD_USD,0,0,0,0
103,NZD_CHF,0.5625,12,0.525742868,0.6883116883
104,AUD_JPY,0.5854700855,26,0.5069275684,0.8215767635
105,GBP_USD,0.536036036,29,0.4624282224,0.9709543568
106,EUR_CAD,0.25,4,0.1942962915,0.25
107,EUR_AUD,0,1,0,0
108,EUR_NZD,0,4,0.6430569168,0.6363636364
109,AUD_USD,0.5291666667,26,0.6040004971,0.6721991701
110,NZD_CAD,0.4795321637,26,0.575525352,0.4857142857
111,EUR_GBP,0,0,0,0
112,GBP_AUD,0.4,2,0,0.1818181818
113,GBP_CHF,0,0,0,0
114,CAD_JPY,0,0,0,0
115,GBP_CAD,1,0,0,0
116,NZD_JPY,0.5330396476,25,0.2540388375,0.8547717842
117,EUR_AUD,0,0,0,0
118,EUR_NZD,0.472972973,8,1.007899628,0.8705882353
119,CAD_CHF,0.5125,22,0.5396478689,0.3858921162
120,CAD_JPY,0.5442477876,39,0.368809869,0.7178423237
121,USD_JPY,1,2,0,0.2857142857
122,AUD_CHF,0.4516129032,5,0.3980968529,0.1956521739
123,GBP_JPY,0.525,32,0.475095136,0.5975103734
124,GBP_CHF,0.5,2,0.6090537715,0.25
125,GBP_CAD,0,1,0,0
126,USD_CAD,0.5,5,0.8455180293,0.6451612903
127,EUR_CHF,0,0,0,0
128,AUD_CAD,0.5714285714,7,1.045297764,0.7173913043
129,NZD_CHF,0.75,2,0.1228697429,0.4444444444
130,NZD_USD,0.5,3,0,0.4444444444
131,EUR_AUD,0.5714285714,3,0,0.1363636364
132,EUR_GBP,0,0,0,0
133,USD_CHF,0,1,0,0
134,GBP_AUD,0.5696202532,31,0.82239269,0.7966804979
135,GBP_NZD,0.5105485232,26,0.7846222147,0.7510373444
136,EUR_CHF,0,0,0,0
137,EUR_GBP,0.4892086331,10,0.6577479657,0.3441558442
138,USD_CAD,0.5384615385,3,0.3656378885,0.2857142857
139,AUD_CAD,0.4358974359,4,0.3789816981,0.1060606061
140,AUD_CHF,0.25,5,1.022859861,0.4411764706
141,NZD_CHF,0.5833333333,3,0,0.28
142,NZD_USD,0.5663716814,8,1.537764366,0.3741007194
143,GBP_CHF,0,1,0,0.1428571429
144,NZD_CHF,0.4520547945,7,0.673452997,0.2717391304
145,USD_CHF,0.5707317073,21,0.664838412,0.7427385892
146,GBP_CAD,0.5279503106,16,0.4925803445,0.6777777778
147,EUR_NZD,0.5,1,0,0.1428571429
148,USD_JPY,0.4958333333,26,0.390734541,0.6929460581
149,AUD_NZD,0,0,0,0
150,EUR_CAD,0,1,0,0.2083333333
151,NZD_CAD,0,2,0,0.1818181818
152,USD_CAD,0.5508474576,32,0.839886265,0.8381742739
153,GBP_USD,0.6666666667,2,0,0.7142857143
154,AUD_CAD,0.484375,9,0.685834717,0.9306930693
155,EUR_CAD,0.5327102804,13,0.456277564,0.5327868852
156,EUR_JPY,0,0,0,0
157,CHF_JPY,0.5128205128,9,0.5923764747,0.74
158,EUR_AUD,0.4742268041,15,0.7166468612,0.8671875
159,EUR_NZD,0.4915254237,8,0.7707023385,0.4285714286
160,GBP_CHF,0.6666666667,2,0,0.5
161,EUR_CHF,0,2,0,0.7142857143
162,AUD_USD,0.75,1,0,0.5714285714
163,GBP_CHF,0.5729166667,14,0.3968548695,0.3737373737
164,NZD_CHF,0.5376344086,19,0.494462051,0.8686868687
165,NZD_CAD,0.4912280702,21,0.683540619,0.5228215768
166,AUD_CHF,0.5263157895,13,0.2974094999,0.85
167,AUD_JPY,0.5,13,0.192282967,0.3375
168,CAD_JPY,0,0,0,0
169,EUR_JPY,0,0,0,0
170,NZD_JPY,0.4605263158,16,0.2425627124,0.8170731707
171,CHF_JPY,0,0,0,0
172,NZD_USD,0.5185185185,9,0.4013052139,0.5833333333
173,GBP_USD,0,0,0,0
174,AUD_NZD,0,1,0,0
175,AUD_USD,0.625,6,0.3073814969,0.4347826087
176,EUR_USD,0.375,3,0.4006543351,0.5263157895
177,EUR_CAD,0.5210084034,11,1.927361408,0.8547717842
178,GBP_AUD,0,2,0.09832177434,0.375
179,GBP_NZD,0.6666666667,2,0,0.2857142857
180,EUR_AUD,0.55,21,0.6911743295,0.8132780083
181,CHF_JPY,0.487804878,12,0.201007368,0.34
182,AUD_CHF,0.4,7,0.4338003951,0.5609756098
183,GBP_CHF,0.4871794872,9,0.5131400054,0.5
184,EUR_GBP,0.4939759036,13,0.578292649,0.2376237624
185,NZD_JPY,0.25,2,0.1164325038,0.3333333333
186,NZD_CHF,0.5609756098,12,0.148524252,0.9807692308
187,NZD_USD,0.5163934426,15,0.3355654979,0.5114503817
188,AUD_JPY,0.4851485149,7,0.3355734331,0.1367521368
189,AUD_USD,0.5094339623,12,0.6087190605,0.5416666667
190,EUR_JPY,0.5050505051,11,0.4055931513,0.3628318584
191,EUR_USD,0.5,15,0.3587647923,0.5348837209
192,GBP_JPY,0.5301724138,18,0.317550678,0.1701244813
193,GBP_USD,0.5107296137,17,0.3179964279,0.1908713693
194,GBP_CAD,0,1,0,0.25
195,EUR_CHF,0.25,2,0.9456742411,0.3333333333
196,USD_CHF,0.5,2,0,0.3076923077
197,AUD_NZD,0.4444444444,5,0.6651214426,0.4166666667
198,CAD_CHF,0.5,4,0.6337606409,0.625
199,NZD_JPY,0.5066666667,14,0.7698424109,0.7325581395
200,AUD_CHF,0,1,0,0.2
201,AUD_CAD,0,0,0,0
202,USD_JPY,0.4,4,0,0.2666666667
203,USD_CHF,0,1,0,0.9473684211
204,EUR_CHF,1,2,0,0.2
205,GBP_CAD,0.5103092784,13,0.373832595,0.356846473
206,GBP_CHF,0.4736842105,17,0.3070970195,0.575
207,GBP_AUD,0,0,0,0
208,CHF_JPY,0.5384615385,3,0.4388234832,0.56
209,GBP_NZD,0,1,0,0.25
210,EUR_CHF,0.5641025641,18,0.234204199,0.6511627907
211,GBP_AUD,0.5061728395,18,0.399745525,0.4545454545
212,GBP_NZD,0.4714285714,12,0.5527489936,0.425
213,CHF_JPY,0.4406779661,10,1.026081223,0.511627907
214,AUD_NZD,0,1,0,0.6666666667
215,NZD_CHF,0,0,0,0
216,EUR_JPY,0,0,0,0
217,NZD_CAD,0.4666666667,6,1.608598719,0.64
218,AUD_CAD,0,0,0,0
219,AUD_CHF,0.5,1,0,0.375
220,EUR_USD,0.5,2,0.8569354935,0.5714285714
221,AUD_JPY,0,1,0,0
222,NZD_JPY,0,0,0,0
223,AUD_USD,0,0,0,0
224,CAD_JPY,0,0,0,0
225,CAD_CHF,0,0,0,0
226,GBP_CHF,0.5276595745,34,0.622210829,0.5020746888
227,AUD_NZD,0.2,0,0,0
228,EUR_NZD,0,2,0.6000933789,0.75
229,USD_JPY,0.5,10,0.5283474547,0.6631578947
230,EUR_NZD,0.3333333333,1,0,0.1666666667
231,USD_CAD,0.3333333333,3,0.5234083211,0.2272727273
232,GBP_NZD,0,0,0,0
233,EUR_AUD,0,0,0,0
234,EUR_NZD,0.5555555556,6,0.4387285759,0.3333333333
235,GBP_NZD,0.5084745763,17,0.8743883503,0.7127659574
236,CAD_JPY,0,0,0,0
237,NZD_JPY,0.4285714286,0,0,0
238,AUD_NZD,0,0,0,0
239,AUD_USD,0,0,0,0
240,AUD_CHF,0.5384615385,8,0.6939313537,0.5384615385
241,AUD_JPY,0,2,0.6897543603,0.6666666667
242,GBP_JPY,0.75,4,0.3105540549,0.7777777778
243,NZD_USD,0.6,3,0.2076520744,0.2666666667
244,NZD_CAD,0,0,0,0
245,EUR_JPY,0.625,5,0,0.4545454545
246,AUD_USD,0.5769230769,8,1.116844744,0.4651162791
247,CHF_JPY,0.5462184874,53,0.657317727,0.755186722
248,EUR_USD,0.5652173913,3,0.4837891711,0.3714285714
249,USD_JPY,0.5875,45,0.675027593,0.9917012448
250,NZD_CAD,0.3333333333,2,0,0.3
251,EUR_NZD,0.488372093,14,0.382294054,0.2527472527
252,AUD_CAD,1,2,0,0.1875
253,GBP_CAD,0.6,3,1.102359853,0.2619047619
254,GBP_JPY,0.75,3,0,0.4
255,NZD_CAD,0.3076923077,4,0.5667477054,0.4
256,NZD_JPY,0.5738396624,38,0.579498811,0.3485477178
257,AUD_JPY,0.5791666667,38,0.468962988,0.3402489627
258,CAD_JPY,0.5708333333,33,0.6324755645,0.3402489627
259,EUR_CHF,1,0,0,0
260,NZD_CHF,0.5308056872,24,0.4152445834,0.2636363636
261,EUR_JPY,0.5596330275,38,0.4151715745,0.2567567568
262,EUR_CAD,0,0,0,0
263,NZD_CAD,0,0,0,0
264,GBP_AUD,0.5,1,0,0.3333333333
265,GBP_CAD,0.4933333333,6,1.033286871,0.5057471264
266,EUR_AUD,0.4,2,0,0.2
267,EUR_CAD,0.4903846154,9,1.016622396,0.7983870968
268,EUR_GBP,0.5630252101,16,1.087531673,0.6343283582
269,USD_CAD,1,0,0,0
270,AUD_NZD,0.42,9,0.8627874501,0.7121212121
271,GBP_AUD,0.4444444444,3,0,0.1739130435
272,AUD_CHF,0.4705882353,8,0.548124838,0.3157894737
273,GBP_CHF,0.6428571429,8,0,0.3076923077
274,GBP_AUD,0.2,2,0.7390847472,0.3333333333
275,EUR_CHF,0,2,0,0.5454545455
276,GBP_JPY,0.7,5,0.4214069905,0.5
277,GBP_USD,0.6,3,0.371440393,0.4615384615
278,CAD_CHF,0,0,0,0
279,EUR_NZD,0.6,3,0,0.3333333333
280,GBP_CHF,0,0,0,0
281,GBP_CHF,0.4772727273,13,0.3012012433,0.4905660377
282,AUD_CAD,0.5454545455,3,0.1967378627,0.375
283,AUD_USD,0.6363636364,4,0.6325993746,0.5
284,GBP_CAD,0.5317460317,15,0.836555404,0.7246376812
285,NZD_USD,0.4117647059,4,0,0.2727272727
286,GBP_AUD,0.5423728814,25,0.4015271506,0.489626556
287,USD_CAD,0.5375,33,0.774350445,0.6929460581
288,EUR_USD,0,0,0,0
289,AUD_CHF,0.5555555556,10,0.2769311746,0.2769230769
290,EUR_CHF,0.6,2,0,0.1
291,NZD_CAD,0.4642857143,7,0,0.2121212121
292,AUD_CAD,0.5,6,0.5422795779,0.7272727273
293,AUD_NZD,0.5166666667,41,0.5379345732,0.8298755187
294,EUR_CHF,0.36,4,0.7701749503,0.3243243243
295,GBP_USD,0.5,3,1.133654004,0.8571428571
296,AUD_CHF,0.5,2,0,0.1052631579
297,NZD_CHF,0.1666666667,2,0,0.08
298,USD_CHF,0.1666666667,2,0,0.2
299,EUR_JPY,0.5291479821,25,0.5834297965,0.6804979253
300,AUD_JPY,0.2857142857,4,0.2345123399,0.25
301,AUD_USD,0,1,0,0.5
302,NZD_JPY,0.5454545455,4,0.1936467748,0.25
303,NZD_USD,0.5,3,0.4395458425,0.35
304,USD_JPY,0.5454545455,33,0.2266995135,0.6141078838
305,EUR_CHF,0.5494505495,6,1.337389064,0.4464285714
306,NZD_CHF,0.5056818182,8,0.2873996948,0.08252427184
307,GBP_NZD,0.5815899582,62,0.513559002,0.9917012448
308,EUR_AUD,0.4615384615,2,0.5113615114,0.5161290323
309,CAD_CHF,0,1,0,0.25
310,EUR_GBP,0.4545454545,2,0.2957648751,0.2777777778
311,AUD_CHF,0.4838709677,9,0.5034240358,0.7470588235
312,NZD_USD,1,1,0,0.75
313,EUR_USD,0.4285714286,3,0,0.3333333333
314,GBP_USD,0.5,2,0,0.2
315,EUR_NZD,0.5287958115,25,0.6875142039,0.8962655602
316,GBP_CHF,0.5541666667,29,0.329960099,0.3817427386
317,EUR_CAD,0.8333333333,3,0.8748357615,0.652173913
318,NZD_CAD,0.6153846154,4,0.4810183456,0.6818181818
319,EUR_CAD,0.5,2,0,0.5
320,GBP_CAD,0.5344827586,11,0.5031223713,0.2608695652
321,NZD_CAD,0.625,3,0.7177912178,0.6818181818
322,NZD_CAD,0.5,2,0,0.1176470588
323,AUD_CAD,0.5,2,0.4159139174,0.3333333333
324,CHF_JPY,0.5272727273,8,0.2061476652,0.4133333333
325,EUR_CAD,0.5,7,0.1858944659,0.36
326,NZD_CAD,0.4285714286,4,0.3134192462,0.2272727273
327,AUD_NZD,0.5127118644,30,0.9170361306,0.5560165975
328,NZD_USD,0,0,0,0
329,AUD_CAD,0.5,5,0.7336092131,0.2954545455
330,NZD_CAD,0.5,4,0.5033639582,0.4375
331,CAD_CHF,0,0,0,0
332,EUR_JPY,0.5555555556,21,0.369862515,0.4733333333
333,CHF_JPY,0.582278481,43,0.4998878,0.9958506224
334,NZD_USD,0.5627705628,35,0.642257257,0.9668049793
335,EUR_GBP,0.7142857143,5,0.6604239952,0.9565217391
336,AUD_JPY,0.6041666667,58,0.3858461965,0.9709543568
337,NZD_CHF,0.5355648536,42,0.3684830347,0.9336099585
338,NZD_CAD,0.5254237288,36,0.804994903,0.6182572614
339,CAD_CHF,0.5,8,0.2096157367,0.3538461538
340,GBP_USD,0.5,8,0.323403214,0.2337662338
341,EUR_AUD,0.5714285714,3,0.4317885456,0.1538461538
342,EUR_CAD,0.3684210526,2,1.159885149,0.2
343,USD_CHF,0,2,0,0
344,EUR_NZD,0,1,0,0.09090909091
345,CAD_JPY,0.6,4,0.7039603069,0.7368421053
346,EUR_CHF,0,1,0,0.3333333333
347,EUR_GBP,0,1,0,0.1666666667
348,GBP_NZD,0,1,0,0.2
349,AUD_CHF,0.5083333333,41,0.56743392,0.77593361
350,CAD_CHF,0.5291666667,28,1.376259121,0.9958506224
351,NZD_JPY,0.5588235294,50,0.40606846,0.601659751
352,EUR_USD,0.375,1,0,0.08333333333
353,GBP_CHF,0.6,2,0.3484548672,0.4545454545
354,USD_JPY,0.6125,53,1.00212165,0.9585062241
355,CAD_JPY,0.6166666667,60,0.4957958913,0.9834024896
356,EUR_CAD,1,1,0,0.625
357,EUR_CHF,0.7142857143,2,0,0.3125
358,GBP_AUD,0,1,0,0
359,GBP_CAD,0,1,0,0.5
360,EUR_AUD,0,0,0,0
361,GBP_JPY,0.4615384615,5,0.179304921,0.4705882353
362,GBP_NZD,0.5,3,0.0455256133,0.3333333333
363,GBP_CHF,0.527173913,16,0.9155696991,0.8340248963
364,EUR_USD,0.4580152672,12,0.4969148,0.6213017751
365,GBP_USD,0.6666666667,0,0,0
366,USD_CAD,0.4285714286,5,0.4073761616,0.4090909091
367,AUD_CAD,0,0,0,0
368,EUR_CAD,0.4705882353,6,0.3124637168,0.1509433962
369,GBP_CAD,0.5625,7,0.3051009151,0.1355932203
370,AUD_USD,0,0,0,0
371,EUR_GBP,0,0,0,0
372,EUR_AUD,0,0,0,0
373,GBP_AUD,0.5,1,0,0.3684210526
374,USD_CAD,0,1,0,0.05
375,EUR_AUD,0.6666666667,3,0,0.3333333333
376,GBP_AUD,0.6470588235,2,0.5491740172,0.1875
377,GBP_USD,0,0,0,0
378,NZD_USD,0,0,0,0
379,AUD_USD,0.6060606061,9,0.261191996,0.5769230769
380,GBP_CAD,0,0,0,0
381,AUD_NZD,0.5254237288,23,0.740010741,0.6265560166
382,USD_CHF,0,0,0,0
383,NZD_CHF,0.4230769231,8,0.3851333283,0.4473684211
384,EUR_NZD,0,0,0,0
385,GBP_CAD,0.4545454545,11,0.1852943263,0.625
386,EUR_AUD,0.5230125523,31,1.517531879,0.6597510373
387,USD_CAD,0.475,48,0.8238897595,0.6721991701
388,GBP_USD,0,0,0,0
389,NZD_USD,0.75,4,0.8228443037,0.8461538462
390,EUR_NZD,0.5208333333,32,0.8684451237,0.5228215768
391,GBP_NZD,0.5083333333,15,1.113228213,0.6058091286
392,GBP_USD,0.4,5,0,0.119047619
393,AUD_CAD,0,0,0,0
394,AUD_CAD,0,0,0,0
395,CAD_JPY,0,0,0,0
396,AUD_CHF,0.5217391304,11,0.9639179796,0.4128440367
397,AUD_USD,0.4,2,0,0.2857142857
398,NZD_CHF,0.4,3,0.1619708777,0.2777777778
399,NZD_USD,0.3333333333,2,0,0.3333333333
400,CAD_CHF,0.55,29,0.461772255,0.3856502242
401,USD_JPY,0.5754716981,27,0.869657535,0.9958506224
402,CHF_JPY,0.4,6,0.5574304976,0.1923076923
403,EUR_JPY,0.435483871,7,0.6697550801,0.7352941176
404,GBP_JPY,0.5,7,0.1908528747,0.1212121212
405,GBP_USD,0,2,0,0.25
406,NZD_JPY,0.4848484848,4,0.2564784036,0.1346153846
407,EUR_USD,0,0,0,0
408,GBP_CAD,0,0,0,0
409,NZD_CAD,0,0,0,0
410,AUD_USD,0.4705882353,6,0.9650876807,0.6842105263
411,NZD_CHF,0.5714285714,6,0.9709232156,0.5909090909
412,GBP_AUD,0.2,3,0.152255177,0.1904761905
413,GBP_USD,0,0,0,0
414,CAD_JPY,0,1,0,0
415,CHF_JPY,0,2,0.14938801,0.5454545455
416,AUD_JPY,0,0,0,0
417,GBP_CAD,0,0,0,0
418,AUD_CAD,0.4709302326,20,0.5967758471,0.4504950495
419,EUR_GBP,0,0,0,0
420,EUR_CHF,0.5272727273,13,0.3128018444,0.7478991597
421,USD_CHF,0.4,4,0.1190232021,0.5
422,GBP_CHF,0.5185185185,19,0.4564731174,0.71
423,EUR_CAD,0.3333333333,1,0,0.5
424,GBP_CAD,0,1,0,0.5
425,NZD_CAD,0.5714285714,2,1.121766275,0.619047619
426,USD_CAD,1,3,0,0.5
427,AUD_USD,0.5263157895,3,0,0.09375
428,NZD_CHF,0.4545454545,7,0.6345104821,0.4375
429,EUR_AUD,0.4897959184,23,0.6835245669,0.5754716981
430,GBP_CAD,0.5,4,1.021562992,0.6
431,GBP_USD,0.2857142857,1,0,0.05263157895
432,AUD_USD,0,1,0,0.1666666667
433,CAD_JPY,0,2,0,0.3333333333
434,AUD_CHF,0,0,0,0
435,AUD_NZD,0,1,0,0.2
436,GBP_CAD,1,3,0,0.5
437,NZD_USD,0.4571428571,6,0.3420639711,0.1428571429
438,EUR_USD,0.5,4,1.189342628,0.5679012346
439,GBP_JPY,0.4942528736,10,0.700493708,0.1020408163
440,AUD_JPY,0.5,5,0.7956128229,0.2769230769
441,AUD_NZD,0.5070422535,27,0.609387055,0.6929460581
442,GBP_CAD,0.4545454545,4,0.2923091128,0.5
443,GBP_CHF,0,0,0,0
444,AUD_CHF,0.3333333333,3,0.5605584139,0.2
445,USD_CHF,0,1,0,0.2352941176
446,EUR_CAD,1,2,0.3266283176,0.5
447,NZD_CAD,0.25,3,0.5830773023,0.6923076923
448,AUD_USD,0.4,2,0.2749277765,0.6
449,EUR_GBP,0.6363636364,4,0,0.25
450,EUR_NZD,0.4,4,0,0.1904761905
451,NZD_JPY,0,1,0,0
452,CAD_JPY,0.8333333333,6,0.1713786159,0.7142857143
453,CHF_JPY,0,0,0,0
454,EUR_JPY,0,0,0,0
455,USD_JPY,0.51,11,0.4644584329,0.4568965517
456,GBP_USD,0.625,3,0.2986868718,0.3333333333
457,EUR_CAD,0,0,0,0
458,NZD_USD,0.5023923445,25,0.8859415019,0.6103896104
459,EUR_CHF,0.4193548387,4,0.838278331,0.6885245902
460,EUR_NZD,0.5263157895,3,1.514464486,0.8636363636
461,EUR_GBP,0.5,8,0.5912025432,0.5714285714
462,NZD_CAD,0.5021834061,22,0.9283639165,0.5477178423
463,GBP_AUD,0,0,0,0
464,CAD_CHF,0.4782608696,3,0.5913194454,0.2972972973
465,USD_CHF,0.5,1,0,0.1428571429
466,USD_CAD,0.5,2,0,0.09090909091
467,NZD_CHF,0.4634146341,6,2.054887426,0.6831683168
468,USD_CHF,0.5,4,1.743061993,0.387755102
469,CAD_CHF,0,0,0,0
470,AUD_CAD,0.4765625,9,0.6011201325,0.375
471,EUR_NZD,0.5,5,0.4571177122,0.24
472,AUD_USD,0.4923076923,9,0.7640594109,0.247311828
473,GBP_USD,0.46875,4,0.3239970104,0.3148148148
474,AUD_CHF,0.4583333333,4,0.355642211,0.3333333333
475,EUR_CHF,0,0,0,0
476,GBP_CHF,0,0,0,0
477,EUR_NZD,0,2,0.1610190115,0.375
478,USD_CHF,0.5625,42,0.4745872495,0.8340248963
479,EUR_USD,0.6363636364,2,0,0.5
480,EUR_GBP,0.525,38,0.767531776,0.6887966805
481,GBP_CAD,0.5,0,0,0
482,EUR_CHF,0.4421052632,15,0.7969637868,0.4660194175
483,GBP_JPY,0.4951456311,13,0.7686960927,0.6818181818
484,GBP_NZD,0.5,6,0.7453017053,0.4081632653
485,GBP_USD,0.5,2,1.196840623,0.8636363636
486,EUR_JPY,0.5791666667,37,0.745754958,0.979253112
487,AUD_CHF,0.4666666667,2,0,0.1428571429
488,CAD_CHF,0.4772727273,3,1.711721471,0.7346938776
489,GBP_CHF,0.5333333333,1,0,0.1428571429
490,NZD_CHF,0.4705882353,4,1.242273887,0.5
491,GBP_AUD,0.5050505051,9,1.137132076,0.6018518519
492,EUR_CAD,0.5172413793,23,0.818358359,0.9253112033
493,EUR_NZD,0.5336134454,39,0.6771369766,0.734439834
494,GBP_CAD,0.4444444444,4,0.2744445736,0.4615384615
495,GBP_CHF,0.4285714286,3,0,0.3571428571
496,GBP_USD,0.5,11,0.8217452954,0.6666666667
497,EUR_USD,0.5,10,0.5891815863,0.3134328358
498,CAD_CHF,0,1,0,0
499,NZD_CHF,0,1,0,0.1111111111
500,USD_CAD,0.525,35,1.001415401,0.5435684647
501,NZD_JPY,0,1,0,0.1428571429
502,NZD_USD,0,1,0,0.2
503,GBP_CAD,0.3333333333,3,0,0.3333333333
504,AUD_JPY,0,0,0,0
505,CAD_JPY,0,0,0,0
506,AUD_CHF,0.6666666667,0,0,0
507,CAD_CHF,0.4,0,0,0
508,EUR_CHF,0,0,0,0
509,GBP_CHF,0,0,0,0
510,NZD_CHF,0,0,0,0
511,GBP_AUD,0.5333333333,17,0.904213129,0.3817427386
512,GBP_NZD,0.4833333333,19,0.957011274,0.3817427386
513,AUD_CAD,0.4333333333,6,0.4273857561,0.25
514,AUD_JPY,0.5777777778,6,0.5919238888,0.4339622642
515,CAD_CHF,0.5,21,0.6621324177,0.7973856209
516,EUR_USD,0,0,0,0
517,NZD_CHF,0.6074766355,44,0.5322358065,0.9751037344
518,NZD_USD,0,0,0,0
519,GBP_JPY,0.5043478261,15,0.544889337,0.3734439834
520,AUD_USD,0,0,0,0
521,GBP_USD,0.5338983051,26,0.863052511,0.9626556017
522,AUD_CHF,0,0,0,0
523,AUD_NZD,0,0,0,0
524,EUR_GBP,0.5214285714,13,0.543596824,0.5151515152
525,AUD_NZD,0,1,0,0
526,GBP_CAD,0.4509803922,9,0.8413046893,0.5692307692
527,CHF_JPY,0.3333333333,1,0,0.02
528,EUR_JPY,0.4857142857,9,0.3189405372,0.6274509804
529,USD_JPY,0.25,2,0,0.125
530,USD_JPY,0.5,6,0.263301457,0.2131147541
531,EUR_AUD,0.4285714286,4,0.6116248461,0.65
532,AUD_NZD,0.5483870968,9,0.8859932627,0.6052631579
533,EUR_NZD,0.5961538462,7,0.7878348408,0.3950617284
534,GBP_CHF,0,1,0,0.3333333333
535,EUR_CAD,0,0,0,0
536,EUR_JPY,0.5769230769,10,0.395000496,0.7419354839
537,EUR_CHF,0,0,0,0
538,CHF_JPY,0.4590163934,5,0.634125533,0.08450704225
539,USD_CHF,0.523255814,8,0.446288551,0.2083333333
540,AUD_CHF,0.5189873418,16,0.376094508,0.3861386139
541,USD_CAD,0.4915254237,11,0.715060922,0.4066390041
542,EUR_JPY,0,0,0,0
543,GBP_NZD,0,0,0,0
544,EUR_NZD,0,0,0,0
545,EUR_AUD,0.5189873418,21,0.570567828,0.3278008299
546,GBP_AUD,0.4690265487,9,0.7563876094,0.6111111111
547,CHF_JPY,0,0,0,0
548,AUD_NZD,0,0,0,0
549,USD_JPY,0.8181818182,9,0.3205492664,0.7333333333
550,CAD_CHF,0.5,5,0.5749167201,0.5
551,USD_CHF,0,0,0,0
552,NZD_CHF,0,1,0,0.3333333333
553,AUD_CAD,0,0,0,0
554,NZD_CAD,0.3333333333,3,0,0.3888888889
555,CAD_CHF,0.5025125628,17,0.7813408789,0.489626556
556,AUD_CHF,0.5555555556,5,0.2704217763,0.6363636364
557,GBP_CAD,0,2,0,0.2857142857
558,NZD_USD,0.4956896552,22,0.702163751,0.7261410788
559,NZD_CAD,0.5882352941,8,1.070718441,0.829787234
560,GBP_NZD,1,3,0,0.3
561,USD_CHF,0,1,0,0.125
562,AUD_CHF,0.525,28,0.530059854,0.4647302905
563,EUR_CHF,0.4843049327,20,0.215397169,0.2614107884
564,CAD_JPY,0,1,0,0
565,EUR_USD,0.5,1,0,0.2222222222
566,EUR_GBP,0.5952380952,12,0.6228526962,0.6923076923
567,EUR_CAD,0.5194805195,22,0.2683100531,0.3195020747
568,GBP_CAD,0.5042735043,22,0.30761554,0.4230769231
569,GBP_USD,0,0,0,0
570,NZD_CAD,0.5316455696,10,0.2999114186,0.2448979592
571,GBP_CHF,0.4918032787,13,0.479308128,0.8309859155
572,USD_CHF,0,2,0,0.5
573,EUR_NZD,0.5067264574,26,0.5575689015,0.9336099585
574,GBP_NZD,0.6,8,0,0.3076923077
575,AUD_CAD,0.5079365079,13,0.4841234803,0.3913043478
576,GBP_USD,0.5185185185,4,0.1748310311,0.2093023256
577,GBP_AUD,0.5022421525,37,0.7027425894,0.9958506224
578,EUR_GBP,0.5105263158,13,0.4903370482,0.1384615385
579,EUR_JPY,0.3333333333,3,0,0.1363636364
580,AUD_USD,0.4375,6,0.2926911854,0.4210526316
581,NZD_JPY,0,1,0,0.125
582,GBP_JPY,0,1,0,0
583,NZD_CHF,0.5,8,0.3914188991,0.5
584,GBP_CHF,1,3,0,0.2
585,AUD_NZD,0.5050505051,11,1.093755042,0.6095238095
586,CAD_JPY,0.5098039216,18,0.651111381,0.6474358974
587,NZD_CAD,0.3684210526,7,0.5446479328,0.4666666667
588,NZD_CHF,0.7142857143,2,0,0.0487804878
589,EUR_USD,1,3,0,0.6111111111
590,USD_CHF,0.5,21,0.366686062,0.6371681416
591,AUD_USD,0.75,3,0,0.2727272727
592,GBP_CHF,0.5217391304,15,0.5994660815,0.5
593,NZD_CAD,0.4090909091,3,0.4005075718,0.6279069767
594,GBP_USD,0.5,6,0.2981152477,0.2179487179
595,NZD_CHF,0.45,13,0.4325129062,0.6533333333
596,EUR_USD,0.375,2,0.3584366831,0.16
597,CHF_JPY,0.5641025641,12,0.615312244,0.7654320988
598,EUR_JPY,0.6,12,0.503010311,0.3676470588
599,AUD_CHF,0.4545454545,8,0.3505133011,0.2903225806
600,NZD_USD,0.6666666667,2,0,0.5714285714
601,AUD_JPY,0,0,0,0
602,CAD_CHF,0.6,3,0.3553702027,0.6
603,AUD_NZD,0.4285714286,3,0.5710055343,0.5652173913
604,AUD_USD,0.5217391304,17,0.9930635282,0.6763485477
605,GBP_JPY,0.4285714286,3,0,0.625
606,AUD_CHF,0.4897959184,14,0.454664438,0.2966101695
607,AUD_JPY,0,1,0,0.3333333333
608,CAD_CHF,0,0,0,0
609,EUR_CHF,0,0,0,0
610,NZD_CHF,0.4913793103,10,0.559851417,0.2076923077
611,NZD_JPY,0.5454545455,3,0.6564924958,0.5
612,USD_JPY,0,0,0,0
613,GBP_JPY,0.5502183406,29,0.395967367,0.8340248963
614,GBP_CAD,0.5426008969,24,0.5472366841,0.8547717842
615,USD_CAD,0.375,7,0.4325581341,0.5945945946
616,AUD_CAD,0.5,4,0.5076137808,0.25
617,AUD_NZD,0.475,11,0.6499952251,0.8
618,CHF_JPY,0.5439330544,51,0.414012009,0.6639004149
619,AUD_CAD,0.4,1,0,0.4545454545
620,EUR_CAD,0.3333333333,1,0,0.1111111111
621,USD_CAD,0.4736842105,11,0.3908809687,0.5957446809
622,AUD_JPY,0.5427350427,28,0.286704239,0.4605809129
623,CAD_CHF,0,0,0,0
624,USD_CHF,0.25,3,0.5272658163,0.5862068966
625,USD_JPY,0.5504201681,46,0.4350989875,0.9585062241
626,AUD_CAD,0.4838709677,10,1.216064082,0.6020408163
627,GBP_CHF,0,1,0,0
628,NZD_CAD,0.25,2,0,0.125
629,NZD_USD,0.5,2,0,0.125
630,EUR_CHF,1,3,0,0.6
631,USD_CAD,0.5338983051,21,0.6275642075,0.244813278
632,EUR_AUD,0.48,26,0.3836547251,0.4204545455
633,CAD_CHF,0,0,0,0
634,EUR_CHF,0,4,0.356646568,0.75
635,CAD_JPY,0.5,4,0,0.4166666667
636,GBP_USD,0.5086206897,19,0.753041359,0.5507246377
637,NZD_CHF,0.5021834061,26,0.688972307,0.3112033195
638,AUD_CHF,0,0,0,0
639,NZD_JPY,0.5714285714,39,0.3573102,0.9253112033
640,CAD_CHF,0.4,6,0.7299432699,0.724137931
641,USD_CHF,0.5,5,1.1292159,0.7333333333
642,EUR_GBP,0,1,0,0
643,AUD_NZD,0.3,5,0.6108624165,0.3333333333
644,EUR_CAD,0.4615384615,9,0.166830361,0.6296296296
645,EUR_GBP,0.5,1,0,0.1
646,EUR_USD,0.7142857143,4,0,0.2941176471
647,EUR_CAD,0.5625,3,0.4689937564,0.4166666667
648,EUR_GBP,0.4285714286,0,0,0
649,CAD_JPY,0.5606694561,57,0.599374192,0.8132780083
650,AUD_CHF,0.5652173913,5,0.5305707558,0.5909090909
651,EUR_CAD,0.5,3,0,0.2727272727
652,GBP_CAD,0.3333333333,1,0,0.1666666667
653,EUR_NZD,0.25,2,0,0.2
654,AUD_NZD,0.6666666667,1,0,0.09090909091
655,AUD_CAD,0.6,5,0,0.2083333333
656,EUR_CHF,0,0,0,0
657,USD_CHF,0.4905660377,12,0.5654477875,0.3853211009
658,EUR_USD,0,0,0,0
659,NZD_CAD,0,1,0,0
660,EUR_AUD,0.3846153846,5,0.7262461345,0.4736842105
661,EUR_CHF,0.5359116022,15,0.464856496,0.5502645503
662,AUD_CAD,0,0,0,0
663,EUR_GBP,0.5161290323,10,0.1330039465,0.3055555556
664,GBP_AUD,1,2,0,0.6666666667
665,GBP_JPY,0.4957983193,39,0.4104725138,0.5145228216
666,EUR_JPY,0.5375,39,0.4739510081,0.7925311203
667,GBP_CAD,0.5416666667,29,0.461191253,0.6639004149
668,NZD_CAD,0.4578313253,12,0.4571229236,0.2916666667
669,EUR_GBP,0.5,8,3.181060845,0.5813953488
670,EUR_AUD,0.5371179039,37,0.5931691735,0.9834024896
671,EUR_NZD,0,0,0,0
672,USD_CAD,0.45,5,0.600738948,0.2564102564
673,NZD_CHF,0,3,0.7440815407,0.6315789474
674,AUD_CAD,1,2,0,0.3333333333
675,AUD_CHF,1,2,0,0.2222222222
676,AUD_USD,0.5,4,0.4559239183,0.5333333333
677,GBP_USD,0.625,3,0.3587828465,0.1666666667
678,GBP_CHF,0,0,0,0
679,USD_CHF,0.4833333333,6,1.083658525,0.5294117647
680,AUD_NZD,0,0,0,0
681,AUD_CAD,0.4890510949,21,0.5143129162,0.46875
682,AUD_NZD,0.4615384615,1,0,0.3076923077
683,AUD_USD,0.5111111111,22,0.5726219634,0.4563758389
684,GBP_USD,0.5109170306,24,0.6062395547,0.2821576763
685,NZD_USD,0.4969325153,25,0.798569164,0.3567567568
686,CAD_CHF,0.6470588235,3,0.346962191,0.1612903226
687,CHF_JPY,0.5,2,0,0.3333333333
688,AUD_CHF,0.6666666667,2,0,0.1428571429
689,AUD_JPY,0.6666666667,2,0,0.4285714286
690,AUD_NZD,0.4978165939,19,1.014583487,0.2614107884
691,USD_JPY,0,0,0,0
692,CAD_CHF,0.5,1,0,0.1666666667
693,NZD_CHF,0,0,0,0
694,NZD_JPY,0,0,0,0
695,GBP_CHF,0,2,0,0.3636363636
696,USD_CAD,0,1,0,0.25
697,AUD_CHF,0.5454545455,4,0,0.25
698,CHF_JPY,0.5333333333,35,0.908533249,0.8713692946
699,NZD_CAD,0.40625,8,0.690208489,0.3170731707
700,CAD_JPY,0.5,0,0,0
701,AUD_JPY,0.4375,6,0.6947423495,0.6279069767
702,NZD_JPY,0.5,7,0.7233077289,0.6511627907
703,NZD_CHF,0,3,0.1735874045,0.6875
704,EUR_USD,0,0,0,0
705,GBP_CHF,0.5508474576,16,0.9769168599,0.5477178423
706,EUR_CHF,0.5384615385,3,0,0.1363636364
707,GBP_NZD,0.5291666667,39,0.520131257,0.5477178423
708,EUR_CAD,1,2,0,0.4
709,EUR_CHF,0,1,0,0
710,CAD_CHF,0.5,4,0.7228283638,0.1666666667
711,AUD_CHF,0.4285714286,4,0.1138154575,0.375
712,NZD_CHF,0.3636363636,3,0.1383930778,0.1904761905
713,CAD_JPY,0,1,0,0.1428571429
714,EUR_JPY,0.5361702128,20,0.5600553768,0.4730290456
715,NZD_JPY,0.4516129032,8,0.8084284663,0.4202898551
716,NZD_CHF,0,1,0,0.25
717,EUR_GBP,0.5,8,0.2274939661,0.34375
718,EUR_CAD,0.5333333333,4,0.7342029827,0.5576923077
719,EUR_USD,0,3,0,0
720,GBP_CAD,0.5154639175,14,0.579519821,0.3113207547
721,NZD_USD,1,2,0,0.2142857143
722,NZD_CHF,1,2,0.9736960675,0.5384615385
723,AUD_USD,0,0,0,0
724,EUR_CHF,0,0,0,0
725,AUD_JPY,0.5106382979,27,0.5295941776,0.7468879668
726,CAD_JPY,0.4545454545,3,0,0.3
727,USD_JPY,0.568627451,7,0.338784706,0.6724137931
728,EUR_GBP,0.5230125523,28,0.928640431,0.6058091286
729,EUR_AUD,0,0,0,0
730,EUR_NZD,0.619047619,8,0.4734368114,0.8292682927
731,GBP_AUD,0,0,0,0
732,CAD_CHF,0.5244444444,43,0.498032629,0.6348547718
733,EUR_USD,0.4594594595,5,0.7698823966,0.4418604651
734,NZD_USD,0.3823529412,6,1.143485862,0.6976744186
735,NZD_CAD,0.4516129032,8,1.110395326,0.5416666667
736,NZD_CHF,0.4906542056,42,0.389162909,0.6186440678
737,GBP_AUD,0,0,0,0
738,USD_CHF,0.5042016807,39,0.453767943,0.5933609959
739,EUR_CHF,0.5448717949,17,1.015952088,0.5639534884
740,AUD_USD,0.4639175258,11,0.5501839083,0.5593220339
741,CHF_JPY,0,0,0,0
742,GBP_JPY,0.5238095238,4,0.4311950854,0.2653061224
743,USD_JPY,0.5625,32,0.375726523,0.9045643154
744,GBP_CAD,0,0,0,0
745,NZD_CAD,0.2857142857,6,0,0.2727272727
746,EUR_NZD,0,0,0,0
747,EUR_CAD,0.5,5,0.4851414007,0.5882352941
748,GBP_CAD,1,3,0,0.2727272727
749,EUR_NZD,0,0,0,0
750,EUR_USD,0.3636363636,2,0,0.1333333333
751,AUD_CAD,0.5384615385,3,0,0.24
752,CHF_JPY,1,2,0,0.1904761905
753,AUD_NZD,0.5,1,0,0.3333333333
754,GBP_AUD,0.625,5,0,0.375
755,GBP_NZD,0.5,4,0.1575691342,0.375
756,GBP_CAD,0.5230125523,38,0.84675485,0.9543568465
757,NZD_CAD,0.5198237885,31,0.564861629,0.9502074689
758,AUD_NZD,0,0,0,0
759,GBP_CHF,0.4814814815,4,0.5538654492,0.1666666667
760,GBP_JPY,0,2,0.1990283362,0
761,AUD_USD,0.5294117647,31,0.5803690055,0.9875518672
762,CAD_JPY,0,1,0,0
763,GBP_USD,0.547826087,32,0.521465989,0.9834024896
764,EUR_NZD,0.5086206897,35,0.32171213,0.6265560166
765,AUD_NZD,0.5062761506,37,0.371412077,0.3941908714
766,NZD_USD,0.5,2,0.211899055,0.5833333333
767,GBP_CHF,0.5,1,0,0.09090909091
768,CAD_JPY,0.4285714286,3,0,0.075
769,GBP_JPY,0.5,27,1.001912974,0.7629310345
770,GBP_AUD,0.4615384615,9,0.357930759,0.724137931
771,CAD_CHF,0.5053763441,11,0.661105827,0.5169491525
772,NZD_USD,0.5,5,0.2097008315,0.3684210526
773,EUR_USD,0.5064377682,25,0.6445464952,0.5809128631
774,EUR_JPY,0.5555555556,27,0.306137182,0.4583333333
775,EUR_GBP,0.5,21,0.4580567278,0.4579439252
776,AUD_JPY,0.4774774775,10,0.8694162123,0.2769230769
777,AUD_CHF,1,3,0,0.3
778,NZD_CHF,0.5,3,0,0.1428571429
779,NZD_USD,1,3,0,0.2
780,AUD_CAD,0.5041666667,25,0.932134277,0.7966804979
781,NZD_JPY,0.51,11,0.8204004465,0.7407407407
782,USD_CHF,0,3,0.253425983,0.3529411765
783,EUR_AUD,0.5,6,0.5255289544,0.2127659574
784,GBP_NZD,0.4615384615,6,0.7132714473,0.1578947368
785,USD_JPY,0.5,2,0.3064684406,0.3636363636
786,GBP_CHF,0.4583333333,22,0.3344421896,0.5795454545
787,CAD_JPY,0,0,0,0
788,EUR_CHF,0.5,5,0.3138214546,0.4137931034
789,USD_CAD,0.4,1,0,0.5
790,EUR_AUD,0.2857142857,1,0,0.4666666667
791,AUD_CHF,0.5,6,0.1842676825,0.4666666667
792,CAD_CHF,0.5632183908,7,1.813644105,0.6055045872
793,GBP_CAD,0,2,0,0.5
794,EUR_CHF,0.5,1,0,0.05882352941
795,USD_CHF,0.5106382979,6,0.5601268716,0.5192307692
796,AUD_CHF,0,0,0,0
797,NZD_CHF,0,1,0,0.2
798,EUR_NZD,0.5357142857,9,0.9837438622,0.6166666667
799,AUD_NZD,0.5,21,1.063137009,0.7883817427
800,AUD_JPY,0,0,0,0
801,EUR_CHF,0.4375,8,0.9461152086,0.4545454545
802,AUD_CHF,0.5254237288,6,0,0.1111111111
803,GBP_NZD,0,0,0,0
804,AUD_JPY,0.5219298246,11,1.543394559,0.622406639
805,NZD_JPY,0.5240174672,19,0.5656761954,0.9875518672
806,EUR_CAD,0.525974026,11,0.6831351937,0.8926553672
807,GBP_CAD,0.5,3,0.6462925525,0.5333333333
808,USD_JPY,0.5454545455,2,0.326759383,0.6
809,USD_CHF,0,1,0,0.3076923077
810,NZD_CHF,0,1,0,0.2
811,GBP_CAD,0.5063291139,22,0.718686994,0.5020746888
812,EUR_AUD,0.4723404255,17,0.6012683771,0.3651452282
813,GBP_AUD,0.5107296137,30,0.6149240021,0.8298755187
814,USD_CAD,0.5084745763,27,1.005539302,0.8215767635
815,EUR_CHF,0,0,0,0
816,GBP_CHF,0.5338983051,37,0.342387379,0.7925311203
817,USD_JPY,0.5630252101,40,0.469753932,0.7966804979
818,EUR_JPY,0.5818965517,38,0.390692543,0.9834024896
819,GBP_USD,0.496124031,13,0.5692274885,0.3286713287
820,AUD_USD,0.6666666667,2,0,0.2727272727
821,EUR_GBP,0.3333333333,3,0,0.1764705882
822,NZD_CHF,0.5,5,0.8286321749,0.3333333333
823,EUR_USD,0.5,1,0,0.5348837209
824,CAD_CHF,0.5272727273,30,0.472031589,0.6556016598
825,CAD_JPY,0.5541666667,34,0.3781391625,0.8132780083
826,AUD_CHF,0,0,0,0
827,AUD_CAD,0,0,0,0
828,EUR_GBP,0,0,0,0
829,EUR_USD,0.4642857143,8,1.098118282,0.725
830,NZD_CAD,0.5,1,0,0.07142857143
831,EUR_GBP,0.75,1,0,0.7692307692
832,GBP_JPY,0.6153846154,5,0.5600315389,0.3666666667
833,EUR_GBP,0.5593220339,5,1.668747679,0.4492753623
834,EUR_NZD,0,0,0,0
835,EUR_CHF,0.6098654709,54,0.424837363,0.9958506224
836,AUD_CHF,0,0,0,0
837,CHF_JPY,0.5473684211,6,1.995040363,0.6180555556
838,NZD_CAD,0.6666666667,3,0.119263191,0.5
839,AUD_CAD,0.4755555556,14,0.4256477577,0.6058091286
840,NZD_CHF,0.5291666667,30,0.5212004493,0.3526970954
841,NZD_USD,0.5108695652,20,0.581188505,0.3712871287
842,EUR_CAD,0.546728972,19,0.6394815337,0.5062240664
843,EUR_NZD,0.75,4,0,0.6
844,AUD_NZD,0.5714285714,12,0.8671450221,0.5172413793
845,EUR_GBP,0.462962963,7,0.5911133487,0.4915254237
846,AUD_CHF,0,1,0,0.1428571429
847,AUD_USD,0,0,0,0
848,NZD_JPY,1,3,0,0.8
849,EUR_JPY,0,0,0,0
850,USD_JPY,0.5,4,0.063233171,0.2272727273
851,NZD_CAD,0.46,10,0.7080941793,0.5
852,GBP_USD,0.5357142857,13,0.4987964849,0.3181818182
853,USD_CAD,0.4833333333,33,0.8083301837,0.6763485477
854,CAD_CHF,0.5570175439,26,0.69915206,0.4564315353
855,EUR_GBP,0.4875,19,0.574301124,0.77593361
856,EUR_JPY,0.5914893617,38,0.371184546,0.867219917
857,AUD_CHF,0.4802631579,18,1.61339658,0.7228915663
858,NZD_JPY,0.5094339623,13,0.3824592771,0.3333333333
859,AUD_USD,0.4871794872,6,0.381108496,0.1818181818
860,EUR_USD,0.5384615385,7,0.5151692354,0.5882352941
861,GBP_CAD,0,0,0,0
862,NZD_CAD,0,0,0,0
863,AUD_JPY,0.5326086957,14,0.5584024192,0.5106382979
864,EUR_USD,0,0,0,0
865,GBP_USD,0,0,0,0
866,NZD_USD,0.4285714286,2,0.3236150893,0.6153846154
867,GBP_CHF,0.5344827586,7,0.3842554386,0.164556962
868,GBP_AUD,0,0,0,0
869,GBP_NZD,0,2,0,0.25
870,USD_CHF,0.5147679325,16,1.24384739,0.4522821577
871,CAD_JPY,0.64,10,0.3139764344,0.724137931
872,EUR_NZD,0.4,3,0,0.3076923077
873,GBP_CAD,0.5384615385,5,0.2090277424,0.5675675676
874,EUR_USD,0,0,0,0
875,CAD_JPY,0.575,31,0.4101964815,0.2572614108
876,EUR_CAD,0.3571428571,2,0,0.3142857143
877,EUR_CHF,0.4444444444,2,0,0.07407407407
878,GBP_JPY,0.5857740586,27,0.612687513,0.8049792531
879,AUD_NZD,0.4285714286,1,0,0.08333333333
880,GBP_USD,0.5,2,0.8100039344,0.5238095238
881,AUD_CAD,0,3,0.1798653329,0.4
882,NZD_CHF,0.3333333333,6,0.2009559698,0.7333333333
883,NZD_USD,0.4,4,0.3160747333,0.5384615385
884,GBP_AUD,0,0,0,0
885,GBP_USD,0.4875,30,0.40849244,0.9170124481
886,CHF_JPY,0.6333333333,11,0.2505815194,0.46875
887,EUR_NZD,0,1,0,0
888,NZD_CHF,0.5219298246,31,0.479613982,0.489626556
889,EUR_AUD,0.5153846154,12,1.150123216,0.8922155689
890,EUR_NZD,0.4615384615,4,0.6644355898,0.3404255319
891,GBP_CHF,0.5466666667,33,0.1385412475,0.5224719101
892,GBP_NZD,0,0,0,0
893,GBP_CAD,0,0,0,0
894,EUR_CHF,0.5263157895,25,0.4907378,0.6224489796
895,CAD_CHF,0.53125,15,0.616846338,0.5866666667
896,AUD_NZD,0.5714285714,3,0,0.1875
897,EUR_NZD,0.7272727273,3,0.4074306562,0.4615384615
898,EUR_GBP,0,2,0,0.25
899,EUR_USD,0,1,0,0.3333333333
900,AUD_NZD,0.5714285714,4,1.074662608,0.6904761905
901,EUR_NZD,0.4705882353,9,0.2973750204,0.5333333333
902,AUD_USD,0.4857142857,5,0.4247335898,0.3846153846
903,NZD_USD,0.5283018868,10,0.8210965065,0.474137931
904,AUD_CHF,0.75,2,0,0.3571428571
905,USD_JPY,0.4,4,0.4469486051,0.6666666667
906,NZD_CAD,0.4761904762,17,0.36836468,0.5
907,EUR_CAD,0.5853658537,7,0.628334137,0.3333333333
908,GBP_CAD,0.4868421053,10,0.740273909,0.5581395349
909,USD_CHF,0.4509803922,9,0.2999939195,0.4745762712
910,CAD_CHF,0.5,0,0,0
911,EUR_CAD,0.4375,4,0.3560420681,0.4615384615
912,EUR_GBP,0.5,14,0.4308629274,0.5289256198
913,CAD_CHF,1,4,0.2244276567,0.4545454545
914,GBP_JPY,0.5609756098,49,0.1997857598,0.6666666667
915,GBP_CHF,0.6666666667,3,0,0.3333333333
916,AUD_CAD,0.4713375796,21,0.340681325,0.7245508982
917,GBP_AUD,0,0,0,0
918,USD_CAD,0.5,2,0,0.3
919,USD_CAD,0.5142857143,9,0.6630016503,0.6428571429
920,AUD_NZD,0.5062761506,30,0.656254098,0.3692946058
921,EUR_USD,0.5672268908,42,0.87293176,0.9958506224
922,USD_JPY,0.5,5,0.1996979112,0.7916666667
923,EUR_AUD,0.5550660793,40,0.4823649342,0.5020746888
924,GBP_NZD,0.539748954,43,0.30784369,0.3858921162
925,AUD_JPY,0.5,1,0,0.25
926,CHF_JPY,0,1,0,0.25
927,CAD_CHF,0,0,0,0
928,EUR_GBP,0.5063291139,24,0.793406,0.4564315353
929,NZD_CHF,1,0,0,0
930,AUD_CHF,0,0,0,0
931,NZD_CAD,0.3333333333,2,0,0.1538461538
932,NZD_JPY,0,0,0,0
933,EUR_CHF,0.5,8,0.4338105231,0.7037037037
934,GBP_CHF,0.4615384615,6,0.6341763623,0.7777777778
935,USD_CHF,0.5,10,0.3890887723,0.6363636364
936,GBP_CAD,0.4893617021,8,0.7614248301,0.3396226415
937,NZD_CHF,0,0,0,0
938,AUD_JPY,0,0,0,0
939,CAD_JPY,0,0,0,0
940,CHF_JPY,0,0,0,0
941,EUR_JPY,0,0,0,0
942,GBP_USD,0,1,0,0.1428571429
943,USD_JPY,0,0,0,0
944,NZD_JPY,0.5789473684,4,0.80737619,0.7083333333
945,AUD_CAD,0.5263157895,5,0.4618030123,0.7272727273
946,EUR_CHF,0.5294117647,5,0.2435219998,0.64
947,NZD_USD,0.5416666667,43,0.8863764575,0.5601659751
948,CAD_JPY,0,0,0,0
949,CHF_JPY,0,0,0,0
950,EUR_JPY,0,0,0,0
951,GBP_JPY,0,0,0,0
952,USD_JPY,0,0,0,0
953,CAD_CHF,0,0,0,0
954,GBP_CHF,0,0,0,0
955,USD_CHF,0,0,0,0
956,EUR_NZD,0,1,0,0.2
957,AUD_JPY,0,1,0,0.125
958,GBP_CAD,0.4,2,0,0.3529411765
959,GBP_USD,0,0,0,0
960,EUR_CAD,0.518018018,9,0.2804279169,0.04564315353
961,EUR_CHF,0,1,0,0
962,GBP_AUD,0.5833333333,5,0,0.3571428571
963,NZD_CAD,0.4893617021,34,0.635962899,0.8091286307
964,USD_CAD,0,0,0,0
965,USD_JPY,0.5,2,0.3059706749,0.1666666667
966,USD_CHF,0.6666666667,4,0.2860792214,0.5263157895
967,CAD_CHF,0.4893617021,8,0.5435513052,0.6290322581
968,NZD_CHF,0.4838709677,11,0.340860119,0.5
969,AUD_NZD,0.25,3,0,0.2727272727
970,EUR_NZD,0,0,0,0
971,GBP_CHF,0,0,0,0
972,EUR_USD,0.5217391304,7,0.4490073298,0.4285714286
973,USD_CHF,0,2,0.2674541429,0
974,CHF_JPY,0,3,0.3899593567,0.6
975,EUR_JPY,0,1,0,0.1666666667
976,CAD_CHF,0,0,0,0
977,EUR_CHF,0.2857142857,2,0,0.1428571429
978,AUD_USD,0.4971428571,31,0.506974086,0.40625
979,USD_CHF,1,1,0,0.5
980,EUR_GBP,0,0,0,0
981,GBP_NZD,0,1,0,0.3333333333
982,USD_CAD,0,1,0,0.3333333333
983,AUD_NZD,0.3333333333,1,0,0.04
984,GBP_CAD,0.45,7,0.4365455189,0.4642857143
985,EUR_CHF,0.3333333333,2,0,0.2
986,CHF_JPY,0.5416666667,34,0.43093144,0.5643153527
987,EUR_JPY,0.5236051502,26,0.504694843,0.5643153527
988,GBP_JPY,0.5508474576,27,0.6181514335,0.5518672199
989,USD_JPY,0.5291666667,50,0.416065872,0.8340248963
990,GBP_AUD,0.547008547,25,0.3567849841,0.5020746888
991,NZD_USD,0.5,1,0,0.1111111111
992,NZD_CHF,0.5,0,0,0
993,EUR_USD,0,0,0,0
994,AUD_CAD,0,0,0,0
995,EUR_CAD,0.5570469799,22,0.406864078,0.7857142857
996,NZD_USD,0,0,0,0
997,AUD_JPY,0.478021978,15,0.3478611892,0.6308411215
998,EUR_USD,0,0,0,0
999,GBP_USD,0,3,0,0.7826086957
1000,CAD_JPY,0.518134715,25,0.7099031838,0.8066037736
1001,CAD_CHF,0.4647887324,9,0.7841014602,0.2808988764
1002,AUD_NZD,0,1,0,0
1003,EUR_NZD,0,0,0,0
1004,EUR_GBP,0,0,0,0
1005,AUD_CAD,0.4782608696,8,0.1535056842,0.2790697674
1006,EUR_AUD,0.4855072464,22,0.26732553,0.3783783784
1007,GBP_CHF,0.4782608696,6,1.644184593,0.7142857143
1008,GBP_NZD,0.5281385281,26,0.374018964,0.9958506224
1009,GBP_USD,0.3333333333,3,0,0.4285714286
1010,NZD_USD,0.5714285714,3,0,0.2142857143
1011,AUD_NZD,0.7142857143,1,0,0.6470588235
1012,AUD_CAD,0.5172413793,7,1.111851883,0.8571428571
1013,NZD_CAD,0.4137931034,4,1.132563172,0.6060606061
1014,CAD_CHF,0.512605042,18,0.6453219243,0.3858921162
1015,USD_CAD,0.5446808511,32,0.480300758,0.7676348548
1016,EUR_CHF,0.3333333333,4,0.4048931933,0.28
1017,GBP_USD,0.1818181818,5,0.3175928796,0.2916666667
1018,EUR_GBP,0.4912280702,12,0.469913374,0.2698412698
1019,EUR_CAD,0.75,4,0,0.3636363636
1020,EUR_USD,0.5555555556,3,0.8664818866,0.6451612903
1021,GBP_CAD,0.5333333333,2,0,0.1379310345
1022,NZD_JPY,0.5238095238,7,0.5303035254,0.3783783784
1023,AUD_CHF,0.59375,11,0.4422151718,0.6041666667
1024,EUR_CHF,0.3333333333,3,0,0.375
1025,GBP_CHF,0,0,0,0
1026,NZD_CHF,0.5,5,0.6178934945,0.44
1027,AUD_JPY,0.2,3,0.3053892044,0.3333333333
1028,CAD_JPY,0,2,0.6802064109,0.5
1029,USD_JPY,0.5,3,0.6582955082,0.3076923077
1030,CHF_JPY,0,0,0,0
1031,NZD_JPY,0,0,0,0
1032,AUD_CAD,0.6666666667,4,0.1703058181,0.7777777778
1033,EUR_JPY,0.5333333333,27,0.348386176,0.4564315353
1034,GBP_JPY,0.5125,22,0.5665849076,0.4564315353
1035,NZD_CHF,0.5,3,0,0.3
1036,USD_CHF,0,1,0,0
1037,NZD_CAD,0.75,3,0.09197096875,0.6153846154
1038,AUD_NZD,0.5020920502,15,1.045511829,0.6804979253
1039,AUD_CAD,0.625,3,0.6663297826,0.6086956522
1040,AUD_USD,0.5434782609,5,1.247012267,0.7906976744
1041,CAD_JPY,0.450867052,6,0.997512247,0.4022346369
1042,NZD_CAD,0.4285714286,4,0.3617226277,0.4705882353
1043,EUR_CHF,0.5166666667,21,0.4813219185,0.5975103734
1044,GBP_CHF,0.5128205128,12,0.3180568314,0.7386363636
1045,NZD_CHF,0.5708333333,23,0.7800074381,0.5892116183
1046,USD_CHF,0.5,16,0.449730953,0.3609958506
1047,AUD_CHF,0.5504201681,24,0.899280571,0.9626556017
1048,EUR_USD,0.6666666667,3,0,0.5
1049,AUD_CAD,0,1,0,0.1428571429
1050,AUD_JPY,0.4871794872,10,0.5843591305,0.5208333333
1051,CHF_JPY,0.4642857143,7,0.2747887079,0.4888888889
1052,NZD_JPY,0.5517241379,8,0.647371494,0.5333333333
1053,USD_JPY,0.5084745763,8,0.8213607591,0.6615384615
1054,EUR_CAD,1,1,0,0.25
1055,GBP_NZD,0.5,5,0.3847558082,0.4285714286
1056,USD_CAD,0.6341463415,9,0.4642181772,0.9166666667
1057,GBP_AUD,0.6,3,0.3876355177,0.4545454545
1058,GBP_NZD,0,1,0,0.4
1059,EUR_NZD,0.4179104478,9,1.197894142,0.5
1060,GBP_CHF,0.5391304348,25,1.020882384,0.887966805
1061,CHF_JPY,0.5238095238,10,0.079763093,0.4677419355
1062,NZD_USD,0.5762711864,10,0.772192457,0.4677419355
1063,CAD_CHF,0,2,0,0.5
1064,NZD_JPY,0,0,0,0
1065,AUD_CAD,0.6363636364,2,1.445792922,0.4210526316
1066,EUR_CAD,0,1,0,0
1067,NZD_CAD,0.5,2,1.299701624,0.5714285714
1068,CHF_JPY,0,0,0,0
1069,EUR_AUD,0,0,0,0
1070,GBP_JPY,0.4545454545,3,0.3685151812,0.2222222222
1071,EUR_JPY,0.4,3,0.2319586705,0.2777777778
1072,GBP_CAD,1,1,0,0.3636363636
1073,CHF_JPY,1,2,0,0.5
1074,EUR_JPY,0.5,2,0,0.5
1075,GBP_JPY,0.4824561404,20,0.965131539,0.8630705394
1076,USD_JPY,0.4782608696,10,0.635764581,0.3818181818
1077,AUD_JPY,0.435483871,7,0.4053179422,0.2142857143
1078,CAD_JPY,0.5,11,0.3544555683,0.3050847458
1079,EUR_AUD,0.5398230088,44,0.773619603,0.9668049793
1080,GBP_AUD,0.5630252101,45,0.9435018855,0.9668049793
1081,GBP_CAD,0.5333333333,39,0.56557662,0.5020746888
1082,GBP_USD,0.4958333333,51,0.56846653,0.9211618257
1083,CAD_CHF,0.4545454545,6,0.1594950622,0.4482758621
1084,AUD_NZD,0.5294117647,2,0.3028453073,0.2083333333
1085,EUR_USD,0.5,8,1.096417192,0.7692307692
1086,EUR_JPY,0.6,4,0,0.1212121212
1087,AUD_USD,0,2,0,0
1088,AUD_CHF,0,3,0,0.5714285714
1089,NZD_CHF,0,3,0,0.5714285714
1090,AUD_JPY,0.625,3,0.5111551786,0.4666666667
1091,CAD_JPY,0.5,2,0.6249318084,0.7
1092,CHF_JPY,0.5274261603,32,0.6662999925,0.7593360996
1093,NZD_JPY,0.5142857143,20,0.5138253933,0.48
1094,AUD_NZD,0.4,1,0,0.07142857143
1095,CAD_CHF,0.5,4,0,0.4117647059
1096,GBP_NZD,0.5,11,0.531053913,0.6744186047
1097,CAD_JPY,0.5245098039,14,0.7394583155,0.3195020747
1098,USD_JPY,0.603960396,15,0.450966184,0.7522123894
1099,AUD_CHF,0.53125,15,0.2258377222,0.2788461538
1100,NZD_CHF,0.5,16,0.1836323649,0.2710280374
1101,NZD_USD,0.5,16,0.3925261815,0.3448275862
1102,AUD_NZD,0,0,0,0
1103,EUR_NZD,0.5,23,1.150506629,0.3941908714
1104,USD_CAD,0.5535714286,10,1.288652345,0.8695652174
1105,GBP_CHF,0.5208333333,7,0.8887051333,0.9275362319
1106,EUR_CHF,0.5,1,0,0.05
1107,AUD_USD,0.4444444444,4,0.7239563947,0.5365853659
1108,EUR_GBP,0.5555555556,4,0.1593993946,0.2631578947
1109,EUR_USD,1,1,0,0.3333333333
1110,EUR_CAD,0.5,0,0,0
1111,EUR_GBP,0.5129310345,23,1.18731524,0.3029045643
1112,EUR_CAD,0.5105485232,20,2.45799818,0.4398340249
1113,EUR_USD,0,0,0,0
1114,AUD_JPY,0.6,6,0.3278497087,0.8571428571
1115,NZD_CAD,1,3,0,0.4285714286
1116,USD_JPY,0,1,0,0.8
1117,CAD_CHF,0,0,0,0
1118,EUR_JPY,0,0,0,0
1119,AUD_USD,0.5512820513,36,0.395489453,0.8755186722
1120,NZD_USD,0.3333333333,4,0,0.3076923077
1121,GBP_JPY,0.5,3,0,0.2
1122,GBP_CHF,0.5131578947,16,0.7623360985,0.8381742739
1123,AUD_JPY,0.5085470085,17,0.8217540516,0.4107883817
1124,CAD_CHF,0.5481171548,13,0.4960716505,0.356846473
1125,USD_JPY,0.4916666667,19,0.976818159,0.356846473
1126,EUR_AUD,0.5714285714,4,0.933176012,0.696969697
1127,GBP_NZD,0.5130434783,20,0.3804217025,0.6058091286
1128,EUR_JPY,0.4947368421,11,0.897928933,0.5428571429
1129,AUD_CAD,0.5044247788,14,0.5907958906,0.2365145228
1130,AUD_CHF,0.4776785714,10,0.5591383946,0.2199170124
1131,NZD_CHF,0.4909090909,12,0.6478600121,0.2334801762
1132,NZD_CAD,0.4670050761,12,1.556179092,0.6171171171
1133,GBP_AUD,0,1,0,0.125
1134,EUR_USD,0.6428571429,2,0,0.21875
1135,EUR_AUD,0,2,0,0
1136,GBP_CAD,0.5294117647,18,1.003024773,0.9502074689
1137,GBP_USD,0,0,0,0
1138,EUR_USD,0.25,2,0,0.2857142857
1139,NZD_USD,0.5318181818,23,1.479252212,0.9253112033
1140,USD_CAD,0,0,0,0
1141,AUD_NZD,0.375,3,0.5607911571,0.375
1142,EUR_CAD,0.5427350427,30,0.57199408,0.6680497925
1143,USD_CHF,0.5,8,0.3516746577,0.2125
1144,AUD_NZD,0,1,0,0.05555555556
1145,GBP_AUD,0.375,1,0,0.1935483871
1146,USD_CAD,0,4,0,0.4666666667
1147,USD_CAD,0.55,7,0.2585535311,0.5
1148,AUD_USD,1,0,0,0
1149,USD_CAD,0,1,0,0.25
1150,EUR_CHF,0.5145631068,7,0.9333127784,0.32
1151,GBP_CHF,0.5344827586,4,0.5518835918,0.1304347826
1152,AUD_NZD,0.5271966527,32,0.2002077385,0.510373444
1153,GBP_JPY,0.5420168067,26,0.4037903405,0.9834024896
1154,CAD_CHF,0,2,0,0.2
1155,USD_CHF,0,0,0,0
1156,USD_CAD,0.375,4,0,0.4166666667
1157,EUR_GBP,0.5663716814,24,0.43357258,0.5684647303
1158,CAD_CHF,0.6666666667,4,0.1178958601,0.6363636364
1159,NZD_CHF,0.6666666667,1,0,0.04
1160,USD_CHF,0.5166666667,17,0.8634267198,0.5684647303
1161,USD_JPY,0.55,29,0.2818238721,0.5601659751
1162,AUD_CHF,0.75,4,0.3547502958,0.5238095238
1163,CAD_CHF,0.4739336493,13,0.8424213518,0.7261410788
1164,GBP_USD,0.5833333333,3,0.5497438784,0.375
1165,NZD_CAD,0.6,7,0.2149935226,0.3636363636
1166,NZD_CHF,0.3846153846,4,0,0.1964285714
1167,GBP_NZD,0,1,0,0.06666666667
1168,GBP_USD,0,0,0,0
1169,GBP_CHF,0.5,6,0.8378740898,0.3793103448
1170,GBP_AUD,0.475,5,0.4296981567,0.2592592593
1171,AUD_USD,0,0,0,0
1172,EUR_USD,0,0,0,0
1173,AUD_CHF,0.5583333333,13,0.553825601,0.6692307692
1174,AUD_JPY,0.4565217391,9,0.3500132519,0.4081632653
1175,CAD_JPY,0.5227272727,8,1.209300218,0.8979591837
1176,NZD_JPY,0.4565217391,10,0.203457455,0.4166666667
1177,NZD_CHF,0.5446428571,10,0.585253766,0.6859504132
1178,EUR_CAD,0.4705882353,8,0.65893333,0.6086956522
1179,USD_CAD,0.5294117647,30,0.344646325,0.5477178423
1180,GBP_CHF,0.5188284519,20,0.4218572225,0.3319502075
1181,EUR_CHF,1,2,0,0.1666666667
1182,EUR_NZD,0,2,0,0
1183,GBP_USD,0.5,5,0.2134562678,0.7777777778
1184,EUR_JPY,0,1,0,0
1185,CHF_JPY,0,0,0,0
1186,GBP_CAD,0.563876652,33,0.397747396,0.846473029
1187,GBP_USD,0.4956896552,28,0.2650693645,0.8257261411
1188,NZD_CAD,0,0,0,0
1189,NZD_USD,0.4489795918,9,0.7248101992,0.6184210526
1190,CAD_JPY,0.4285714286,6,0.6674089174,0.72
1191,NZD_JPY,1,0,0,0
1192,AUD_JPY,0.5497835498,36,0.484975696,0.7095435685
1193,AUD_USD,0.3888888889,3,0.474698748,0.2903225806
1194,EUR_CHF,0.2222222222,5,0,0.2272727273
1195,NZD_JPY,0.5454545455,6,0,0.375
1196,AUD_CAD,0,0,0,0
1197,AUD_NZD,0.5333333333,46,0.61330876,0.8713692946
1198,EUR_JPY,0.5391705069,31,0.3987536142,0.8921161826
1199,NZD_CAD,0.5272727273,18,0.494697871,0.6202531646
1200,NZD_USD,0.5111111111,25,0.534123164,0.7721518987
1201,AUD_CHF,0.5105485232,30,0.453821091,0.398340249
1202,AUD_USD,0.5063829787,36,0.654874786,0.4813278008
1203,GBP_AUD,0,0,0,0
1204,EUR_AUD,0,0,0,0
1205,EUR_NZD,0,0,0,0
1206,GBP_NZD,0.7142857143,1,0,0.4736842105
1207,EUR_CHF,0.4929577465,10,0.288863503,0.4347826087
1208,EUR_GBP,0.5042016807,16,0.53081668,0.5145228216
1209,NZD_CHF,0.511627907,14,0.7793272237,0.7142857143
1210,USD_CHF,0.5,2,0.5602625766,0.5555555556
1211,USD_JPY,0.5066666667,7,0.6698853865,0.2380952381
1212,EUR_CAD,0.5271966527,27,0.864164615,0.8132780083
1213,CAD_CHF,0,0,0,0
1214,CAD_JPY,0.5280898876,15,0.6049364413,0.7578947368
1215,EUR_AUD,0,0,0,0
1216,GBP_AUD,0,0,0,0
1217,EUR_USD,0.4912280702,9,0.614728107,0.4032258065
1218,CAD_CHF,0.55,12,0.2309528851,0.2361111111
1219,USD_CHF,0.5125,26,0.367122201,0.8838174274
1220,GBP_JPY,0.5,2,0.195796219,0.2666666667
1221,NZD_JPY,0,2,0,0
1222,USD_CAD,0.5313807531,34,0.4223949835,0.8630705394
1223,AUD_CAD,0,0,0,0
1224,NZD_CHF,1,0,0,0
1225,NZD_JPY,0.6,1,0,0.05263157895
1226,EUR_CHF,0.4,7,0.6001993114,0.5
1227,GBP_CAD,0.5909090909,14,0.616660395,0.6691176471
1228,GBP_CHF,0.4487179487,7,0.529638664,0.2307692308
1229,CHF_JPY,0,0,0,0
1230,NZD_JPY,0,0,0,0
1231,EUR_AUD,0.3636363636,3,0,0.1363636364
1232,GBP_AUD,0.5047619048,15,1.831651421,0.625
1233,AUD_JPY,0.4833333333,23,0.595720851,0.4857142857
1234,GBP_NZD,0.4875,11,1.369236864,0.5909090909
1235,EUR_CHF,0.4615384615,7,0.3215098613,0.7222222222
1236,NZD_CHF,0,0,0,0
1237,GBP_USD,0.5694444444,12,0.397063653,0.3902439024
1238,NZD_CAD,0.4675324675,8,0.8192762558,0.6836734694
1239,NZD_CHF,0.5,1,0,0.1818181818
1240,EUR_CHF,0.5196078431,25,0.30198524,0.7272727273
1241,EUR_NZD,0.5,1,0,0.125
1242,GBP_CHF,0.3333333333,4,0.4099591875,0.5
1243,CHF_JPY,0.5,3,0,0.1904761905
1244,GBP_JPY,0.6,4,0,0.16
1245,GBP_CAD,0.5475113122,13,0.730793238,0.6348547718
1246,GBP_USD,0,2,0,0.125
1247,EUR_GBP,0.5178571429,10,0.612511157,0.3769230769
1248,CHF_JPY,0.5211864407,39,0.330199538,0.9004149378
1249,EUR_JPY,0.5815899582,52,0.22177919,0.8340248963
1250,CAD_CHF,0.4285714286,6,0.3032799416,0.2916666667
1251,NZD_CAD,0,0,0,0
1252,NZD_CHF,0,1,0,0
1253,GBP_AUD,0,1,0,0
1254,GBP_CHF,0.3333333333,2,0,0.375
1255,GBP_NZD,0.52,12,0.6517335092,0.7361111111
1256,GBP_USD,0.5,3,0,0.1666666667
1257,EUR_AUD,0.488372093,7,1.300881733,0.5104166667
1258,NZD_CHF,0,0,0,0
1259,USD_CHF,0.5032258065,18,0.3165932911,0.2147239264
1260,AUD_USD,0,0,0,0
1261,USD_CAD,0.4528301887,8,0.3783991505,0.2253521127
1262,EUR_USD,0,2,0.4914890499,0
1263,NZD_USD,0.5272727273,32,0.3671049211,0.8263473054
1264,AUD_CAD,0.5398773006,25,0.289869608,0.3597560976
1265,AUD_USD,0.5802469136,43,0.3020301325,0.8963414634
1266,USD_JPY,0.3333333333,2,0,0.1
1267,EUR_CAD,0.6,11,0.2435100918,0.7333333333
1268,EUR_CHF,0.5,18,0.279971172,0.3367346939
1269,GBP_AUD,0.5,5,0.7774431625,0.4
1270,NZD_CHF,0.487804878,14,0.181431135,0.46
1271,CAD_CHF,0.5045045045,9,0.1940478842,0.1327433628
1272,EUR_NZD,0,0,0,0
1273,USD_JPY,0.5670103093,14,0.6912599817,0.5904761905
1274,EUR_CAD,0.5194805195,15,0.5686437424,0.3861386139
1275,NZD_CAD,0.5,4,0.4294480315,0.5161290323
1276,AUD_CHF,0,0,0,0
1277,AUD_NZD,0.4285714286,0,0,0
1278,GBP_CHF,0.5454545455,3,0.5837674775,0.1126760563
1279,USD_CAD,0.5,5,0.6144372755,0.7142857143
1280,AUD_JPY,0.5517241379,17,0.338508428,0.7118644068
1281,EUR_GBP,0.5,3,0.3058260408,0.3125
1282,NZD_CHF,0.5517241379,6,0.3917955661,0.375
1283,EUR_NZD,0.6666666667,9,0.7198438699,0.9375
1284,GBP_NZD,0.6666666667,9,0.535680994,0.96875
1285,USD_CAD,0.5294117647,8,0.3596348858,0.9473684211
1286,GBP_CAD,0.4285714286,4,0.403587611,0.5
1287,NZD_JPY,0.5,2,0,0.1666666667
1288,NZD_CAD,0,1,0,0.1428571429
