trade_id,monotonicity_ratio_in_profit,local_peaks_count,pullback_magnitude_median,time_to_peak_mfe_relative
AUD_CAD_2010-03-11T20:00:00,0.0,3.0,0.15853456990832432,0.75
AUD_CAD_2011-02-21T12:00:00,0.0,0.0,0.0,0.0
AUD_CAD_2012-06-11T00:00:00,0.5588235294117647,37.0,0.1847598090978959,0.9958333333333333
AUD_CAD_2014-11-17T08:00:00,0.0,0.0,0.0,0.0
AUD_CAD_2015-05-08T00:00:00,0.5436893203883495,7.0,0.1764701231657989,0.1935483870967742
AUD_CAD_2015-07-21T04:00:00,0.5,2.0,0.23368960506496972,0.11764705882352941
AUD_CAD_2015-08-18T12:00:00,0.36363636363636365,5.0,0.1731520762841912,0.75
AUD_CAD_2016-02-12T16:00:00,0.42105263157894735,8.0,0.16477434857151785,0.6949152542372882
AUD_CAD_2016-02-24T16:00:00,0.0,0.0,0.0,0.0
AUD_CAD_2016-06-28T16:00:00,0.542016806722689,25.0,0.22882675858569826,0.7791666666666667
AUD_CAD_2017-10-18T00:00:00,0.6086956521739131,9.0,0.1404055182309147,0.5757575757575758
AUD_CAD_2017-10-27T20:00:00,0.5,11.0,0.2101938036203148,0.5925925925925926
AUD_CAD_2018-03-01T00:00:00,0.5196078431372549,18.0,0.23977687122472524,0.4827586206896552
AUD_CAD_2019-02-27T08:00:00,0.0,0.0,0.0,0.0
AUD_CAD_2019-03-06T04:00:00,0.5423728813559322,20.0,0.3524548145703563,0.7458333333333333
AUD_CAD_2019-03-20T16:00:00,0.5389221556886228,13.0,0.46615569375897503,0.6010362694300518
AUD_CAD_2019-07-17T08:00:00,0.4838709677419355,8.0,0.36152481391676017,0.5581395348837209
AUD_CAD_2019-09-05T08:00:00,0.5068493150684932,15.0,0.32463513184180603,0.3958333333333333
AUD_CAD_2020-05-28T20:00:00,0.55,30.0,0.2532005579464761,0.9625
AUD_CAD_2020-10-02T04:00:00,0.6363636363636364,2.0,0.3563188716124257,0.26666666666666666
AUD_CAD_2021-02-15T12:00:00,0.48,17.0,0.1889834659748114,0.8518518518518519
AUD_CAD_2021-02-16T12:00:00,0.45652173913043476,12.0,0.13634602586146172,0.8333333333333334
AUD_CAD_2021-06-28T08:00:00,0.3333333333333333,0.0,0.0,0.0
AUD_CAD_2022-06-20T20:00:00,1.0,0.0,0.0,0.0
AUD_CAD_2023-10-03T04:00:00,0.5277777777777778,7.0,0.2522804085449699,0.68
AUD_CAD_2024-06-20T16:00:00,1.0,2.0,0.3687769569454956,0.3076923076923077
AUD_CAD_2025-04-23T16:00:00,0.48325358851674644,12.0,0.4054976163431778,0.3625
AUD_CAD_2025-08-12T08:00:00,0.5,6.0,0.20348588438124238,0.2702702702702703
AUD_CAD_2025-08-27T08:00:00,0.5104602510460251,29.0,0.21832723903548223,0.7041666666666667
AUD_CAD_2025-10-30T08:00:00,0.8333333333333334,5.0,0.138377393950948,0.5714285714285714
AUD_CHF_2010-03-31T08:00:00,0.0,0.0,0.0,0.0
AUD_CHF_2010-05-17T00:00:00,1.0,1.0,0.0,0.3333333333333333
AUD_CHF_2010-05-17T08:00:00,0.0,0.0,0.0,0.0
AUD_CHF_2010-06-01T00:00:00,0.6,5.0,0.09752630417451334,0.6363636363636364
AUD_CHF_2010-11-17T04:00:00,0.5428571428571428,6.0,0.24232371108587936,0.36
AUD_CHF_2011-01-10T04:00:00,0.5357142857142857,5.0,0.4610575073868345,0.375
AUD_CHF_2011-05-12T00:00:00,0.4444444444444444,3.0,0.27672281490062833,0.1951219512195122
AUD_CHF_2012-10-30T12:00:00,0.5026178010471204,19.0,0.2679667690463514,0.2761904761904762
AUD_CHF_2014-01-09T04:00:00,0.4,6.0,0.19221875092322516,0.4642857142857143
AUD_CHF_2014-03-07T16:00:00,0.0,0.0,0.0,0.0
AUD_CHF_2014-11-11T04:00:00,0.5454545454545454,7.0,0.2810389493412153,0.3333333333333333
AUD_CHF_2017-04-18T04:00:00,0.0,0.0,0.0,0.0
AUD_CHF_2017-08-18T20:00:00,0.6,3.0,0.08949058437986965,0.10344827586206896
AUD_CHF_2017-12-18T20:00:00,0.5174825174825175,21.0,0.20917769216045756,0.5866666666666667
AUD_CHF_2018-05-01T08:00:00,0.5405405405405406,18.0,0.27940358967754664,0.7295081967213115
AUD_CHF_2018-07-16T12:00:00,0.0,0.0,0.0,0.0
AUD_CHF_2018-07-16T16:00:00,1.0,3.0,0.13137921104424022,0.3
AUD_CHF_2018-10-02T20:00:00,0.0,1.0,0.0,0.125
AUD_CHF_2018-10-16T08:00:00,0.5104602510460251,36.0,0.16878891657820283,0.85
AUD_CHF_2019-02-27T08:00:00,0.0,2.0,0.185939950614286,0.5
AUD_CHF_2019-05-01T08:00:00,0.0,0.0,0.0,0.0
AUD_CHF_2019-10-15T12:00:00,0.5083333333333333,21.0,0.2674267420303169,0.7727272727272727
AUD_CHF_2020-06-17T20:00:00,0.518324607329843,13.0,0.2820366263982899,0.6125
AUD_CHF_2020-11-09T08:00:00,0.5125,28.0,0.2395556088724211,1.0
AUD_CHF_2021-04-02T08:00:00,0.42857142857142855,3.0,0.05962090069999987,0.35294117647058826
AUD_CHF_2021-04-05T16:00:00,1.0,2.0,0.013114335918228887,0.2222222222222222
AUD_CHF_2021-06-29T04:00:00,0.0,0.0,0.0,0.0
AUD_CHF_2022-08-15T08:00:00,0.0,0.0,0.0,0.0
AUD_CHF_2023-03-21T08:00:00,0.0,0.0,0.0,0.0
AUD_CHF_2023-03-21T12:00:00,0.0,2.0,0.06297076587968281,0.2857142857142857
AUD_CHF_2023-05-11T12:00:00,0.0,0.0,0.0,0.0
AUD_CHF_2023-05-17T20:00:00,0.7142857142857143,4.0,0.10426381220571751,0.36
AUD_CHF_2024-09-13T20:00:00,0.525,26.0,0.2706802973396423,0.2833333333333333
AUD_CHF_2024-10-11T20:00:00,0.5675675675675675,6.0,0.1886643780996507,0.4406779661016949
AUD_CHF_2024-10-21T08:00:00,1.0,4.0,0.3397156627262163,0.7692307692307693
AUD_CHF_2025-04-28T16:00:00,0.48186528497409326,11.0,0.558248370136397,0.325
AUD_JPY_2011-05-23T04:00:00,0.0,2.0,0.1218580632591229,0.6363636363636364
AUD_JPY_2012-01-05T20:00:00,1.0,1.0,0.0,0.5
AUD_JPY_2012-01-13T00:00:00,0.5064377682403434,52.0,0.17874348220275227,0.8791666666666667
AUD_JPY_2012-09-19T00:00:00,0.5,0.0,0.0,0.0
AUD_JPY_2012-09-19T12:00:00,1.0,0.0,0.0,0.0
AUD_JPY_2013-05-07T04:00:00,0.45161290322580644,4.0,0.1439556270211735,0.32608695652173914
AUD_JPY_2013-12-03T16:00:00,1.0,0.0,0.0,0.0
AUD_JPY_2013-12-11T08:00:00,0.0,0.0,0.0,0.0
AUD_JPY_2014-07-25T16:00:00,0.5,8.0,0.16067578721191778,0.391304347826087
AUD_JPY_2015-02-27T12:00:00,0.5454545454545454,3.0,0.7363408641902288,0.6904761904761905
AUD_JPY_2015-04-10T12:00:00,1.0,0.0,0.0,0.0
AUD_JPY_2015-11-13T20:00:00,0.48936170212765956,24.0,0.3293459396061684,0.5986394557823129
AUD_JPY_2017-01-05T00:00:00,0.5296610169491526,20.0,0.1801321313386799,0.7458333333333333
AUD_JPY_2018-07-11T20:00:00,0.5365853658536586,8.0,0.12899892911028954,0.6326530612244898
AUD_JPY_2018-08-29T08:00:00,0.75,3.0,0.03644105744948756,0.42857142857142855
AUD_JPY_2018-08-30T04:00:00,0.0,0.0,0.0,0.0
AUD_JPY_2020-07-07T20:00:00,0.4,4.0,0.2505158333661923,0.6153846153846154
AUD_JPY_2020-09-14T08:00:00,0.0,4.0,0.22156159385483387,0.42857142857142855
AUD_JPY_2021-04-02T08:00:00,0.5,4.0,0.030655275175692775,0.4166666666666667
AUD_JPY_2021-04-07T04:00:00,0.0,0.0,0.0,0.0
AUD_JPY_2021-04-19T00:00:00,0.5714285714285714,5.0,0.18104648854493582,0.7
AUD_JPY_2021-04-19T16:00:00,0.75,3.0,0.03610136916178941,0.375
AUD_JPY_2021-06-28T16:00:00,1.0,1.0,0.0,0.25
AUD_JPY_2021-09-29T12:00:00,0.5914893617021276,41.0,0.10626489290824215,0.3875
AUD_JPY_2022-02-18T16:00:00,0.5829787234042553,52.0,0.12966540430626328,0.6375
AUD_JPY_2023-08-02T04:00:00,0.0,0.0,0.0,0.0
AUD_JPY_2023-08-24T20:00:00,0.5188284518828452,23.0,0.21767365567080635,0.6375
AUD_JPY_2024-04-03T00:00:00,0.5277777777777778,11.0,0.04957748870819878,0.375
AUD_JPY_2024-06-14T08:00:00,0.5761589403973509,46.0,0.14572318566164655,0.7018633540372671
AUD_JPY_2025-03-19T20:00:00,0.0,0.0,0.0,0.0
AUD_JPY_2025-04-28T16:00:00,0.5043103448275862,17.0,0.23833854990031145,0.275
AUD_NZD_2010-04-16T08:00:00,0.0,1.0,0.0,0.25
AUD_NZD_2010-04-21T20:00:00,0.0,0.0,0.0,0.0
AUD_NZD_2010-06-11T08:00:00,0.4827586206896552,6.0,0.26252658185346045,0.3333333333333333
AUD_NZD_2011-05-18T04:00:00,0.0,3.0,0.5233606405064302,0.6
AUD_NZD_2013-06-05T00:00:00,1.0,1.0,0.0,0.25
AUD_NZD_2013-06-26T12:00:00,0.42857142857142855,2.0,0.042470875575795486,0.15384615384615385
AUD_NZD_2014-03-27T04:00:00,0.5281385281385281,22.0,0.23161517498011408,0.45
AUD_NZD_2014-05-27T20:00:00,0.40476190476190477,12.0,0.1685178290698568,0.3404255319148936
AUD_NZD_2016-01-21T12:00:00,0.46938775510204084,11.0,0.2532481921000347,0.42857142857142855
AUD_NZD_2016-07-20T04:00:00,0.4642857142857143,5.0,0.30839313289957604,0.18604651162790697
AUD_NZD_2016-11-16T08:00:00,0.0,0.0,0.0,0.0
AUD_NZD_2017-01-06T04:00:00,0.4533333333333333,9.0,0.22911321008095153,0.24691358024691357
AUD_NZD_2019-10-15T20:00:00,0.5,4.0,0.09686579220999514,0.21212121212121213
AUD_NZD_2020-07-20T08:00:00,0.5458333333333333,32.0,0.30744821318188365,0.5208333333333334
AUD_NZD_2022-07-20T04:00:00,0.5154185022026432,28.0,0.16880933300722,0.9833333333333333
AUD_NZD_2022-07-20T12:00:00,0.47,17.0,0.1757867662881044,0.27350427350427353
AUD_NZD_2023-07-24T08:00:00,0.7272727272727273,6.0,0.15607908085397226,0.45454545454545453
AUD_NZD_2023-08-25T20:00:00,0.494949494949495,13.0,0.15520930201731642,0.7631578947368421
AUD_NZD_2023-08-31T20:00:00,0.8,5.0,0.1398445291903587,0.6666666666666666
AUD_NZD_2023-12-18T00:00:00,0.5230769230769231,10.0,0.17638991615499788,0.6373626373626373
AUD_NZD_2024-08-19T04:00:00,0.6666666666666666,2.0,0.014599411591948996,0.125
AUD_NZD_2025-01-10T16:00:00,0.6666666666666666,3.0,0.2063252120077945,0.5555555555555556
AUD_NZD_2025-01-13T20:00:00,0.0,0.0,0.0,0.0
AUD_NZD_2025-01-20T04:00:00,0.42857142857142855,2.0,0.8242860453647907,0.2894736842105263
AUD_NZD_2025-01-20T16:00:00,0.5,5.0,0.0994760233313962,0.21621621621621623
AUD_USD_2010-02-18T20:00:00,0.5,6.0,0.12287261775706498,0.5185185185185185
AUD_USD_2010-12-07T20:00:00,0.5236051502145923,18.0,0.24213842038228756,0.44166666666666665
AUD_USD_2011-02-07T20:00:00,0.2,2.0,0.02535601747365035,0.15384615384615385
AUD_USD_2011-12-28T12:00:00,0.0,0.0,0.0,0.0
AUD_USD_2013-01-03T20:00:00,1.0,0.0,0.0,0.0
AUD_USD_2013-01-14T12:00:00,0.6666666666666666,2.0,0.6578983000061847,0.5333333333333333
AUD_USD_2013-08-13T12:00:00,0.5238095238095238,9.0,0.26713518674674475,0.6176470588235294
AUD_USD_2014-06-02T00:00:00,0.5530973451327433,25.0,0.35563586154564,0.5375
AUD_USD_2015-03-26T00:00:00,0.5,1.0,0.0,0.09090909090909091
AUD_USD_2015-03-26T12:00:00,0.0,0.0,0.0,0.0
AUD_USD_2015-03-26T16:00:00,1.0,1.0,0.0,0.14285714285714285
AUD_USD_2015-04-20T16:00:00,0.4968152866242038,21.0,0.2062766681577357,0.6265060240963856
AUD_USD_2015-08-18T12:00:00,0.5,3.0,0.4057406185742498,0.35
AUD_USD_2016-09-08T16:00:00,1.0,1.0,0.0,0.25
AUD_USD_2016-09-23T20:00:00,0.4666666666666667,6.0,0.10957015340357334,0.3275862068965517
AUD_USD_2017-03-31T12:00:00,0.0,1.0,0.0,0.25
AUD_USD_2017-05-25T08:00:00,0.0,1.0,0.0,0.0625
AUD_USD_2017-08-22T08:00:00,0.0,1.0,0.0,0.09090909090909091
AUD_USD_2018-08-29T08:00:00,0.0,1.0,0.0,0.375
AUD_USD_2018-09-24T12:00:00,1.0,2.0,0.9032266796288386,0.7647058823529411
AUD_USD_2019-04-05T16:00:00,0.37681159420289856,14.0,0.06183148831973995,0.5945945945945946
AUD_USD_2019-06-06T20:00:00,0.3333333333333333,3.0,0.22571514084185415,0.18181818181818182
AUD_USD_2020-03-10T12:00:00,0.0,0.0,0.0,0.0
AUD_USD_2020-09-15T00:00:00,0.4583333333333333,5.0,0.4063495545641762,0.3333333333333333
AUD_USD_2021-05-19T08:00:00,0.5,5.0,0.3223862615029524,0.6666666666666666
AUD_USD_2021-10-13T12:00:00,0.5166666666666667,16.0,0.13605424393680243,0.5116279069767442
AUD_USD_2022-02-18T16:00:00,0.5714285714285714,8.0,0.14944096789960792,0.6956521739130435
AUD_USD_2022-02-21T20:00:00,0.5384615384615384,7.0,0.14597423543603902,0.5625
AUD_USD_2022-10-28T08:00:00,0.6666666666666666,5.0,0.4858128310865305,0.9523809523809523
AUD_USD_2023-07-18T08:00:00,1.0,1.0,0.0,0.16666666666666666
AUD_USD_2025-03-10T16:00:00,0.5116279069767442,9.0,0.19910776643088565,0.3409090909090909
AUD_USD_2025-10-03T04:00:00,0.5,4.0,0.45564050532863154,0.4230769230769231
AUD_USD_2025-10-30T08:00:00,0.0,0.0,0.0,0.0
CAD_CHF_2010-11-15T08:00:00,0.45614035087719296,12.0,0.2428854944568153,0.6942148760330579
CAD_CHF_2011-08-18T12:00:00,0.5089285714285714,31.0,0.14457496177227736,0.5875
CAD_CHF_2012-04-19T12:00:00,0.0,0.0,0.0,0.0
CAD_CHF_2012-05-01T20:00:00,0.5148936170212766,17.0,0.11653577982380359,0.5166666666666667
CAD_CHF_2012-11-08T16:00:00,0.46153846153846156,7.0,0.11795261472570823,0.6521739130434783
CAD_CHF_2012-11-20T08:00:00,0.5,2.0,0.21821740890446273,0.5555555555555556
CAD_CHF_2012-12-12T08:00:00,0.0,0.0,0.0,0.0
CAD_CHF_2014-03-31T16:00:00,0.5047619047619047,21.0,0.2895024267615223,0.9875
CAD_CHF_2014-11-03T16:00:00,0.0,0.0,0.0,0.0
CAD_CHF_2014-11-25T08:00:00,0.42857142857142855,1.0,0.0,0.07692307692307693
CAD_CHF_2014-11-25T20:00:00,1.0,2.0,0.2074815683618115,0.3
CAD_CHF_2014-12-29T12:00:00,0.5507246376811594,10.0,0.21261546800844622,0.2857142857142857
CAD_CHF_2015-04-13T16:00:00,0.5064935064935064,14.0,0.3040860678177112,0.8414634146341463
CAD_CHF_2016-05-18T20:00:00,0.0,0.0,0.0,0.0
CAD_CHF_2016-05-30T00:00:00,0.5,3.0,0.21619665043899988,0.5
CAD_CHF_2016-07-18T12:00:00,0.0,1.0,0.0,0.047619047619047616
CAD_CHF_2017-09-05T16:00:00,0.5213675213675214,10.0,0.11832324504978464,0.1625
CAD_CHF_2017-10-05T20:00:00,0.5394736842105263,11.0,0.31823082204514214,0.6463414634146342
CAD_CHF_2017-10-06T16:00:00,0.5087719298245614,12.0,0.33272065076918245,0.6233766233766234
CAD_CHF_2017-11-07T12:00:00,0.44,4.0,0.41741254662755567,0.3333333333333333
CAD_CHF_2017-11-10T08:00:00,0.6,1.0,0.0,0.23076923076923078
CAD_CHF_2017-12-06T16:00:00,0.5,5.0,0.20068846625212455,0.3448275862068966
CAD_CHF_2019-09-03T08:00:00,0.0,0.0,0.0,0.0
CAD_CHF_2020-01-06T08:00:00,0.6666666666666666,3.0,0.19963586283030196,0.6666666666666666
CAD_CHF_2020-05-11T12:00:00,0.0,0.0,0.0,0.0
CAD_CHF_2020-05-21T16:00:00,0.4970414201183432,17.0,0.2276301105673304,0.3023255813953488
CAD_CHF_2020-08-14T08:00:00,0.4885844748858447,18.0,0.3021407897391808,0.42083333333333334
CAD_CHF_2020-09-28T08:00:00,1.0,1.0,0.0,0.14285714285714285
CAD_CHF_2020-11-05T00:00:00,0.3333333333333333,3.0,0.3572575103388854,0.2727272727272727
CAD_CHF_2020-11-05T08:00:00,0.5,7.0,0.322399965030282,0.12121212121212122
CAD_CHF_2020-12-08T12:00:00,0.5172413793103449,5.0,0.31803822894192735,0.24489795918367346
CAD_CHF_2021-01-11T12:00:00,0.5391304347826087,40.0,0.1666914784850233,1.0
CAD_CHF_2021-06-01T16:00:00,0.4,5.0,0.11673489354453587,0.36666666666666664
CAD_CHF_2021-11-17T16:00:00,0.0,1.0,0.0,0.6
CAD_CHF_2021-11-26T00:00:00,0.0,0.0,0.0,0.0
CAD_CHF_2022-01-28T08:00:00,0.5555555555555556,5.0,0.11073923639932556,0.1935483870967742
CAD_CHF_2022-02-10T20:00:00,0.8333333333333334,4.0,0.1547506347742662,0.625
CAD_CHF_2023-01-09T12:00:00,0.5294117647058824,9.0,0.22275037815630308,0.4146341463414634
CAD_CHF_2023-01-25T16:00:00,0.49264705882352944,8.0,0.09212209515508119,0.06077348066298342
CAD_CHF_2023-01-30T20:00:00,0.0,0.0,0.0,0.0
CAD_CHF_2023-02-07T12:00:00,0.0,0.0,0.0,0.0
CAD_CHF_2023-02-15T08:00:00,0.4,3.0,0.5827431791010401,0.8
CAD_CHF_2023-02-28T12:00:00,0.625,8.0,0.04189299907147026,0.4166666666666667
CAD_CHF_2024-01-23T04:00:00,0.3333333333333333,2.0,0.2373683693022231,0.25
CAD_CHF_2024-03-11T20:00:00,0.5622317596566524,25.0,0.3366780386602384,0.4375
CAD_CHF_2024-11-08T08:00:00,0.543859649122807,16.0,0.1548381224855081,0.5083333333333333
CAD_CHF_2025-01-02T08:00:00,0.4700854700854701,7.0,0.35764895651428064,0.36065573770491804
CAD_CHF_2025-01-22T08:00:00,0.5,3.0,0.22065540199140635,0.7222222222222222
CAD_CHF_2025-05-14T08:00:00,0.75,2.0,0.11524424273461997,0.07692307692307693
CAD_CHF_2025-07-30T08:00:00,0.5135135135135135,5.0,0.24598845704223982,0.5862068965517241
CAD_JPY_2010-03-04T04:00:00,0.5791666666666667,35.0,0.33608659692035037,0.9291666666666667
CAD_JPY_2010-06-04T12:00:00,0.0,0.0,0.0,0.0
CAD_JPY_2010-11-05T08:00:00,0.5125,17.0,0.15408957271498114,0.6791666666666667
CAD_JPY_2011-01-10T12:00:00,0.48717948717948717,7.0,0.1333888445773585,0.2619047619047619
CAD_JPY_2011-01-24T08:00:00,1.0,0.0,0.0,0.0
CAD_JPY_2012-10-26T04:00:00,0.0,0.0,0.0,0.0
CAD_JPY_2013-07-03T08:00:00,0.5390070921985816,16.0,0.34998607477175636,0.6190476190476191
CAD_JPY_2014-12-26T20:00:00,0.75,3.0,0.2351867456981227,0.5
CAD_JPY_2015-05-22T08:00:00,0.5454545454545454,12.0,0.7840169566235011,0.7125
CAD_JPY_2015-10-30T08:00:00,0.477124183006536,6.0,0.2770085032185614,0.2236024844720497
CAD_JPY_2015-11-27T04:00:00,0.4166666666666667,4.0,0.8849847045588854,0.8518518518518519
CAD_JPY_2016-04-15T12:00:00,1.0,1.0,0.0,0.5
CAD_JPY_2016-10-12T20:00:00,0.45454545454545453,5.0,0.1291338031655363,0.5
CAD_JPY_2017-01-30T16:00:00,0.7142857142857143,4.0,0.3069192926377342,0.39285714285714285
CAD_JPY_2017-11-07T16:00:00,0.5862068965517241,4.0,0.14025380193098524,0.4411764705882353
CAD_JPY_2017-12-06T04:00:00,1.0,2.0,0.24201437653238045,1.0
CAD_JPY_2019-06-12T08:00:00,0.0,1.0,0.0,0.07692307692307693
CAD_JPY_2020-05-12T20:00:00,0.5173913043478261,37.0,0.25500868835346613,0.44166666666666665
CAD_JPY_2020-11-05T00:00:00,0.5084745762711864,11.0,0.21633402285299688,0.6375
CAD_JPY_2020-11-27T00:00:00,0.5208333333333334,20.0,0.34819392577097874,0.9333333333333333
CAD_JPY_2020-11-27T16:00:00,0.5252100840336135,17.0,0.4450413777694881,0.9166666666666666
CAD_JPY_2021-06-28T04:00:00,1.0,1.0,0.0,0.16666666666666666
CAD_JPY_2021-07-06T08:00:00,0.0,0.0,0.0,0.0
CAD_JPY_2021-08-27T12:00:00,0.5,6.0,0.5008722599351035,0.37662337662337664
CAD_JPY_2022-05-02T08:00:00,0.5555555555555556,14.0,0.1372610548532427,0.5757575757575758
CAD_JPY_2022-07-12T12:00:00,0.5555555555555556,14.0,0.15230423786969338,0.5333333333333333
CAD_JPY_2022-07-28T00:00:00,0.0,0.0,0.0,0.0
CAD_JPY_2022-08-24T04:00:00,0.51931330472103,24.0,0.21597000454560045,0.35833333333333334
CAD_JPY_2022-11-08T08:00:00,0.3333333333333333,3.0,0.2863013933212792,0.5833333333333334
CAD_JPY_2022-11-09T20:00:00,0.0,0.0,0.0,0.0
CAD_JPY_2023-10-18T12:00:00,0.0,0.0,0.0,0.0
CAD_JPY_2023-11-07T16:00:00,0.5581395348837209,14.0,0.14632492373063355,0.782608695652174
CAD_JPY_2024-05-29T20:00:00,0.0,0.0,0.0,0.0
CAD_JPY_2025-02-05T16:00:00,1.0,0.0,0.0,0.0
CAD_JPY_2025-04-28T16:00:00,0.5021097046413502,23.0,0.237513044371057,0.9916666666666667
CAD_JPY_2025-09-22T16:00:00,0.4090909090909091,6.0,0.4399857785239805,0.4857142857142857
CHF_JPY_2010-08-30T20:00:00,0.4788135593220339,17.0,0.1749925446292928,0.45416666666666666
CHF_JPY_2010-08-31T16:00:00,0.4845814977973568,15.0,0.18809359056820132,0.43333333333333335
CHF_JPY_2010-11-09T00:00:00,0.5650224215246636,23.0,0.2636213931899468,0.7875
CHF_JPY_2013-06-24T12:00:00,0.5093457943925234,22.0,0.13415012303032015,0.55
CHF_JPY_2013-10-15T08:00:00,0.5052631578947369,13.0,0.29146322147811254,0.30392156862745096
CHF_JPY_2014-06-23T00:00:00,0.5333333333333333,3.0,0.7409208603575601,0.35
CHF_JPY_2015-03-26T04:00:00,0.45714285714285713,5.0,0.34973574205814373,0.5909090909090909
CHF_JPY_2015-10-13T00:00:00,0.5476190476190477,10.0,0.40907949526762,0.6530612244897959
CHF_JPY_2016-10-14T16:00:00,0.5714285714285714,2.0,0.19970365785621141,0.07142857142857142
CHF_JPY_2017-06-22T00:00:00,0.5121951219512195,26.0,0.3138825440436677,0.3989071038251366
CHF_JPY_2017-09-14T20:00:00,0.4659090909090909,8.0,0.08585552805517516,0.07368421052631578
CHF_JPY_2017-12-13T20:00:00,0.0,0.0,0.0,0.0
CHF_JPY_2019-01-10T12:00:00,1.0,3.0,0.048738986179428304,0.8421052631578947
CHF_JPY_2019-07-24T00:00:00,0.3333333333333333,4.0,0.08918369633437606,0.75
CHF_JPY_2019-10-15T08:00:00,0.5125,17.0,0.18660158642447555,0.09583333333333334
CHF_JPY_2019-11-29T12:00:00,0.5168067226890757,38.0,0.39286228770681575,0.7875
CHF_JPY_2020-02-06T08:00:00,0.25,3.0,0.1195810296755272,0.42857142857142855
CHF_JPY_2020-02-25T04:00:00,0.5714285714285714,3.0,0.4307208026578606,0.7368421052631579
CHF_JPY_2020-04-10T20:00:00,0.0,0.0,0.0,0.0
CHF_JPY_2020-09-14T16:00:00,1.0,3.0,0.03483129925502791,0.5714285714285714
CHF_JPY_2021-06-28T04:00:00,0.0,1.0,0.0,0.14285714285714285
CHF_JPY_2022-11-17T16:00:00,0.3888888888888889,11.0,0.20544423468541706,0.5641025641025641
CHF_JPY_2024-02-12T08:00:00,0.3333333333333333,3.0,0.15733440987315384,0.8333333333333334
CHF_JPY_2025-03-26T08:00:00,0.42857142857142855,4.0,0.2669880281202651,0.32
EUR_AUD_2010-09-27T16:00:00,0.46107784431137727,16.0,0.1620368668833816,0.19186046511627908
EUR_AUD_2011-02-24T12:00:00,0.3333333333333333,0.0,0.0,0.0
EUR_AUD_2011-06-29T08:00:00,0.0,0.0,0.0,0.0
EUR_AUD_2012-02-13T16:00:00,0.25,3.0,0.2506159563551039,0.3333333333333333
EUR_AUD_2012-08-21T00:00:00,0.5271966527196653,55.0,0.14157615120378697,0.8416666666666667
EUR_AUD_2013-07-29T12:00:00,0.4624277456647399,15.0,0.2976921937084751,0.6989247311827957
EUR_AUD_2014-05-23T00:00:00,0.0,1.0,0.0,0.08695652173913043
EUR_AUD_2014-08-13T00:00:00,0.0,0.0,0.0,0.0
EUR_AUD_2015-05-05T04:00:00,0.5,7.0,0.2177525383005286,0.3170731707317073
EUR_AUD_2015-08-14T08:00:00,0.509009009009009,13.0,0.14484615135928103,0.15416666666666667
EUR_AUD_2017-03-07T12:00:00,0.5210084033613446,31.0,0.3135457782710398,0.95
EUR_AUD_2017-09-25T08:00:00,0.5502183406113537,33.0,0.1803907784974832,0.975
EUR_AUD_2017-10-03T16:00:00,0.5412844036697247,32.0,0.23798284652572055,0.9583333333333334
EUR_AUD_2018-03-21T16:00:00,0.5434782608695652,12.0,0.4003555946070656,0.2727272727272727
EUR_AUD_2018-04-18T20:00:00,0.5394736842105263,16.0,0.23698819987174757,0.2708333333333333
EUR_AUD_2019-02-12T00:00:00,0.6666666666666666,3.0,0.12571827601658686,0.4166666666666667
EUR_AUD_2019-03-05T08:00:00,0.4,4.0,0.1967028536344993,0.2692307692307692
EUR_AUD_2019-04-25T20:00:00,0.5570175438596491,34.0,0.3124718228737242,0.9333333333333333
EUR_AUD_2020-10-30T08:00:00,0.5,3.0,0.49411403874499393,0.45454545454545453
EUR_AUD_2021-03-26T00:00:00,0.0,0.0,0.0,0.0
EUR_AUD_2021-04-22T16:00:00,0.45,6.0,0.6429632156774713,0.6811594202898551
EUR_AUD_2021-06-22T20:00:00,1.0,1.0,0.0,0.08333333333333333
EUR_AUD_2021-07-12T16:00:00,0.5521739130434783,21.0,0.2439416258468753,0.7125
EUR_AUD_2022-02-01T12:00:00,0.38181818181818183,8.0,0.06205376206258473,0.23684210526315788
EUR_AUD_2022-09-02T20:00:00,0.5258620689655172,40.0,0.2647880015795532,0.8916666666666667
EUR_AUD_2022-11-22T08:00:00,0.4666666666666667,6.0,0.05265074752617782,0.6486486486486487
EUR_AUD_2023-02-20T04:00:00,0.5470085470085471,42.0,0.2513643287267886,0.9458333333333333
EUR_AUD_2023-02-23T20:00:00,0.542016806722689,38.0,0.26269885473273646,0.8541666666666666
EUR_AUD_2023-10-17T00:00:00,0.4827586206896552,10.0,0.29213797429025945,0.4057971014492754
EUR_AUD_2025-06-02T12:00:00,0.5555555555555556,2.0,0.05929038089854444,0.14285714285714285
EUR_AUD_2025-08-05T12:00:00,0.44274809160305345,16.0,0.20438621487282094,0.45751633986928103
EUR_CAD_2010-05-24T08:00:00,0.5,5.0,0.052271011649852456,0.4444444444444444
EUR_CAD_2011-02-25T08:00:00,0.0,0.0,0.0,0.0
EUR_CAD_2011-03-08T08:00:00,0.0,0.0,0.0,0.0
EUR_CAD_2011-04-06T12:00:00,0.5625,24.0,0.20278568121507057,0.5208333333333334
EUR_CAD_2011-11-24T08:00:00,0.0,0.0,0.0,0.0
EUR_CAD_2012-04-12T20:00:00,0.0,1.0,0.0,0.3333333333333333
EUR_CAD_2012-05-22T20:00:00,1.0,3.0,0.27799100253306913,0.6
EUR_CAD_2012-06-15T08:00:00,0.5625,2.0,0.8044845273618291,0.08571428571428572
EUR_CAD_2012-06-15T20:00:00,0.0,0.0,0.0,0.0
EUR_CAD_2012-11-27T08:00:00,0.5952380952380952,15.0,0.21274073117366832,0.625
EUR_CAD_2012-11-28T04:00:00,0.6,13.0,0.1802825489846827,0.5813953488372093
EUR_CAD_2014-05-06T12:00:00,0.0,1.0,0.0,1.0
EUR_CAD_2015-02-13T12:00:00,0.5,2.0,1.0038361345962477,0.7586206896551724
EUR_CAD_2016-08-24T08:00:00,0.0,2.0,0.04676895122626901,0.5384615384615384
EUR_CAD_2018-01-18T16:00:00,0.5714285714285714,42.0,0.18185365368030149,0.8458333333333333
EUR_CAD_2018-10-15T16:00:00,0.3333333333333333,2.0,0.1269977876403431,0.14285714285714285
EUR_CAD_2018-10-16T12:00:00,0.3076923076923077,1.0,0.0,0.5142857142857142
EUR_CAD_2019-06-25T20:00:00,0.0,0.0,0.0,0.0
EUR_CAD_2019-12-12T08:00:00,0.375,2.0,1.0621563174855098,0.125
EUR_CAD_2020-11-16T12:00:00,0.5135135135135135,17.0,0.1844231229619437,0.65
EUR_CAD_2022-05-26T16:00:00,0.5,2.0,0.019315387457546296,0.13333333333333333
EUR_CAD_2022-06-21T16:00:00,0.5652173913043478,4.0,0.23312795771161238,0.1724137931034483
EUR_CAD_2022-06-24T12:00:00,0.0,0.0,0.0,0.0
EUR_CAD_2022-09-26T20:00:00,0.5367965367965368,27.0,0.22600771552025645,0.9666666666666667
EUR_CAD_2023-08-08T20:00:00,0.5125,8.0,0.12046273755982762,0.7966101694915254
EUR_CHF_2010-09-20T08:00:00,0.47186147186147187,31.0,0.2532178153299235,0.7541666666666667
EUR_CHF_2013-12-31T16:00:00,0.5408163265306123,12.0,0.20726111734402597,0.27
EUR_CHF_2014-03-07T16:00:00,0.5555555555555556,3.0,0.22462245315153,0.19047619047619047
EUR_CHF_2014-05-01T08:00:00,1.0,2.0,0.5851958418197141,0.8571428571428571
EUR_CHF_2015-06-05T16:00:00,0.4230769230769231,8.0,0.24151033279511847,0.23076923076923078
EUR_CHF_2015-07-13T16:00:00,0.5169082125603864,30.0,0.188624335320269,0.5375
EUR_CHF_2015-11-20T20:00:00,0.5483870967741935,11.0,0.34571261517969026,1.0
EUR_CHF_2016-08-11T04:00:00,0.0,0.0,0.0,0.0
EUR_CHF_2017-03-08T08:00:00,0.504424778761062,8.0,0.2939771306938326,0.10429447852760736
EUR_CHF_2017-03-08T16:00:00,0.5,7.0,0.2212007696989401,0.09375
EUR_CHF_2017-09-01T12:00:00,0.42857142857142855,2.0,1.4468031987257874,0.7419354838709677
EUR_CHF_2017-10-13T20:00:00,0.5657894736842105,20.0,0.28909728318054695,0.8583333333333333
EUR_CHF_2017-12-06T12:00:00,0.47368421052631576,7.0,0.13681339327201406,0.3225806451612903
EUR_CHF_2018-11-08T16:00:00,0.0,0.0,0.0,0.0
EUR_CHF_2019-02-28T04:00:00,1.0,1.0,0.0,0.42857142857142855
EUR_CHF_2019-10-15T12:00:00,0.49107142857142855,3.0,0.6193901218434248,0.09166666666666666
EUR_CHF_2019-11-21T00:00:00,0.5714285714285714,6.0,0.2978971307923177,0.7454545454545455
EUR_CHF_2020-03-27T08:00:00,1.0,2.0,0.7699218010032439,0.43333333333333335
EUR_CHF_2020-05-20T08:00:00,0.5485232067510548,16.0,0.411460576784934,0.30416666666666664
EUR_CHF_2020-07-20T12:00:00,0.5146443514644351,12.0,0.18949411695204388,0.775
EUR_CHF_2020-09-28T08:00:00,0.5454545454545454,1.0,0.0,0.037037037037037035
EUR_CHF_2020-12-23T16:00:00,0.5,9.0,0.10042811393779993,0.11688311688311688
EUR_CHF_2021-02-16T20:00:00,0.5416666666666666,27.0,0.23409776651658787,0.2916666666666667
EUR_CHF_2021-06-24T16:00:00,0.6363636363636364,6.0,0.5973238223359731,0.8
EUR_CHF_2022-10-06T16:00:00,0.5627906976744186,23.0,0.2092930173108214,0.36666666666666664
EUR_CHF_2022-12-06T20:00:00,0.5185185185185185,18.0,0.2878127106326107,0.6833333333333333
EUR_CHF_2022-12-27T20:00:00,0.49473684210526314,18.0,0.2255473273203379,0.30833333333333335
EUR_CHF_2023-06-14T12:00:00,0.5272727272727272,9.0,0.3030416761141349,0.30973451327433627
EUR_CHF_2023-06-15T16:00:00,0.5119047619047619,13.0,0.22343936590566488,0.26666666666666666
EUR_CHF_2023-06-29T12:00:00,0.5,2.0,0.6440778096539868,0.2894736842105263
EUR_CHF_2024-08-19T04:00:00,0.6,4.0,0.04194359865160702,0.4
EUR_CHF_2024-12-25T16:00:00,0.5125,15.0,0.20744422671957563,0.525
EUR_CHF_2025-03-10T08:00:00,0.49074074074074076,7.0,0.21079859898179698,0.21238938053097345
EUR_CHF_2025-05-15T08:00:00,0.3333333333333333,1.0,0.0,0.5714285714285714
EUR_CHF_2025-06-24T08:00:00,0.0,0.0,0.0,0.0
EUR_GBP_2010-02-23T16:00:00,0.4349775784753363,16.0,0.18472571000220772,0.09166666666666666
EUR_GBP_2011-09-23T08:00:00,0.0,1.0,0.0,0.25
EUR_GBP_2012-06-06T08:00:00,0.4,4.0,0.47088746992196917,0.625
EUR_GBP_2015-06-05T12:00:00,0.631578947368421,6.0,0.1875478268866343,0.35714285714285715
EUR_GBP_2016-03-17T12:00:00,0.5035971223021583,15.0,0.24676648929170114,0.5569620253164557
EUR_GBP_2017-12-27T20:00:00,0.5161290322580645,6.0,0.2697073325992103,0.7
EUR_GBP_2018-05-23T16:00:00,1.0,5.0,0.4268089305072139,0.875
EUR_GBP_2018-06-01T12:00:00,0.46788990825688076,19.0,0.254285347464942,0.8708333333333333
EUR_GBP_2019-04-11T12:00:00,0.5454545454545454,8.0,0.22656876970841422,0.550561797752809
EUR_GBP_2020-12-30T08:00:00,0.0,1.0,0.0,0.14285714285714285
EUR_GBP_2021-08-23T16:00:00,0.5428571428571428,12.0,0.22743012019846875,0.7710843373493976
EUR_GBP_2021-10-01T08:00:00,0.0,0.0,0.0,0.0
EUR_GBP_2021-12-02T08:00:00,0.40384615384615385,7.0,0.43965616584790335,0.43333333333333335
EUR_GBP_2021-12-02T16:00:00,0.42857142857142855,7.0,0.2703460838650472,0.41379310344827586
EUR_GBP_2022-12-19T08:00:00,0.5458333333333333,24.0,0.3390608232686798,0.8541666666666666
EUR_GBP_2023-02-20T12:00:00,0.0,0.0,0.0,0.0
EUR_GBP_2023-03-03T20:00:00,0.5454545454545454,8.0,0.16592706393004963,0.2894736842105263
EUR_GBP_2023-03-09T12:00:00,1.0,3.0,0.15212122869601047,0.75
EUR_GBP_2023-07-21T16:00:00,1.0,1.0,0.0,0.1111111111111111
EUR_GBP_2023-10-27T20:00:00,0.5,3.0,0.3657748489930293,0.2857142857142857
EUR_GBP_2023-12-25T08:00:00,0.46875,6.0,0.3953999948545438,0.42857142857142855
EUR_GBP_2024-03-14T20:00:00,0.5042735042735043,18.0,0.2746834126192679,0.6833333333333333
EUR_GBP_2024-11-04T20:00:00,0.3333333333333333,0.0,0.0,0.0
EUR_GBP_2024-12-24T12:00:00,0.43478260869565216,5.0,0.1805038516555259,0.4838709677419355
EUR_GBP_2024-12-24T20:00:00,0.47619047619047616,4.0,0.06646485712630112,0.4482758620689655
EUR_GBP_2025-01-07T12:00:00,0.48947368421052634,12.0,0.38827355278882925,0.23529411764705882
EUR_GBP_2025-04-01T16:00:00,0.6666666666666666,5.0,0.1433779189049692,0.8571428571428571
EUR_JPY_2010-05-11T20:00:00,0.75,2.0,0.2892942036507812,0.5
EUR_JPY_2010-07-12T08:00:00,0.5714285714285714,7.0,0.11627085967443705,0.3829787234042553
EUR_JPY_2010-07-19T16:00:00,0.6666666666666666,3.0,0.11801091382206555,0.25
EUR_JPY_2010-11-05T08:00:00,0.0,0.0,0.0,0.0
EUR_JPY_2011-05-02T12:00:00,1.0,0.0,0.0,0.0
EUR_JPY_2011-08-29T08:00:00,0.25,1.0,0.0,0.08333333333333333
EUR_JPY_2013-03-13T08:00:00,0.6666666666666666,4.0,0.16989380241351715,0.8
EUR_JPY_2013-08-05T04:00:00,0.0,0.0,0.0,0.0
EUR_JPY_2013-10-01T04:00:00,0.0,0.0,0.0,0.0
EUR_JPY_2014-02-20T00:00:00,0.0,0.0,0.0,0.0
EUR_JPY_2014-02-21T08:00:00,0.4117647058823529,0.0,0.0,0.0
EUR_JPY_2014-07-04T04:00:00,0.0,0.0,0.0,0.0
EUR_JPY_2015-02-23T08:00:00,0.5,4.0,0.11102943815283661,0.3684210526315789
EUR_JPY_2015-02-24T16:00:00,0.42857142857142855,3.0,0.27743758495604287,0.6363636363636364
EUR_JPY_2015-06-30T00:00:00,1.0,2.0,0.019394928826301103,0.13043478260869565
EUR_JPY_2015-08-25T12:00:00,0.0,0.0,0.0,0.0
EUR_JPY_2015-09-15T04:00:00,0.47058823529411764,5.0,0.4133822543425367,0.5357142857142857
EUR_JPY_2015-10-22T04:00:00,0.0,0.0,0.0,0.0
EUR_JPY_2016-03-24T12:00:00,0.49019607843137253,15.0,0.14194934661559222,0.5263157894736842
EUR_JPY_2016-11-02T08:00:00,0.0,1.0,0.0,0.25
EUR_JPY_2017-01-23T04:00:00,0.5151515151515151,11.0,0.17121657928851006,0.43333333333333335
EUR_JPY_2017-11-16T12:00:00,0.0,1.0,0.0,0.3333333333333333
EUR_JPY_2017-12-04T20:00:00,1.0,2.0,0.12535300424470652,0.25
EUR_JPY_2018-11-20T08:00:00,0.4146341463414634,5.0,0.5124569207253357,0.7213114754098361
EUR_JPY_2018-12-04T00:00:00,0.0,0.0,0.0,0.0
EUR_JPY_2019-01-22T04:00:00,0.5387931034482759,20.0,0.4189058842187048,0.7083333333333334
EUR_JPY_2019-02-22T12:00:00,0.56,12.0,0.14320087044100083,0.5454545454545454
EUR_JPY_2020-02-24T16:00:00,0.4666666666666667,4.0,0.7511278587806273,0.7727272727272727
EUR_JPY_2020-07-01T04:00:00,0.5565217391304348,33.0,0.21950880229040592,0.7791666666666667
EUR_JPY_2020-11-13T00:00:00,0.4,3.0,0.43140364782187707,0.38095238095238093
EUR_JPY_2021-02-02T08:00:00,0.0,0.0,0.0,0.0
EUR_JPY_2021-04-05T08:00:00,0.5324675324675324,35.0,0.21471662506565825,0.9583333333333334
EUR_JPY_2023-09-07T08:00:00,0.0,0.0,0.0,0.0
EUR_JPY_2024-01-09T00:00:00,0.5708333333333333,33.0,0.12118759894755604,0.8625
EUR_JPY_2024-12-17T16:00:00,0.5087719298245614,11.0,0.349965760004225,0.3937007874015748
EUR_JPY_2024-12-18T16:00:00,0.0,0.0,0.0,0.0
EUR_JPY_2025-04-15T12:00:00,0.5281385281385281,17.0,0.30275351441434506,1.0
EUR_JPY_2025-05-30T04:00:00,0.603448275862069,57.0,0.2294092930228162,1.0
EUR_JPY_2025-08-19T16:00:00,0.0,0.0,0.0,0.0
EUR_JPY_2025-08-25T16:00:00,0.5116279069767442,30.0,0.2428304641786942,0.8125
EUR_JPY_2025-10-20T04:00:00,0.6,46.0,0.1330419496291917,0.9833333333333333
EUR_NZD_2012-02-28T20:00:00,0.0,0.0,0.0,0.0
EUR_NZD_2012-04-26T20:00:00,1.0,1.0,0.0,0.25
EUR_NZD_2012-11-26T00:00:00,0.5116279069767442,10.0,0.2854981013170199,0.58
EUR_NZD_2013-01-16T12:00:00,0.5,14.0,0.27561120446113385,0.47244094488188976
EUR_NZD_2014-02-20T08:00:00,0.6666666666666666,5.0,0.3133689010966003,0.3793103448275862
EUR_NZD_2014-10-27T08:00:00,0.3333333333333333,2.0,0.43775082323982323,0.6086956521739131
EUR_NZD_2014-10-27T16:00:00,0.42857142857142855,3.0,0.6394011589697317,0.5714285714285714
EUR_NZD_2014-10-28T04:00:00,0.5833333333333334,2.0,0.492126894827481,0.5
EUR_NZD_2014-12-17T16:00:00,1.0,0.0,0.0,0.0
EUR_NZD_2015-09-03T00:00:00,1.0,1.0,0.0,0.3333333333333333
EUR_NZD_2016-09-15T16:00:00,0.0,0.0,0.0,0.0
EUR_NZD_2016-10-03T16:00:00,0.0,0.0,0.0,0.0
EUR_NZD_2018-01-29T12:00:00,0.52,7.0,0.235060526698278,0.2524271844660194
EUR_NZD_2018-01-31T00:00:00,0.5538461538461539,9.0,0.16385648752217719,0.19767441860465115
EUR_NZD_2018-12-18T00:00:00,0.5046728971962616,20.0,0.18215532600199635,0.2375
EUR_NZD_2019-03-04T20:00:00,0.5333333333333333,6.0,0.4066554420398427,0.5555555555555556
EUR_NZD_2020-09-29T08:00:00,0.3333333333333333,3.0,0.3121179646350086,0.35714285714285715
EUR_NZD_2020-10-19T00:00:00,0.4827586206896552,9.0,0.1348775974562223,0.23076923076923078
EUR_NZD_2021-06-11T08:00:00,0.46835443037974683,4.0,0.7936762842791936,0.3163265306122449
EUR_NZD_2022-01-18T16:00:00,0.0,0.0,0.0,0.0
EUR_NZD_2022-04-19T20:00:00,0.5474137931034483,29.0,0.20978816816632695,0.4083333333333333
EUR_NZD_2022-04-21T04:00:00,0.5375,28.0,0.1854920464860612,0.975
EUR_NZD_2022-08-30T08:00:00,0.5375,41.0,0.17339487158290745,0.8375
EUR_NZD_2022-10-26T08:00:00,0.5,2.0,0.8962535964613085,0.8571428571428571
EUR_NZD_2023-02-07T16:00:00,0.49333333333333335,27.0,0.34115541353126977,0.9208333333333333
EUR_NZD_2023-03-24T08:00:00,0.4533333333333333,31.0,0.17763189177419964,0.5791666666666667
EUR_NZD_2024-05-02T08:00:00,1.0,0.0,0.0,0.0
EUR_NZD_2024-08-16T04:00:00,0.0,0.0,0.0,0.0
EUR_NZD_2025-02-14T08:00:00,0.0,0.0,0.0,0.0
EUR_USD_2010-04-15T08:00:00,0.5,1.0,0.0,0.09090909090909091
EUR_USD_2011-02-28T16:00:00,0.4957627118644068,36.0,0.2179837284934969,0.9375
EUR_USD_2012-01-25T08:00:00,0.502092050209205,19.0,0.18646278678410355,0.5541666666666667
EUR_USD_2012-08-09T08:00:00,0.0,0.0,0.0,0.0
EUR_USD_2012-10-19T08:00:00,0.42857142857142855,3.0,0.22933403224273466,0.5833333333333334
EUR_USD_2012-11-28T04:00:00,0.5659574468085107,28.0,0.23567136422234025,0.9958333333333333
EUR_USD_2013-06-05T08:00:00,0.4725274725274725,14.0,0.2790054542866258,0.5344827586206896
EUR_USD_2013-07-19T08:00:00,0.5125,20.0,0.20926635083754053,0.55
EUR_USD_2014-04-14T08:00:00,0.5217391304347826,7.0,1.1644233956304642,0.9473684210526315
EUR_USD_2014-10-17T12:00:00,0.4444444444444444,5.0,0.1499599474880252,0.5555555555555556
EUR_USD_2015-03-26T16:00:00,0.5,3.0,0.3759995251278801,0.3333333333333333
EUR_USD_2016-08-12T16:00:00,0.4631578947368421,10.0,0.33694198816071164,0.1016949152542373
EUR_USD_2017-03-14T08:00:00,0.47959183673469385,16.0,0.11522840788890454,0.5
EUR_USD_2018-04-12T12:00:00,0.5757575757575758,6.0,0.2614529651753229,0.4444444444444444
EUR_USD_2018-07-10T08:00:00,0.75,4.0,0.11241358790103649,0.875
EUR_USD_2018-07-11T00:00:00,1.0,3.0,0.3142751740707475,0.75
EUR_USD_2018-07-24T04:00:00,0.5769230769230769,6.0,0.36536944563547213,0.7209302325581395
EUR_USD_2018-11-20T16:00:00,0.6666666666666666,4.0,0.4023085954322667,0.37037037037037035
EUR_USD_2019-05-28T16:00:00,1.0,1.0,0.0,0.2
EUR_USD_2019-08-08T20:00:00,0.7142857142857143,5.0,0.08747706617679325,0.35714285714285715
EUR_USD_2020-05-22T04:00:00,0.0,0.0,0.0,0.0
EUR_USD_2022-02-18T12:00:00,1.0,3.0,0.09277772950982395,0.4444444444444444
EUR_USD_2023-03-15T08:00:00,0.0,0.0,0.0,0.0
EUR_USD_2023-10-12T12:00:00,0.0,0.0,0.0,0.0
EUR_USD_2024-08-08T12:00:00,0.49583333333333335,30.0,0.16711896312677776,0.85
EUR_USD_2025-05-22T16:00:00,0.5252100840336135,30.0,0.1820440669691319,0.6916666666666667
EUR_USD_2025-08-11T12:00:00,0.5133928571428571,20.0,0.2128338108150128,0.6791666666666667
GBP_AUD_2012-03-08T04:00:00,0.5470085470085471,40.0,0.35407149288652473,1.0
GBP_AUD_2012-08-21T04:00:00,0.5375,45.0,0.24215866455465496,0.8375
GBP_AUD_2013-07-16T04:00:00,0.4721030042918455,31.0,0.18710496295319312,0.6666666666666666
GBP_AUD_2013-10-02T16:00:00,0.0,1.0,0.0,0.14285714285714285
GBP_AUD_2014-06-18T20:00:00,0.46153846153846156,16.0,0.20073285576691136,0.270042194092827
GBP_AUD_2014-10-21T12:00:00,0.42857142857142855,1.0,0.0,0.058823529411764705
GBP_AUD_2015-09-10T04:00:00,0.0,0.0,0.0,0.0
GBP_AUD_2017-01-27T12:00:00,0.5,1.0,0.0,0.2
GBP_AUD_2019-06-24T00:00:00,0.0,2.0,0.7602981972380609,0.7777777777777778
GBP_AUD_2019-08-20T04:00:00,0.5,17.0,0.3326535008278242,1.0
GBP_AUD_2021-03-10T12:00:00,0.5,1.0,0.0,0.045454545454545456
GBP_AUD_2021-07-02T12:00:00,1.0,0.0,0.0,0.0
GBP_AUD_2021-09-17T08:00:00,0.6,3.0,0.22064353620468213,0.2
GBP_AUD_2021-12-21T16:00:00,0.48444444444444446,31.0,0.20081525095733865,0.6958333333333333
GBP_AUD_2022-01-05T08:00:00,0.4537037037037037,19.0,0.1833064082547473,0.46396396396396394
GBP_AUD_2022-06-27T12:00:00,0.45454545454545453,3.0,0.6147154125726109,0.5641025641025641
GBP_AUD_2023-05-30T08:00:00,0.5,4.0,0.40887222249958155,0.3333333333333333
GBP_AUD_2023-10-17T00:00:00,0.0,0.0,0.0,0.0
GBP_AUD_2023-12-07T08:00:00,0.0,0.0,0.0,0.0
GBP_AUD_2024-01-10T04:00:00,0.525,19.0,0.30460243915392715,0.975
GBP_AUD_2024-05-28T04:00:00,0.5263157894736842,5.0,0.42183963591083634,0.46153846153846156
GBP_AUD_2024-10-10T20:00:00,0.5542857142857143,24.0,0.155033990909482,0.43169398907103823
GBP_AUD_2025-02-14T20:00:00,0.5644444444444444,44.0,0.2506760922470508,0.875
GBP_AUD_2025-05-22T04:00:00,0.4857142857142857,6.0,0.19024431518546192,0.2345679012345679
GBP_CAD_2010-04-13T16:00:00,0.5384615384615384,11.0,0.06855394602497417,0.5151515151515151
GBP_CAD_2010-11-16T16:00:00,0.64,6.0,0.324244709901528,0.5333333333333333
GBP_CAD_2011-04-29T20:00:00,0.4,1.0,0.0,0.375
GBP_CAD_2011-10-25T04:00:00,0.42857142857142855,2.0,0.16781780149863812,0.15384615384615385
GBP_CAD_2011-11-08T16:00:00,0.6666666666666666,3.0,0.3802256228639561,0.3
GBP_CAD_2012-02-21T12:00:00,0.6666666666666666,0.0,0.0,0.0
GBP_CAD_2012-06-19T08:00:00,0.4722222222222222,4.0,0.35937899827239805,0.2833333333333333
GBP_CAD_2013-03-25T08:00:00,0.0,1.0,0.0,0.0
GBP_CAD_2013-04-02T08:00:00,0.0,0.0,0.0,0.0
GBP_CAD_2014-02-18T08:00:00,0.5045045045045045,7.0,0.278297556667097,0.075
GBP_CAD_2014-02-18T16:00:00,0.5,8.0,0.318267131087961,0.06666666666666667
GBP_CAD_2014-03-24T12:00:00,1.0,0.0,0.0,0.0
GBP_CAD_2014-07-29T12:00:00,0.515625,9.0,0.14419795375686195,0.47692307692307695
GBP_CAD_2014-11-06T16:00:00,0.0,1.0,0.0,0.75
GBP_CAD_2016-12-06T16:00:00,1.0,0.0,0.0,0.0
GBP_CAD_2017-08-03T12:00:00,0.6363636363636364,3.0,0.680134188142786,0.7021276595744681
GBP_CAD_2018-06-11T08:00:00,0.5,10.0,0.46056595185115434,0.3374233128834356
GBP_CAD_2018-09-03T08:00:00,0.5350877192982456,10.0,0.370640525005999,0.9152542372881356
GBP_CAD_2020-08-18T04:00:00,0.4375,3.0,0.057350946681383436,0.125
GBP_CAD_2020-10-23T16:00:00,0.47368421052631576,6.0,0.3480076602269053,0.42857142857142855
GBP_CAD_2021-02-01T12:00:00,0.6666666666666666,1.0,0.0,0.1
GBP_CAD_2021-04-22T08:00:00,0.0,0.0,0.0,0.0
GBP_CAD_2021-07-01T08:00:00,0.3333333333333333,2.0,0.1745723828172914,0.42857142857142855
GBP_CAD_2022-02-15T08:00:00,0.47368421052631576,8.0,0.0614108132534793,0.5714285714285714
GBP_CAD_2022-02-15T20:00:00,0.4722222222222222,11.0,0.11744003392928515,0.5384615384615384
GBP_CAD_2023-08-09T20:00:00,0.5142857142857142,15.0,0.37321883364106234,0.4065040650406504
GBP_CAD_2024-04-10T16:00:00,0.5,5.0,0.2333042199049727,0.6052631578947368
GBP_CAD_2024-11-05T20:00:00,0.0,0.0,0.0,0.0
GBP_CHF_2010-05-26T08:00:00,0.4888888888888889,8.0,0.33359621677495677,0.29473684210526313
GBP_CHF_2012-06-28T12:00:00,0.0,0.0,0.0,0.0
GBP_CHF_2013-03-15T16:00:00,0.4806201550387597,13.0,0.3031552055257758,0.37777777777777777
GBP_CHF_2013-12-30T08:00:00,0.5150214592274678,21.0,0.2715281610916478,0.4125
GBP_CHF_2014-04-01T08:00:00,0.425,11.0,0.22844056669865256,0.3877551020408163
GBP_CHF_2014-09-16T08:00:00,0.512,15.0,0.4746938388225741,0.5196850393700787
GBP_CHF_2014-12-05T16:00:00,0.6666666666666666,2.0,0.018831208090086426,0.36363636363636365
GBP_CHF_2015-09-21T08:00:00,0.3333333333333333,2.0,0.7429189858168408,0.38461538461538464
GBP_CHF_2016-11-08T12:00:00,0.5,2.0,0.2833171225258072,0.6666666666666666
GBP_CHF_2020-02-03T04:00:00,0.0,0.0,0.0,0.0
GBP_CHF_2020-10-12T08:00:00,0.3333333333333333,2.0,0.38158473993662884,0.5454545454545454
GBP_CHF_2020-10-13T12:00:00,1.0,0.0,0.0,0.0
GBP_CHF_2021-05-13T16:00:00,0.4642857142857143,5.0,0.06437610267183941,0.2978723404255319
GBP_CHF_2021-06-01T08:00:00,0.0,0.0,0.0,0.0
GBP_CHF_2023-08-21T08:00:00,0.6,1.0,0.0,0.4166666666666667
GBP_CHF_2023-09-01T16:00:00,0.625,7.0,0.20208658136774157,0.37777777777777777
GBP_CHF_2024-12-26T16:00:00,0.5111111111111111,8.0,0.20043803253011516,0.7884615384615384
GBP_CHF_2025-01-28T16:00:00,0.5230125523012552,23.0,0.2140532112190479,0.6583333333333333
GBP_JPY_2010-03-19T04:00:00,0.0,0.0,0.0,0.0
GBP_JPY_2010-05-13T08:00:00,0.0,0.0,0.0,0.0
GBP_JPY_2010-06-16T20:00:00,0.3333333333333333,3.0,0.4184057797368525,0.25
GBP_JPY_2010-07-12T04:00:00,0.6,8.0,0.17164675469645502,0.46153846153846156
GBP_JPY_2012-04-24T12:00:00,0.5,4.0,0.1833673191749038,0.30434782608695654
GBP_JPY_2017-07-28T12:00:00,0.6470588235294118,6.0,0.2281072039284709,0.7333333333333333
GBP_JPY_2017-10-16T12:00:00,0.506578947368421,13.0,0.14718757988989084,0.3817204301075269
GBP_JPY_2017-12-26T12:00:00,0.543859649122807,19.0,0.21434014610033358,0.7333333333333333
GBP_JPY_2018-07-03T16:00:00,0.5080645161290323,20.0,0.1599730194938851,0.36879432624113473
GBP_JPY_2018-08-02T04:00:00,0.0,1.0,0.0,1.0
GBP_JPY_2020-12-29T16:00:00,0.5294117647058824,56.0,0.15746124248094429,0.9791666666666666
GBP_JPY_2021-06-25T12:00:00,0.25,2.0,0.05423831519801203,0.4166666666666667
GBP_JPY_2024-03-22T04:00:00,0.0,0.0,0.0,0.0
GBP_JPY_2024-12-12T12:00:00,0.5086206896551724,10.0,0.25512769807278945,0.5655737704918032
GBP_JPY_2025-02-17T04:00:00,0.42857142857142855,4.0,0.14939681868454158,0.5555555555555556
GBP_JPY_2025-04-29T16:00:00,0.5084033613445378,23.0,0.17117787212814656,0.9625
GBP_JPY_2025-10-20T04:00:00,0.5714285714285714,11.0,0.26159234037388845,0.7272727272727273
GBP_NZD_2011-12-16T00:00:00,1.0,2.0,0.2984935642887103,0.5555555555555556
GBP_NZD_2012-07-25T12:00:00,1.0,0.0,0.0,0.0
GBP_NZD_2012-10-08T12:00:00,0.0,0.0,0.0,0.0
GBP_NZD_2013-11-13T00:00:00,0.502127659574468,22.0,0.2512854133522907,0.8083333333333333
GBP_NZD_2014-02-24T04:00:00,1.0,1.0,0.0,0.05555555555555555
GBP_NZD_2014-07-21T04:00:00,0.46766169154228854,17.0,0.19520012795112526,0.34134615384615385
GBP_NZD_2014-08-20T16:00:00,0.5217391304347826,4.0,0.12417530290009082,0.2878787878787879
GBP_NZD_2015-09-15T12:00:00,0.0,0.0,0.0,0.0
GBP_NZD_2016-03-15T08:00:00,0.5714285714285714,3.0,0.21789302333619792,0.375
GBP_NZD_2016-12-21T00:00:00,0.5833333333333334,4.0,0.2547524956702266,0.2
GBP_NZD_2016-12-21T08:00:00,0.6666666666666666,3.0,0.33661489454542504,0.14285714285714285
GBP_NZD_2017-07-18T08:00:00,0.0,3.0,0.36798553187661376,0.8461538461538461
GBP_NZD_2017-08-09T20:00:00,0.48148148148148145,3.0,0.23881867235126036,0.07692307692307693
GBP_NZD_2018-06-28T20:00:00,0.5263157894736842,7.0,0.3278627740761416,0.1686746987951807
GBP_NZD_2018-07-25T20:00:00,0.53125,5.0,0.16542640188634988,0.6111111111111112
GBP_NZD_2020-01-24T08:00:00,0.5210084033613446,23.0,0.2073932488918815,0.7416666666666667
GBP_NZD_2021-03-02T20:00:00,0.5063291139240507,23.0,0.21136226587654067,0.4583333333333333
GBP_NZD_2021-03-22T08:00:00,0.494949494949495,12.0,0.2185134368270046,0.27102803738317754
GBP_NZD_2021-07-01T08:00:00,0.75,3.0,0.14070348399249266,0.35714285714285715
GBP_NZD_2021-07-14T00:00:00,0.0,0.0,0.0,0.0
GBP_NZD_2021-11-18T08:00:00,0.5439330543933054,56.0,0.24260781811421328,0.9541666666666667
GBP_NZD_2021-11-18T20:00:00,0.5458333333333333,57.0,0.2422474016149801,0.9416666666666667
GBP_NZD_2022-04-12T12:00:00,1.0,1.0,0.0,1.0
GBP_NZD_2023-11-09T04:00:00,0.55,13.0,0.08710339344901054,0.76
GBP_NZD_2024-06-11T16:00:00,1.0,3.0,0.12166316195102986,0.8
GBP_NZD_2024-09-17T16:00:00,1.0,3.0,0.3480301928745914,0.6666666666666666
GBP_NZD_2025-05-19T16:00:00,0.5769230769230769,10.0,0.2277502515283476,0.6229508196721312
GBP_NZD_2025-09-22T04:00:00,0.5031847133757962,21.0,0.26401206498369345,0.7037037037037037
GBP_USD_2010-06-22T20:00:00,0.5,46.0,0.24287028998055682,0.8166666666666667
GBP_USD_2010-08-18T12:00:00,1.0,2.0,0.148371028299839,0.45454545454545453
GBP_USD_2012-01-05T08:00:00,0.0,0.0,0.0,0.0
GBP_USD_2012-06-21T12:00:00,0.0,0.0,0.0,0.0
GBP_USD_2012-08-16T04:00:00,0.5291666666666667,28.0,0.34402022265639554,0.65
GBP_USD_2013-03-26T08:00:00,0.5,7.0,0.15718357985374584,0.8484848484848485
GBP_USD_2013-07-24T16:00:00,0.5789473684210527,4.0,0.05512246680480459,0.2222222222222222
GBP_USD_2013-11-07T12:00:00,0.25,1.0,0.0,0.06666666666666667
GBP_USD_2015-04-21T20:00:00,0.5230125523012552,25.0,0.2362341139646542,0.4125
GBP_USD_2016-02-05T12:00:00,0.6666666666666666,1.0,0.0,0.8
GBP_USD_2016-02-12T12:00:00,1.0,3.0,0.12630497825187217,0.36363636363636365
GBP_USD_2016-04-13T08:00:00,0.0,0.0,0.0,0.0
GBP_USD_2016-04-21T16:00:00,0.4672897196261682,15.0,0.24654781614156737,0.20833333333333334
GBP_USD_2016-11-23T20:00:00,0.5638297872340425,12.0,0.22883562167169125,0.45045045045045046
GBP_USD_2018-02-19T04:00:00,1.0,0.0,0.0,0.0
GBP_USD_2018-03-16T12:00:00,0.4911242603550296,17.0,0.30272742954851584,0.7303370786516854
GBP_USD_2019-05-07T08:00:00,0.0,0.0,0.0,0.0
GBP_USD_2019-06-25T16:00:00,0.42857142857142855,2.0,0.8140434429558383,0.6538461538461539
GBP_USD_2020-01-24T08:00:00,0.0,0.0,0.0,0.0
GBP_USD_2020-04-02T16:00:00,0.0,0.0,0.0,0.0
GBP_USD_2020-12-22T00:00:00,0.5256410256410257,33.0,0.1051983242315635,0.95
GBP_USD_2021-04-22T12:00:00,0.5555555555555556,7.0,0.22973063409209887,0.7105263157894737
GBP_USD_2021-04-28T00:00:00,0.4,5.0,0.19877984812842006,0.4
GBP_USD_2021-09-07T08:00:00,0.0,0.0,0.0,0.0
GBP_USD_2022-02-04T12:00:00,0.4875,6.0,0.1526159713344778,0.2926829268292683
GBP_USD_2023-03-15T12:00:00,0.5648535564853556,46.0,0.21906812867063374,0.9958333333333333
GBP_USD_2024-05-07T04:00:00,0.0,1.0,0.0,0.5
GBP_USD_2025-01-29T08:00:00,0.375,6.0,0.10064894065228358,0.4666666666666667
GBP_USD_2025-02-07T12:00:00,0.0,0.0,0.0,0.0
GBP_USD_2025-07-24T16:00:00,0.0,0.0,0.0,0.0
NZD_CAD_2010-04-13T12:00:00,0.0,0.0,0.0,0.0
NZD_CAD_2010-08-10T20:00:00,0.6666666666666666,4.0,0.177803504649081,0.26666666666666666
NZD_CAD_2010-08-25T12:00:00,0.5230125523012552,27.0,0.3503557401096611,0.9708333333333333
NZD_CAD_2010-09-14T20:00:00,0.5,1.0,0.0,0.2
NZD_CAD_2011-10-31T16:00:00,0.6666666666666666,2.0,0.6363212620374705,0.38461538461538464
NZD_CAD_2013-03-27T08:00:00,0.5064102564102564,23.0,0.22932940974196203,0.37142857142857144
NZD_CAD_2013-04-19T12:00:00,0.48148148148148145,8.0,0.20043651355657832,0.46808510638297873
NZD_CAD_2014-02-13T16:00:00,0.6,6.0,0.3472243890257286,0.4117647058823529
NZD_CAD_2014-11-18T20:00:00,0.0,0.0,0.0,0.0
NZD_CAD_2014-12-02T08:00:00,0.0,0.0,0.0,0.0
NZD_CAD_2015-03-17T16:00:00,0.4768211920529801,7.0,0.4349714580554286,0.125
NZD_CAD_2015-08-25T20:00:00,1.0,1.0,0.0,0.05263157894736842
NZD_CAD_2016-05-06T04:00:00,0.0,3.0,0.148318802847082,0.3
NZD_CAD_2016-05-06T20:00:00,0.0,1.0,0.0,0.16666666666666666
NZD_CAD_2016-09-12T04:00:00,0.5581395348837209,11.0,0.30350974094620975,0.7037037037037037
NZD_CAD_2016-10-27T12:00:00,0.5324675324675324,19.0,0.2872149946219158,0.6071428571428571
NZD_CAD_2017-06-23T20:00:00,0.6666666666666666,3.0,0.4815526526153234,0.8
NZD_CAD_2017-09-22T00:00:00,0.6,4.0,0.11699664519616121,0.2857142857142857
NZD_CAD_2017-11-30T00:00:00,0.75,3.0,0.17306661185094463,0.375
NZD_CAD_2017-11-30T20:00:00,1.0,1.0,0.0,1.0
NZD_CAD_2018-01-02T16:00:00,0.559322033898305,43.0,0.23439169055116915,0.9208333333333333
NZD_CAD_2018-01-03T20:00:00,0.5569620253164557,40.0,0.2729455719456917,0.8916666666666667
NZD_CAD_2019-01-04T20:00:00,1.0,2.0,0.11183744690150349,0.2
NZD_CAD_2019-02-27T08:00:00,0.0,0.0,0.0,0.0
NZD_CAD_2020-03-13T04:00:00,0.0,2.0,0.27683005695291263,0.6666666666666666
NZD_CAD_2020-03-31T16:00:00,0.520618556701031,16.0,0.1709118135526062,0.9958333333333333
NZD_CAD_2020-12-22T08:00:00,0.5021834061135371,20.0,0.22156924109065312,0.225
NZD_CAD_2021-01-27T20:00:00,0.5223880597014925,8.0,0.13338309187273,0.3448275862068966
NZD_CAD_2021-02-02T08:00:00,0.6363636363636364,5.0,0.4525319133027749,0.5
NZD_CAD_2021-10-22T12:00:00,0.4491525423728814,14.0,0.1624917793607079,0.4888888888888889
NZD_CAD_2021-10-27T08:00:00,0.45,1.0,0.0,0.04
NZD_CAD_2021-11-22T16:00:00,0.0,1.0,0.0,0.14285714285714285
NZD_CAD_2022-06-21T12:00:00,0.0,0.0,0.0,0.0
NZD_CAD_2022-08-08T16:00:00,0.5098039215686274,15.0,0.1539836712080043,0.4528301886792453
NZD_CAD_2023-03-15T04:00:00,0.4411764705882353,5.0,0.13550755544051812,0.24193548387096775
NZD_CAD_2023-03-15T16:00:00,0.45454545454545453,5.0,0.08620230390876246,0.2033898305084746
NZD_CAD_2025-05-21T08:00:00,0.0,1.0,0.0,0.16666666666666666
NZD_CAD_2025-07-28T08:00:00,0.3333333333333333,1.0,0.0,0.7692307692307693
NZD_CHF_2010-03-19T04:00:00,0.0,1.0,0.0,0.16666666666666666
NZD_CHF_2010-06-16T04:00:00,0.375,4.0,0.10252181625445439,0.4634146341463415
NZD_CHF_2011-11-01T08:00:00,1.0,0.0,0.0,0.0
NZD_CHF_2011-11-01T16:00:00,0.0,0.0,0.0,0.0
NZD_CHF_2013-05-07T04:00:00,1.0,0.0,0.0,0.0
NZD_CHF_2013-07-18T00:00:00,0.4423076923076923,7.0,0.17306469455697293,0.5079365079365079
NZD_CHF_2014-12-12T12:00:00,0.0,0.0,0.0,0.0
NZD_CHF_2015-12-23T20:00:00,0.525,12.0,0.2296439891197074,0.5833333333333334
NZD_CHF_2016-05-02T04:00:00,1.0,1.0,0.0,0.16666666666666666
NZD_CHF_2016-11-10T12:00:00,0.5045045045045045,20.0,0.10098139448323695,0.6111111111111112
NZD_CHF_2019-02-28T04:00:00,0.0,0.0,0.0,0.0
NZD_CHF_2019-05-01T08:00:00,0.0,0.0,0.0,0.0
NZD_CHF_2019-07-10T20:00:00,0.4594594594594595,17.0,0.2848219786143157,0.43529411764705883
NZD_CHF_2020-07-07T08:00:00,0.5833333333333334,4.0,0.40737204448360204,0.7741935483870968
NZD_CHF_2021-04-05T16:00:00,1.0,2.0,0.06071564623944381,0.4
NZD_CHF_2022-01-13T20:00:00,0.0,1.0,0.0,0.5
NZD_CHF_2023-09-13T04:00:00,0.5032679738562091,33.0,0.29048571734360307,0.46496815286624205
NZD_CHF_2025-01-16T04:00:00,0.639344262295082,11.0,0.2553092136529288,0.5571428571428572
NZD_CHF_2025-03-20T00:00:00,1.0,2.0,0.0232467505326319,0.5714285714285714
NZD_CHF_2025-06-04T16:00:00,0.5517241379310345,9.0,0.1454233766691221,0.6756756756756757
NZD_CHF_2025-08-13T20:00:00,0.0,1.0,0.0,0.2
NZD_JPY_2010-06-15T04:00:00,0.3793103448275862,12.0,0.10477539002169933,0.4098360655737705
NZD_JPY_2012-04-04T00:00:00,0.0,0.0,0.0,0.0
NZD_JPY_2012-07-19T00:00:00,0.7142857142857143,3.0,0.22123947698837532,0.45454545454545453
NZD_JPY_2013-05-13T08:00:00,0.6666666666666666,2.0,0.446061215676289,0.7142857142857143
NZD_JPY_2013-05-14T08:00:00,0.8571428571428571,4.0,0.3745418756034022,0.6
NZD_JPY_2013-11-19T00:00:00,0.5833333333333334,4.0,0.14973976272832057,0.25
NZD_JPY_2015-01-12T04:00:00,0.0,0.0,0.0,0.0
NZD_JPY_2015-09-21T00:00:00,0.0,1.0,0.0,0.25
NZD_JPY_2016-04-21T16:00:00,0.4782608695652174,6.0,0.710576744714499,0.78125
NZD_JPY_2016-07-05T04:00:00,0.0,0.0,0.0,0.0
NZD_JPY_2017-05-04T12:00:00,0.6326530612244898,13.0,0.20884204418899155,0.46296296296296297
NZD_JPY_2018-02-02T20:00:00,1.0,2.0,0.0016142459413459043,0.6
NZD_JPY_2018-07-19T04:00:00,0.0,0.0,0.0,0.0
NZD_JPY_2020-09-11T12:00:00,0.5454545454545454,4.0,0.3094339231318661,0.5238095238095238
NZD_JPY_2021-01-28T20:00:00,0.49583333333333335,23.0,0.24391819712279417,0.48333333333333334
NZD_JPY_2021-04-19T16:00:00,0.5497835497835498,23.0,0.21632052004868463,0.7
NZD_JPY_2021-06-28T16:00:00,1.0,1.0,0.0,0.25
NZD_JPY_2021-07-27T08:00:00,0.49230769230769234,14.0,0.20739280468717003,0.7528089887640449
NZD_JPY_2021-08-09T20:00:00,0.5454545454545454,9.0,0.10693588060882275,0.35714285714285715
NZD_JPY_2022-02-11T04:00:00,1.0,2.0,0.12369198312042262,0.6666666666666666
NZD_JPY_2024-01-09T00:00:00,0.5042735042735043,33.0,0.16252334408498137,0.8333333333333334
NZD_JPY_2024-10-31T04:00:00,0.0,0.0,0.0,0.0
NZD_USD_2010-05-11T20:00:00,0.5714285714285714,2.0,0.09778904080050138,0.17647058823529413
NZD_USD_2010-09-07T20:00:00,0.5378151260504201,40.0,0.23144292178925419,0.9875
NZD_USD_2010-11-22T04:00:00,1.0,0.0,0.0,0.0
NZD_USD_2011-05-11T12:00:00,0.25,1.0,0.0,0.5
NZD_USD_2013-04-26T16:00:00,0.48484848484848486,8.0,0.18883658009188387,0.2558139534883721
NZD_USD_2013-12-11T08:00:00,0.47058823529411764,4.0,0.23722907626948686,0.1875
NZD_USD_2013-12-12T12:00:00,0.47058823529411764,6.0,0.4917744697392261,0.8620689655172413
NZD_USD_2014-01-23T16:00:00,1.0,0.0,0.0,0.0
NZD_USD_2014-11-18T20:00:00,0.0,0.0,0.0,0.0
NZD_USD_2015-08-26T16:00:00,0.46153846153846156,6.0,0.2240323357021647,0.1951219512195122
NZD_USD_2018-03-14T20:00:00,0.0,1.0,0.0,0.16666666666666666
NZD_USD_2018-04-06T00:00:00,0.45454545454545453,14.0,0.23309975869189825,0.5
NZD_USD_2018-06-01T12:00:00,0.4727272727272727,6.0,0.07386598019583956,0.22857142857142856
NZD_USD_2019-03-14T08:00:00,0.5625,10.0,0.1164783811475173,0.5185185185185185
NZD_USD_2019-03-19T20:00:00,0.5416666666666666,4.0,0.2306750862934721,0.23333333333333334
NZD_USD_2019-03-20T16:00:00,0.5416666666666666,2.0,0.22783699823764758,0.08
NZD_USD_2020-03-31T08:00:00,0.0,0.0,0.0,0.0
NZD_USD_2021-02-10T08:00:00,0.391304347826087,5.0,0.49990932869602694,0.7419354838709677
NZD_USD_2021-06-08T16:00:00,0.7142857142857143,4.0,0.0383079322371328,0.29411764705882354
NZD_USD_2021-07-27T08:00:00,0.2,1.0,0.0,0.125
NZD_USD_2022-02-25T16:00:00,0.5022026431718062,20.0,0.18121312998753947,0.6736401673640168
NZD_USD_2022-07-21T08:00:00,0.49645390070921985,16.0,0.2630797131503909,0.6012658227848101
NZD_USD_2022-07-22T04:00:00,0.5039370078740157,14.0,0.2100912520354401,0.5921052631578947
NZD_USD_2023-03-21T00:00:00,0.0,0.0,0.0,0.0
NZD_USD_2023-07-06T12:00:00,0.5,16.0,0.19259860675978224,0.2972972972972973
NZD_USD_2024-05-08T08:00:00,0.5333333333333333,30.0,0.1393530405200556,0.6291666666666667
NZD_USD_2025-07-28T04:00:00,0.0,0.0,0.0,0.0
USD_CAD_2010-08-16T04:00:00,0.3333333333333333,1.0,0.0,0.125
USD_CAD_2010-10-21T08:00:00,0.40625,6.0,0.32761835426676766,0.5319148936170213
USD_CAD_2010-10-21T20:00:00,0.0,1.0,0.0,0.2222222222222222
USD_CAD_2010-11-19T04:00:00,0.5384615384615384,3.0,0.7725615252376563,0.7
USD_CAD_2010-11-19T16:00:00,0.4,3.0,0.2679816183320246,0.6470588235294118
USD_CAD_2010-11-19T20:00:00,0.5,3.0,0.2750515544048315,0.5
USD_CAD_2010-12-22T08:00:00,0.3333333333333333,0.0,0.0,0.0
USD_CAD_2011-02-11T12:00:00,0.0,0.0,0.0,0.0
USD_CAD_2012-05-14T16:00:00,0.5042016806722689,26.0,0.2856875938124638,0.3541666666666667
USD_CAD_2012-07-25T16:00:00,1.0,1.0,0.0,0.25
USD_CAD_2013-01-23T08:00:00,0.5166666666666667,27.0,0.38071325185455196,0.675
USD_CAD_2013-05-16T12:00:00,0.5361702127659574,21.0,0.33282266465180177,0.8958333333333334
USD_CAD_2013-06-04T20:00:00,0.6666666666666666,1.0,0.0,0.4
USD_CAD_2013-10-11T16:00:00,0.4,3.0,0.4764661378984625,0.6666666666666666
USD_CAD_2014-02-24T12:00:00,0.56,8.0,0.0972157206705872,0.3829787234042553
USD_CAD_2014-02-24T16:00:00,0.5,10.0,0.14394872266352232,0.3695652173913043
USD_CAD_2014-06-09T04:00:00,1.0,1.0,0.0,0.09090909090909091
USD_CAD_2014-09-03T16:00:00,0.6666666666666666,3.0,0.027224260694898306,0.75
USD_CAD_2014-09-10T16:00:00,0.4444444444444444,12.0,0.13173915265380787,0.375
USD_CAD_2015-03-20T00:00:00,1.0,1.0,0.0,0.6666666666666666
USD_CAD_2015-06-16T20:00:00,0.5,3.0,0.15330671547940755,0.625
USD_CAD_2016-06-29T20:00:00,0.5058139534883721,17.0,0.42974971133403517,0.5920398009950248
USD_CAD_2017-04-07T08:00:00,0.5,1.0,0.0,0.5
USD_CAD_2017-09-29T20:00:00,0.5476190476190477,30.0,0.10469952982187336,0.49166666666666664
USD_CAD_2018-10-12T20:00:00,0.0,1.0,0.0,1.0
USD_CAD_2019-03-20T16:00:00,0.0,0.0,0.0,0.0
USD_CAD_2019-04-22T16:00:00,0.5024875621890548,12.0,0.23363447554892414,0.8514851485148515
USD_CAD_2019-04-29T16:00:00,0.25,3.0,0.1334185422777883,0.5
USD_CAD_2019-08-05T16:00:00,0.5409090909090909,10.0,0.21389164418832984,0.5208333333333334
USD_CAD_2019-10-07T12:00:00,0.4375,4.0,0.3209613726836474,0.6086956521739131
USD_CAD_2020-11-02T12:00:00,0.0,0.0,0.0,0.0
USD_CAD_2020-12-23T16:00:00,0.6,1.0,0.0,0.4782608695652174
USD_CAD_2021-11-16T00:00:00,0.5458333333333333,34.0,0.2537969242218383,0.6125
USD_CAD_2023-05-15T16:00:00,0.5,12.0,0.21811420630713352,0.5268817204301075
USD_CAD_2024-02-08T16:00:00,0.0,0.0,0.0,0.0
USD_CAD_2024-02-15T12:00:00,0.0,0.0,0.0,0.0
USD_CAD_2024-04-09T20:00:00,0.48739495798319327,14.0,0.14769490024356857,0.12083333333333333
USD_CAD_2024-05-09T12:00:00,0.0,0.0,0.0,0.0
USD_CAD_2025-03-24T00:00:00,0.5,0.0,0.0,0.0
USD_CAD_2025-07-10T20:00:00,0.4888888888888889,2.0,1.3579182912386356,0.574468085106383
USD_CAD_2025-09-08T08:00:00,0.56,8.0,0.22564178620331077,0.5625
USD_CAD_2025-09-11T16:00:00,0.375,4.0,0.1347877995621924,0.4166666666666667
USD_CHF_2010-12-09T12:00:00,0.0,0.0,0.0,0.0
USD_CHF_2011-07-05T08:00:00,1.0,1.0,0.0,0.14285714285714285
USD_CHF_2011-12-26T08:00:00,0.45454545454545453,15.0,0.2761884653286071,0.475
USD_CHF_2012-05-08T16:00:00,0.5291666666666667,39.0,0.21218472006159594,0.44166666666666665
USD_CHF_2012-10-25T04:00:00,0.496,19.0,0.28603081193201985,0.5777777777777777
USD_CHF_2013-01-07T16:00:00,0.45454545454545453,5.0,0.23325216529791568,0.5882352941176471
USD_CHF_2013-05-08T12:00:00,0.525,13.0,0.4098617167020866,0.47619047619047616
USD_CHF_2014-02-04T04:00:00,0.4666666666666667,3.0,0.30545066420240174,0.4642857142857143
USD_CHF_2014-10-27T00:00:00,0.6666666666666666,2.0,0.0,0.25
USD_CHF_2015-05-28T16:00:00,0.0,1.0,0.0,0.6
USD_CHF_2015-07-03T20:00:00,0.5,5.0,0.08741424002696904,0.3333333333333333
USD_CHF_2016-01-07T04:00:00,1.0,0.0,0.0,0.0
USD_CHF_2017-03-01T16:00:00,0.5555555555555556,9.0,0.08943293998190033,0.38333333333333336
USD_CHF_2017-09-04T08:00:00,0.375,2.0,0.4626021605151467,0.23809523809523808
USD_CHF_2017-09-15T08:00:00,0.5427350427350427,35.0,0.17563292534437658,0.75
USD_CHF_2017-09-26T20:00:00,0.5397489539748954,29.0,0.13425948209741057,0.5625
USD_CHF_2017-12-11T08:00:00,0.625,5.0,0.27182539271927786,0.5
USD_CHF_2018-06-19T00:00:00,0.6153846153846154,5.0,0.4525387696631075,0.5909090909090909
USD_CHF_2019-04-12T08:00:00,0.5095238095238095,23.0,0.15481307863032012,0.2803738317757009
USD_CHF_2019-06-19T12:00:00,0.0,0.0,0.0,0.0
USD_CHF_2019-10-29T16:00:00,1.0,2.0,0.10626511167911812,0.4
USD_CHF_2019-11-11T12:00:00,1.0,2.0,0.12306723301712202,0.5
USD_CHF_2020-11-03T08:00:00,0.0,0.0,0.0,0.0
USD_CHF_2021-01-12T20:00:00,0.5807860262008734,48.0,0.2126784616326095,0.975
USD_CHF_2021-01-20T20:00:00,0.0,0.0,0.0,0.0
USD_CHF_2021-08-31T04:00:00,0.5601851851851852,22.0,0.15240070510906223,0.5541666666666667
USD_CHF_2021-11-15T00:00:00,0.48502994011976047,18.0,0.26400412458950107,0.23076923076923078
USD_CHF_2021-12-08T12:00:00,0.5238095238095238,4.0,0.09403109271695828,0.775
USD_CHF_2022-02-08T08:00:00,0.5161290322580645,4.0,0.3461931513968246,0.3023255813953488
USD_CHF_2022-02-28T08:00:00,0.0,0.0,0.0,0.0
USD_CHF_2022-04-11T16:00:00,0.542016806722689,56.0,0.2330412482782325,0.6166666666666667
USD_CHF_2022-08-24T08:00:00,0.4927536231884058,15.0,0.36586228609104554,0.8055555555555556
USD_CHF_2022-11-02T08:00:00,0.5,4.0,0.2341671015615923,0.3333333333333333
USD_CHF_2023-02-07T16:00:00,0.5078125,22.0,0.1483074874489574,0.7163120567375887
USD_CHF_2023-03-20T12:00:00,0.75,3.0,0.07518960023122032,0.3076923076923077
USD_CHF_2024-05-27T16:00:00,0.0,1.0,0.0,0.25
USD_CHF_2025-02-13T04:00:00,0.0,0.0,0.0,0.0
USD_CHF_2025-05-14T08:00:00,0.5454545454545454,2.0,0.2117353110783894,0.07407407407407407
USD_CHF_2025-09-30T04:00:00,1.0,2.0,0.3131240939780183,0.3333333333333333
USD_JPY_2011-01-10T12:00:00,0.6,5.0,0.09091682032109777,0.15789473684210525
USD_JPY_2012-09-19T16:00:00,1.0,1.0,0.0,0.05
USD_JPY_2013-09-24T08:00:00,0.6,3.0,0.8483565815912921,0.65
USD_JPY_2013-09-24T20:00:00,0.8,3.0,0.6588548500398886,0.5882352941176471
USD_JPY_2014-07-07T08:00:00,0.0,0.0,0.0,0.0
USD_JPY_2015-05-06T12:00:00,0.6521739130434783,7.0,0.12520255595918173,0.6470588235294118
USD_JPY_2015-06-25T04:00:00,0.6666666666666666,2.0,0.024225722963315266,0.8
USD_JPY_2016-10-10T00:00:00,0.536,16.0,0.23893732754482244,0.6590909090909091
USD_JPY_2017-05-26T04:00:00,0.0,0.0,0.0,0.0
USD_JPY_2018-08-03T12:00:00,1.0,1.0,0.0,0.3125
USD_JPY_2018-09-06T00:00:00,0.0,1.0,0.0,0.3333333333333333
USD_JPY_2019-01-22T16:00:00,0.5172413793103449,4.0,0.06742526110957647,0.1388888888888889
USD_JPY_2019-01-23T16:00:00,0.4666666666666667,6.0,0.21535480371422955,0.3333333333333333
USD_JPY_2019-12-20T20:00:00,0.5,3.0,0.059037143444559737,0.625
USD_JPY_2020-09-07T04:00:00,0.5,2.0,0.1235170293978769,0.5833333333333334
USD_JPY_2020-11-13T12:00:00,1.0,1.0,0.0,0.45454545454545453
USD_JPY_2021-01-26T12:00:00,0.5606694560669456,55.0,0.27690756463152866,0.8416666666666667
USD_JPY_2021-07-14T12:00:00,0.0,0.0,0.0,0.0
USD_JPY_2021-07-27T00:00:00,0.0,0.0,0.0,0.0
USD_JPY_2022-02-28T12:00:00,0.0,0.0,0.0,0.0
USD_JPY_2022-11-02T00:00:00,1.0,1.0,0.0,1.0
USD_JPY_2022-11-02T08:00:00,1.0,1.0,0.0,1.0
USD_JPY_2023-02-07T16:00:00,0.5189873417721519,30.0,0.17359716642174128,0.5083333333333333
USD_JPY_2023-02-08T08:00:00,0.5150214592274678,30.0,0.17525077818641233,0.49166666666666664
USD_JPY_2024-05-28T04:00:00,0.43478260869565216,6.0,0.24506713194474639,0.34615384615384615
USD_JPY_2024-12-17T16:00:00,0.5242718446601942,14.0,0.3856926161343486,0.4784688995215311
USD_JPY_2025-04-10T00:00:00,0.0,1.0,0.0,0.3333333333333333
USD_JPY_2025-07-10T00:00:00,0.5583333333333333,20.0,0.18529327894953296,0.4
