trade_id,pair,monotonicity_ratio_in_profit,local_peaks_count,pullback_magnitude_median,time_to_peak_mfe_relative
1,GBP_AUD,0,0,0,0
2,GBP_JPY,0.4736842105,3,0.5298661985,0.3846153846
3,AUD_JPY,0.5,5,0.1833601211,0.275862069
4,EUR_JPY,0.4285714286,3,0,0.2352941176
5,GBP_NZD,0.5714285714,3,0,0.3076923077
6,AUD_USD,0,0,0,0
7,GBP_USD,0,0,0,0
8,GBP_AUD,0.5135135135,11,0.3208667833,0.2839506173
9,GBP_CHF,0,1,0,0.1111111111
10,USD_CAD,0,2,0,0
11,EUR_AUD,0,0,0,0
12,EUR_CAD,0.5151515152,7,0.9525069078,0.7346938776
13,USD_JPY,0.375,6,0.8249810868,0.56
14,CAD_JPY,0.4285714286,2,0.1698244243,0.1428571429
15,CHF_JPY,0.5,4,0.4425823206,0.5
16,AUD_USD,0,0,0,0
17,EUR_USD,0.3333333333,1,0,0.1333333333
18,EUR_CHF,0.6666666667,2,0,0.5882352941
19,AUD_CHF,0.5,4,0.3581800316,0.7857142857
20,NZD_USD,0.5,2,0,0.5384615385
21,NZD_CHF,0.5,4,0.0953265619,0.625
22,AUD_CAD,0,1,0,0.1
23,USD_CHF,0.4583333333,7,0.809922384,0.4333333333
24,USD_CAD,0.5,2,0.309572396,0.4444444444
25,AUD_JPY,0.5598290598,32,0.390511978,0.9709543568
26,AUD_NZD,0,1,0,0.1111111111
27,NZD_JPY,0.5319148936,27,0.47041363,0.9543568465
28,EUR_JPY,0.525,18,1.211442848,0.8796680498
29,NZD_CHF,0.4811715481,15,0.530916756,0.398340249
30,NZD_USD,0.5732217573,45,0.5326272432,0.9958506224
31,EUR_CHF,0.5172413793,8,0.6366530231,0.7407407407
32,NZD_CAD,0.525,36,0.590827712,0.9834024896
33,CHF_JPY,0,1,0,0.375
34,AUD_CHF,0,0,0,0
35,AUD_USD,0,0,0,0
36,CAD_CHF,0.5098039216,6,0.8037759686,0.5875
37,GBP_USD,0.5630252101,31,0.6957355468,0.846473029
38,USD_CAD,0,0,0,0
39,EUR_CAD,0,1,0,0
40,EUR_USD,0,0,0,0
41,GBP_AUD,0.5,3,0,0.3684210526
42,AUD_USD,0.5657894737,36,0.400485144,0.6887966805
43,AUD_CAD,0.4,8,0.2832250662,0.6666666667
44,AUD_CHF,0,1,0,0
45,GBP_CHF,0,0,0,0
46,CHF_JPY,0.525210084,23,0.518079168,0.2199170124
47,EUR_USD,0.5125,23,0.591464146,0.5975103734
48,GBP_JPY,0.5,3,0,0.5454545455
49,CAD_JPY,0.546875,9,0.854214098,0.4084507042
50,EUR_AUD,0.4,2,0,0.1
51,EUR_NZD,0.5384615385,2,0,0.09523809524
52,GBP_NZD,0.5159817352,15,0.494422494,0.6307053942
53,AUD_CHF,0.4871794872,31,0.4269439802,0.9211618257
54,AUD_CAD,0.5400843882,25,0.533980294,0.3526970954
55,GBP_AUD,0,1,0,0
56,EUR_NZD,0.4705882353,4,0.8458586463,0.3333333333
57,GBP_JPY,0.5324675325,43,0.3574067285,0.9709543568
58,USD_CAD,0.3333333333,2,0,0.07692307692
59,GBP_CAD,0,0,0,0
60,EUR_CHF,0.5,2,0,0.2222222222
61,USD_CHF,0,0,0,0
62,CAD_JPY,0.5043103448,46,0.4827244305,0.9875518672
63,USD_JPY,0,1,0,0.5
64,EUR_CAD,0.5,1,0,0.03571428571
65,AUD_JPY,0.5021097046,38,0.410394843,0.9211618257
66,EUR_GBP,0,0,0,0
67,CAD_CHF,0.5090909091,7,0.524500462,0.5342465753
68,EUR_CHF,0.3333333333,1,0,0.1
69,USD_CAD,0,2,0,0.2222222222
70,GBP_AUD,0,0,0,0
71,USD_CHF,0.5779816514,46,0.4185601149,0.9585062241
72,AUD_NZD,0.5,9,0.2851172853,0.5588235294
73,GBP_USD,0.4916666667,34,0.2892460945,0.6514522822
74,EUR_CAD,0.4651162791,12,0.633194465,0.2040816327
75,EUR_AUD,0.4567901235,9,1.519737232,0.28
76,EUR_NZD,0.3636363636,3,0,0.2631578947
77,USD_JPY,0.5714285714,57,0.6048609275,0.9128630705
78,NZD_JPY,0.4615384615,4,0.9505158063,0.45
79,NZD_USD,0.3846153846,3,0.7405960145,0.5
80,AUD_USD,0,0,0,0
81,GBP_CHF,0.5523012552,35,0.4680989885,0.6887966805
82,GBP_CAD,0,1,0,0.2222222222
83,NZD_JPY,0.5085470085,19,0.4803751265,0.4066390041
84,EUR_CHF,0.6428571429,8,0.2459643352,0.5333333333
85,EUR_JPY,0.5603448276,32,0.5282544765,0.7468879668
86,CAD_CHF,0.5,4,0.0689354074,0.3157894737
87,NZD_CHF,0.75,3,0.2495148488,0.5
88,GBP_CAD,0.4038461538,17,0.8213294001,0.5663716814
89,EUR_USD,0.6,1,0,0.125
90,AUD_USD,0.5079365079,18,0.7526095395,0.8695652174
91,CHF_JPY,0.4473684211,10,0.5109796834,0.4772727273
92,NZD_CAD,1,1,0,0.2222222222
93,GBP_NZD,0.55,7,0.6362371749,0.5
94,EUR_NZD,0,0,0,0
95,AUD_NZD,0.53125,12,0.5505413371,0.8
96,GBP_AUD,0.25,1,0,0.1428571429
97,GBP_JPY,0.5,32,0.5842267185,0.8132780083
98,CAD_CHF,0.5166666667,39,0.51838328,0.7219917012
99,AUD_CAD,0,1,0,0.7
100,EUR_USD,0,1,0,0.25
101,CAD_JPY,0,0,0,0
102,NZD_CAD,0,0,0,0
103,NZD_USD,0.6,3,0.7223500258,0.4347826087
104,EUR_CAD,0,1,0,0.2
105,CHF_JPY,0,1,0,0.2727272727
106,EUR_CHF,0.5555555556,6,0.4635340283,0.1551724138
107,AUD_NZD,0.497716895,23,0.8448317107,0.4232365145
108,AUD_JPY,0.5079365079,12,0.3909948998,0.7012987013
109,AUD_CHF,0.4862385321,11,0.7899593785,0.3768115942
110,NZD_CHF,0.5,5,0.8179713439,0.3134328358
111,EUR_AUD,0,0,0,0
112,GBP_AUD,0,0,0,0
113,GBP_NZD,0,1,0,0
114,CHF_JPY,0.5416666667,12,0.3625769953,0.5769230769
115,EUR_USD,1,1,0,0.08333333333
116,NZD_USD,0.6666666667,2,0.3207278123,0.7037037037
117,EUR_GBP,0,0,0,0
118,CAD_JPY,0.5,2,0,0.3333333333
119,GBP_CAD,1,1,0,0.5
120,NZD_CAD,0.4873096447,33,0.5156757559,0.5652173913
121,USD_CAD,0.5,2,0,0.5454545455
122,EUR_USD,0.5,2,0.2818010302,0.2142857143
123,NZD_CHF,0.5555555556,10,0.5907255916,0.6904761905
124,USD_JPY,0.5454545455,8,0.182292352,0.1875
125,AUD_JPY,0.5,1,0,0.4285714286
126,CAD_JPY,0.3333333333,1,0,0.0625
127,USD_CHF,0,2,0.0116321014,0.5
128,EUR_USD,0.5378151261,45,0.864355055,0.9045643154
129,NZD_JPY,0,1,0,0.1428571429
130,EUR_JPY,0.4166666667,8,0.6496568115,0.6666666667
131,AUD_CAD,0.4,3,0,0.1428571429
132,GBP_CAD,1,1,0,0.2
133,AUD_USD,0.517699115,18,0.742448018,0.5518672199
134,GBP_USD,0,0,0,0
135,NZD_CHF,0,1,0,0.1428571429
136,EUR_AUD,0.625,2,0,0.6666666667
137,EUR_NZD,0.625,5,0.661176039,0.6428571429
138,EUR_GBP,0,0,0,0
139,CHF_JPY,0.5714285714,1,0,0.25
140,GBP_AUD,0,0,0,0
141,EUR_NZD,0.4788732394,7,1.214997027,0.8795180723
142,AUD_CAD,0.4444444444,7,0.8399648735,0.6363636364
143,EUR_CHF,0.5333333333,10,0.2291396353,0.7222222222
144,GBP_CHF,0,1,0,0
145,GBP_JPY,0,0,0,0
146,NZD_USD,0,1,0,0.2857142857
147,GBP_AUD,0,0,0,0
148,NZD_CHF,0.55,4,0.148914282,0.2727272727
149,EUR_GBP,0.6666666667,5,0.7063839466,0.7037037037
150,CAD_CHF,0.4716981132,10,0.8443155688,0.2525773196
151,USD_JPY,0.6071428571,3,0,0.1333333333
152,AUD_JPY,0.5,1,0,0.1
153,NZD_JPY,0,2,0.3021030388,0.4444444444
154,NZD_USD,0.5,3,0,0.4444444444
155,GBP_AUD,0.3846153846,4,0.6515484543,0.3333333333
156,CHF_JPY,0.5053191489,22,0.542437866,0.8793969849
157,EUR_NZD,0.4916666667,17,0.7750715496,0.7800829876
158,USD_CHF,0,0,0,0
159,AUD_NZD,0.5166666667,6,0.3376733588,0.1585365854
160,GBP_JPY,0.5,16,0.7824611507,0.3651452282
161,GBP_CAD,0.5458333333,20,0.638340325,0.77593361
162,GBP_CHF,0.5485232068,14,0.3499728125,0.846473029
163,GBP_NZD,0.5105485232,25,0.8026847698,0.7468879668
164,NZD_USD,0,1,0,0.09090909091
165,NZD_JPY,0,0,0,0
166,CAD_JPY,0.4765100671,8,1.057793214,0.5379746835
167,GBP_AUD,0.5625,27,0.744374791,0.9958506224
168,EUR_JPY,0.4188034188,10,0.9311865927,0.4661654135
169,EUR_GBP,0.5,7,0.5064283697,0.3924050633
170,NZD_USD,0.5272727273,7,0.565427686,0.375
171,GBP_USD,0.25,3,0.1828353402,0.1538461538
172,EUR_AUD,0,0,0,0
173,EUR_CHF,0,0,0,0
174,NZD_CHF,0.75,2,0.098937058,0.3125
175,AUD_JPY,0.4444444444,4,0.4615150338,0.5
176,NZD_JPY,0,2,0.1774153913,0
177,USD_JPY,0.4742857143,19,0.8174482382,0.6650485437
178,GBP_USD,0.6666666667,2,0,0.7142857143
179,AUD_CAD,0.484375,9,0.685834717,0.9306930693
180,AUD_NZD,0.4895833333,12,0.3344614407,0.243902439
181,EUR_AUD,0.4623655914,13,0.6503065289,0.8365384615
182,USD_CHF,0.5444444444,12,0.4638504725,0.3578947368
183,USD_CAD,1,2,0,0.4
184,CAD_CHF,0.5454545455,7,0.4212128324,0.5277777778
185,EUR_CAD,0,0,0,0
186,GBP_USD,0,0,0,0
187,AUD_JPY,0.2,2,0.2112241226,0.3333333333
188,CAD_JPY,0,1,0,0
189,NZD_CHF,0,1,0,0.125
190,EUR_GBP,0,1,0,0
191,USD_CAD,0.6666666667,1,0,0.5
192,EUR_NZD,0,1,0,0.2
193,EUR_CHF,0.6666666667,2,0.3805294427,0.2
194,CAD_JPY,0,1,0,0
195,AUD_USD,0,0,0,0
196,NZD_CHF,0,0,0,0
197,GBP_CAD,0.5609756098,9,0.6884782832,0.7142857143
198,EUR_AUD,0.3333333333,2,0,0.1538461538
199,USD_CAD,0.5442477876,18,0.9181702944,0.7261410788
200,EUR_CAD,0,0,0,0
201,EUR_GBP,0,0,0,0
202,GBP_AUD,0.5307017544,28,0.4820140365,0.6929460581
203,GBP_NZD,0,0,0,0
204,GBP_JPY,0,0,0,0
205,NZD_CAD,0.3333333333,1,0,0.1
206,EUR_GBP,0,0,0,0
207,NZD_CHF,0.5416666667,9,0.09030949515,0.4324324324
208,EUR_CAD,0,0,0,0
209,CAD_CHF,0,0,0,0
210,AUD_CHF,0,0,0,0
211,NZD_JPY,0.3333333333,0,0,0
212,NZD_USD,0,1,0,0.25
213,GBP_CHF,0.5,3,0,0.1666666667
214,GBP_JPY,0.5238095238,9,0.4215961948,0.3666666667
215,EUR_AUD,0.3636363636,4,0.2445412644,0.3913043478
216,EUR_CAD,0.4736842105,9,0.7035552244,0.5384615385
217,EUR_NZD,0.5555555556,6,0,0.3333333333
218,GBP_USD,0,0,0,0
219,AUD_CAD,0.4925373134,11,0.210032932,0.1875
220,AUD_NZD,0,3,0.1618984479,0.3636363636
221,EUR_USD,1,1,0,0.9285714286
222,NZD_USD,0.5185185185,6,0.1837207115,0.1475409836
223,EUR_AUD,0,0,0,0
224,AUD_CHF,0.4411764706,11,0.4965936806,0.5263157895
225,NZD_JPY,0.6363636364,7,0,0.4666666667
226,AUD_JPY,0.3333333333,3,0.3318134528,0.3181818182
227,NZD_CHF,0.4705882353,6,0.1837759128,0.2916666667
228,EUR_CAD,0,0,0,0
229,NZD_CAD,0,0,0,0
230,EUR_NZD,0.5,4,0.3699221743,0.3333333333
231,EUR_AUD,0,0,0,0
232,NZD_CAD,0.5217391304,29,0.4538529225,0.3756345178
233,AUD_CHF,0.5381355932,26,0.6559825825,0.9626556017
234,AUD_JPY,0.5164835165,13,0.4597154991,0.3229166667
235,AUD_USD,0.4867256637,13,0.5939019705,0.2158273381
236,CAD_JPY,0.5090909091,7,0.542378537,0.4
237,EUR_CHF,0,0,0,0
238,GBP_JPY,0.5806451613,11,0.637759613,0.75
239,NZD_JPY,0.563559322,38,0.499209107,0.9626556017
240,GBP_USD,0.5,11,0.8408049571,0.7578947368
241,AUD_CAD,0.5412844037,14,0.880322692,0.3716814159
242,NZD_USD,0.4561403509,4,0.2006123975,0.1176470588
243,EUR_CAD,0.5,6,0.6907995646,0.7906976744
244,EUR_CHF,0.5454545455,9,0.73768084,0.6923076923
245,GBP_CHF,0.5,3,0.3403487777,0.4166666667
246,EUR_GBP,0.5625,5,0.3190489974,0.380952381
247,EUR_JPY,0.8,9,0,0.5625
248,NZD_CHF,0.4838709677,11,0.4740551341,0.7333333333
249,AUD_NZD,0,0,0,0
250,EUR_CHF,0.5384615385,11,0.286937342,0.66
251,USD_JPY,0.5833333333,2,0.4950589118,0.8125
252,USD_CHF,0.5538461538,19,1.078125118,0.4048780488
253,GBP_NZD,0.4925373134,14,0.7532372681,0.6666666667
254,GBP_AUD,0.5862068966,3,0.8070501451,0.575
255,GBP_CHF,0,0,0,0
256,EUR_AUD,0.5333333333,2,1.133566301,0.4090909091
257,CAD_JPY,0.5648535565,35,0.518488608,0.4564315353
258,AUD_JPY,0,2,0,0.25
259,CHF_JPY,0.375,3,0,0.2222222222
260,CAD_CHF,0,0,0,0
261,EUR_JPY,0.5,4,0.2320361704,0.3333333333
262,GBP_AUD,0.25,5,0.6480656266,0.5869565217
263,EUR_JPY,0.75,4,0.1974244228,0.8461538462
264,AUD_JPY,0.5733333333,34,0.483349438,0.2652173913
265,GBP_CHF,0.45,10,0.6538299135,0.5454545455
266,GBP_USD,0.5603448276,14,0.7607566035,0.4715447154
267,GBP_JPY,0.5829383886,25,0.386489868,0.2336448598
268,EUR_JPY,0.5765765766,21,0.311397597,0.2536231884
269,AUD_USD,0.5254237288,17,0.329883085,0.536
270,NZD_USD,0.5119047619,22,0.296113877,0.1899441341
271,USD_JPY,0.5053763441,5,0.97451134,0.2389380531
272,CAD_CHF,1,4,1.124594746,0.7
273,NZD_CHF,0.5357142857,6,0.1329009141,0.1230769231
274,CHF_JPY,0.4925373134,10,0.933395322,0.4915254237
275,GBP_CAD,0.4615384615,5,0.8266885783,0.7333333333
276,GBP_AUD,0.4444444444,3,0,0.1739130435
277,AUD_CHF,0.4705882353,8,0.548124838,0.3243243243
278,EUR_AUD,0,1,0,0
279,USD_CAD,0.5560344828,46,0.6509396995,0.9336099585
280,EUR_GBP,0.5714285714,8,0.206376304,0.3484848485
281,AUD_NZD,1,1,0,0.4
282,NZD_JPY,0.5,5,0,0.4615384615
283,EUR_AUD,0.5526315789,8,0.7224164494,0.488372093
284,EUR_NZD,0,1,0,0.1428571429
285,EUR_CAD,0.4615384615,5,0.3367235532,0.5882352941
286,EUR_CAD,0.4444444444,2,0,0.1333333333
287,GBP_AUD,0,2,0,0.25
288,GBP_NZD,0,2,0,0.25
289,GBP_USD,0.4594594595,13,0.4912828137,0.46
290,AUD_CAD,0.4666666667,6,0.5067650284,0.7096774194
291,NZD_CHF,0,0,0,0
292,USD_JPY,0,1,0,0.3333333333
293,EUR_CAD,0,0,0,0
294,GBP_NZD,0.5486725664,44,0.544298253,0.9917012448
295,AUD_CAD,0.6,4,1.184962226,0.4333333333
296,EUR_GBP,0.4326923077,11,1.290358276,0.3925233645
297,EUR_CAD,0.4117647059,1,0,0.4193548387
298,EUR_NZD,0,0,0,0
299,GBP_AUD,0.5454545455,10,0.3458328579,0.4333333333
300,EUR_AUD,0.3,8,0.4210023792,0.3529411765
301,EUR_CHF,0,0,0,0
302,AUD_CAD,0.5083333333,19,0.675172308,0.615942029
303,AUD_CHF,0,0,0,0
304,NZD_CAD,0.4935064935,12,0.6201081949,0.4634146341
305,GBP_AUD,0.6666666667,1,0,0.125
306,GBP_CHF,0.5789473684,5,0.5224078108,0.3846153846
307,GBP_JPY,0.5333333333,5,0.5351401536,0.4
308,GBP_CAD,0.5038167939,16,0.519557671,0.4833333333
309,USD_JPY,0.5324675325,28,0.3374684975,0.2904564315
310,AUD_JPY,0.5574468085,25,0.480618214,0.2987551867
311,GBP_JPY,0.5864978903,32,0.432620097,0.9460580913
312,NZD_JPY,0.5034013605,27,0.5294383223,0.4397590361
313,NZD_CHF,0.5271317829,8,0.5275683808,0.09285714286
314,EUR_NZD,0,0,0,0
315,NZD_USD,0.4666666667,7,0.5601132379,0.6578947368
316,AUD_USD,0.619047619,8,0.645976293,0.7941176471
317,CHF_JPY,0.45,13,0.4941339747,0.578125
318,CAD_CHF,0,1,0,0
319,EUR_JPY,0.525,8,0.958904842,0.3522727273
320,GBP_CHF,0.5361702128,22,0.371923547,0.1659751037
321,CAD_CHF,0.5353982301,19,0.222996893,0.1203319502
322,GBP_AUD,0.4433962264,17,0.678734894,0.4590909091
323,CAD_JPY,0.5238095238,13,1.651795074,0.6060606061
324,EUR_AUD,0,2,0,0
325,EUR_NZD,0,0,0,0
326,USD_CHF,0,0,0,0
327,AUD_CHF,0,0,0,0
328,AUD_USD,0,0,0,0
329,GBP_USD,0,0,0,0
330,CHF_JPY,0.3333333333,3,0.2131053412,0.4545454545
331,NZD_USD,0,0,0,0
332,EUR_AUD,0,0,0,0
333,EUR_NZD,0.5,20,1.092314875,0.421686747
334,USD_CHF,0,0,0,0
335,AUD_NZD,0,0,0,0
336,AUD_CHF,0,0,0,0
337,EUR_CHF,0.4942528736,12,1.809404229,0.5714285714
338,NZD_JPY,0,0,0,0
339,USD_CHF,0.5,1,0,0.6666666667
340,AUD_USD,0.5791666667,39,0.459923879,0.9751037344
341,CAD_JPY,0.5098039216,13,0.3991090299,0.53125
342,GBP_NZD,0,0,0,0
343,AUD_CAD,0.5350877193,30,0.7270175014,0.5352697095
344,NZD_JPY,0.5857740586,58,0.443145021,0.8796680498
345,NZD_USD,0.5439330544,32,0.673798532,0.9377593361
346,NZD_CAD,0.5188284519,32,0.632375896,0.468879668
347,USD_CHF,0.5217391304,2,0,0.1176470588
348,AUD_CHF,1,1,0,0.2
349,AUD_NZD,0.6,8,0.577557742,0.5
350,GBP_USD,0,0,0,0
351,EUR_CAD,0,1,0,0
352,USD_CAD,0,1,0,0
353,GBP_NZD,0,0,0,0
354,EUR_JPY,0,1,0,0.09090909091
355,EUR_USD,0,2,0.962941835,0.6363636364
356,AUD_JPY,0,0,0,0
357,AUD_CHF,0,1,0,0.1666666667
358,NZD_CHF,0,0,0,0
359,GBP_CAD,0,0,0,0
360,AUD_CHF,0,0,0,0
361,NZD_CHF,0,0,0,0
362,USD_JPY,0.6059322034,54,0.48841807,0.867219917
363,AUD_NZD,0.625,6,0,0.2608695652
364,CHF_JPY,0.4285714286,3,0,0.2307692308
365,AUD_JPY,0,1,0,0
366,USD_CHF,0.5648535565,43,0.478880402,0.9543568465
367,GBP_CHF,0,0,0,0
368,EUR_AUD,0.4666666667,8,0.7793476454,0.2888888889
369,EUR_CAD,0,1,0,0.5
370,EUR_NZD,0.4482758621,7,0.3769240509,0.2888888889
371,CHF_JPY,0.5333333333,40,0.442685049,0.6804979253
372,GBP_NZD,0.4583333333,9,0.0889697485,0.2083333333
373,EUR_CHF,0.5172413793,15,0.269412338,0.22
374,EUR_GBP,0.5161290323,5,0.6802223037,0.5384615385
375,EUR_JPY,0.5458333333,28,0.389330872,0.7012448133
376,CAD_CHF,0.5378151261,39,0.8630668375,0.9294605809
377,GBP_JPY,0,0,0,0
378,AUD_CHF,0.4978902954,26,0.782522247,0.3900414938
379,GBP_CHF,0,0,0,0
380,AUD_NZD,0,2,0,0.4
381,GBP_JPY,0.533632287,26,1.034018742,0.5570175439
382,NZD_CHF,1,2,0,0.375
383,AUD_JPY,0.3333333333,0,0,0
384,CAD_JPY,0,1,0,0
385,EUR_AUD,0,1,0,0
386,CAD_JPY,0.5394736842,20,0.547204152,0.2904564315
387,GBP_NZD,0.5291666667,33,0.5693797525,0.7427385892
388,AUD_NZD,0.533632287,15,0.703937573,0.4647302905
389,GBP_AUD,0.6,2,0.0493933187,0.5
390,EUR_NZD,0,0,0,0
391,GBP_CAD,0.5,3,0.4852072007,0.8125
392,EUR_AUD,0.5166666667,24,1.096753832,0.5228215768
393,EUR_CAD,0,0,0,0
394,USD_CAD,0,1,0,0.3333333333
395,AUD_JPY,0.4166666667,6,0.7452659352,0.4722222222
396,GBP_CHF,0.5555555556,7,0.627530374,0.6
397,GBP_USD,0.3333333333,6,0.2567487967,0.6666666667
398,EUR_NZD,0,0,0,0
399,GBP_AUD,0.4,8,1.143112211,0.4
400,EUR_GBP,0.4958333333,22,1.333084698,0.9460580913
401,GBP_CHF,0,1,0,0.25
402,EUR_USD,0,0,0,0
403,USD_JPY,0.5052631579,7,0.9976626521,0.4051724138
404,USD_CAD,0,0,0,0
405,USD_CHF,0.5344827586,13,0.578871359,0.6666666667
406,AUD_CAD,0,2,0,0.375
407,EUR_JPY,0,0,0,0
408,EUR_NZD,0,0,0,0
409,USD_CAD,0,0,0,0
410,EUR_CHF,0,1,0,0.3333333333
411,EUR_CAD,0,0,0,0
412,GBP_AUD,0.46875,3,0,0.03797468354
413,AUD_USD,0.52,24,0.6597548263,0.6095238095
414,CHF_JPY,0.5774058577,50,0.339125486,0.7302904564
415,GBP_CHF,0,0,0,0
416,GBP_JPY,0.533632287,33,0.222529833,0.3651452282
417,NZD_JPY,0.5344827586,38,0.3603698153,0.356846473
418,EUR_CHF,0.5057471264,15,0.3061218201,0.7457627119
419,GBP_USD,0.4722222222,8,0.4131297916,0.3333333333
420,AUD_CAD,0.5068493151,14,0.8768179536,0.587628866
421,AUD_JPY,0.5483870968,29,0.30419153,0.3278008299
422,NZD_USD,0.5243902439,16,0.6889482545,0.6063829787
423,GBP_CAD,0.5483870968,7,0.8399663859,0.5238095238
424,EUR_CAD,0.4516129032,4,0.2887805868,0.1891891892
425,NZD_CAD,0,0,0,0
426,EUR_JPY,0.539748954,32,0.407129468,0.5892116183
427,EUR_NZD,0,0,0,0
428,EUR_USD,0.4285714286,4,0,0.4545454545
429,USD_CAD,0,1,0,0.2222222222
430,GBP_CHF,0,1,0,0
431,NZD_CHF,0,0,0,0
432,USD_CHF,0.5444444444,21,0.562145217,0.5434782609
433,EUR_NZD,0.4,2,0.5034805578,0.4615384615
434,NZD_CHF,0,0,0,0
435,CAD_CHF,0.3333333333,2,0.6654499998,0.5454545455
436,EUR_AUD,0.3636363636,6,0.4712251014,0.6470588235
437,GBP_AUD,0,2,0,0
438,GBP_NZD,0,2,0,0
439,EUR_USD,0.4810126582,5,1.647194708,0.6153846154
440,EUR_NZD,0.6,3,0.2766421953,0.5555555556
441,USD_JPY,0.5274725275,16,0.4255435968,0.6052631579
442,EUR_CAD,0.5,4,0.4964116914,0.4285714286
443,CAD_CHF,0,0,0,0
444,EUR_AUD,0.3333333333,4,0.8552971256,0.7368421053
445,GBP_AUD,0,1,0,0
446,USD_CAD,0,0,0,0
447,CAD_JPY,0,0,0,0
448,AUD_NZD,0.5358649789,32,0.687527643,0.9751037344
449,AUD_CHF,0.5087719298,14,1.174990595,0.9502074689
450,NZD_CHF,0.4777070064,8,0.794311996,0.829787234
451,AUD_CAD,0.6666666667,3,0,0.7142857143
452,GBP_AUD,0,1,0,0
453,CAD_JPY,0.5606060606,11,0.64092684,0.5
454,USD_CHF,0.6666666667,2,0.1750886043,0.2307692308
455,NZD_CAD,0.514084507,12,0.75580589,0.5492227979
456,AUD_CAD,0.5105263158,21,0.6514553442,0.5023923445
457,AUD_JPY,0,1,0,0
458,AUD_USD,0.5203252033,16,0.924287628,0.5679012346
459,EUR_USD,0,1,0,0.1428571429
460,GBP_USD,0,0,0,0
461,NZD_USD,0.5288461538,15,1.100476921,0.7441860465
462,CHF_JPY,0,0,0,0
463,GBP_USD,0.4891304348,9,0.5792165859,0.21
464,GBP_AUD,0.4615384615,4,0,0.2352941176
465,EUR_USD,0.4,5,0.9307791391,0.4637681159
466,EUR_AUD,0.3888888889,4,0.2933958782,0.2307692308
467,EUR_CHF,0,2,0,0.3333333333
468,CHF_JPY,0.5583333333,44,0.274784814,0.8381742739
469,EUR_JPY,0.5862068966,5,0.3806620829,0.4722222222
470,CAD_JPY,0.6428571429,7,0.1594800954,0.5882352941
471,NZD_JPY,0.4895833333,27,0.3515769302,0.7574257426
472,GBP_JPY,0,0,0,0
473,AUD_JPY,0.8,10,0.3977988306,0.7368421053
474,GBP_NZD,0,0,0,0
475,USD_CHF,0.4901960784,24,0.5657080025,0.752293578
476,USD_JPY,0.5625,37,0.407799204,0.9917012448
477,CAD_JPY,0.5189873418,28,0.5131260352,0.4398340249
478,EUR_AUD,0,1,0,0
479,EUR_JPY,0,0,0,0
480,USD_CAD,0,1,0,0.5
481,EUR_NZD,0.5512820513,46,0.758508847,0.9419087137
482,CAD_CHF,0.3333333333,2,0,0.3333333333
483,EUR_USD,0,1,0,0.2
484,NZD_CHF,0,0,0,0
485,AUD_JPY,0.25,3,0.72807393,0.3125
486,EUR_CHF,0.4285714286,7,0.267993334,0.4090909091
487,EUR_JPY,0.5217391304,17,0.7083725576,0.4326923077
488,EUR_AUD,0,0,0,0
489,EUR_CAD,0,1,0,0.2
490,EUR_GBP,0.3333333333,2,0,0.1428571429
491,NZD_CAD,0.5555555556,0,0,0
492,USD_CAD,0.5714285714,5,0.5988283388,0.625
493,AUD_JPY,0.5294117647,4,0.5057211497,0.5714285714
494,GBP_JPY,0,0,0,0
495,EUR_AUD,0,0,0,0
496,EUR_USD,0,0,0,0
497,NZD_CAD,0.4285714286,4,0.4419126412,0.5925925926
498,GBP_USD,0.5,2,0,0.1538461538
499,AUD_CAD,0.5675675676,10,0.7064950426,0.6545454545
500,NZD_USD,0,1,0,0
501,AUD_JPY,0,2,0,0.2222222222
502,AUD_NZD,0.5208333333,15,0.912787371,0.4700854701
503,EUR_AUD,0.4666666667,3,0.5846638833,0.2
504,GBP_CAD,0,0,0,0
505,USD_CAD,0.5230125523,23,1.578643871,0.4273858921
506,USD_CHF,0.5433789954,21,1.382992984,0.6069868996
507,AUD_USD,0,0,0,0
508,EUR_CHF,0,0,0,0
509,GBP_NZD,0,1,0,0
510,AUD_CHF,0,1,0,0
511,EUR_AUD,0.5208333333,16,0.679694594,0.3609958506
512,EUR_CAD,0.4491525424,7,1.217299524,0.7021276596
513,GBP_AUD,0.5086956522,6,1.15306894,0.2365145228
514,GBP_CAD,0.5,3,0,0.1363636364
515,CHF_JPY,0.5126582278,19,0.4648323296,0.4705882353
516,GBP_NZD,0.5,1,0,0.1111111111
517,EUR_JPY,0,0,0,0
518,EUR_USD,0,0,0,0
519,GBP_USD,0,0,0,0
520,USD_JPY,0.7,17,0.234676534,0.9375
521,NZD_JPY,0.5708333333,23,0.6804700995,0.9958506224
522,NZD_CAD,0.5924369748,64,0.634343225,0.9958506224
523,EUR_CHF,0.5428571429,17,0.3058323102,0.3853211009
524,GBP_CHF,0.5308641975,16,0.4344427719,0.4666666667
525,GBP_JPY,0,2,0,0
526,GBP_USD,0,0,0,0
527,NZD_CHF,0.5882352941,37,0.6428820492,0.9709543568
528,CAD_JPY,0.6,5,0.794118928,0.9230769231
529,EUR_USD,0.5458515284,34,0.8315646203,0.9834024896
530,NZD_USD,0.5485232068,44,0.778851709,0.9502074689
531,EUR_JPY,0,1,0,0.5
532,AUD_CHF,0,1,0,0.25
533,USD_JPY,0,0,0,0
534,AUD_CAD,0.5217391304,38,0.3527844383,0.8838174274
535,GBP_NZD,0.3333333333,3,0,0.25
536,AUD_USD,0,0,0,0
537,GBP_USD,0,0,0,0
538,AUD_CHF,0,0,0,0
539,CAD_CHF,0,0,0,0
540,EUR_GBP,1,1,0,0.5
541,EUR_CAD,0.5,3,0,0.75
542,GBP_NZD,0.4444444444,3,0,0.1875
543,GBP_USD,0.510460251,21,0.795943229,0.6141078838
544,AUD_USD,0.5375,17,0.521588632,0.5726141079
545,EUR_JPY,0,0,0,0
546,AUD_NZD,0,0,0,0
547,EUR_CAD,1,1,0,0.1666666667
548,EUR_JPY,0.5555555556,7,0.5558832271,0.68
549,GBP_CHF,0.4722222222,16,0.7173473304,0.768
550,GBP_JPY,0.56,5,0.5040193852,0.3636363636
551,GBP_CAD,0.5296610169,27,0.848437651,0.398340249
552,CHF_JPY,0.25,2,0,0.3333333333
553,EUR_JPY,0.4,2,0,0.375
554,AUD_CHF,0.3846153846,6,0.6155367259,0.3636363636
555,EUR_CHF,0.5508474576,21,0.9320820471,0.8215767635
556,EUR_AUD,1,2,0,0.2352941176
557,GBP_AUD,0,1,0,0.3333333333
558,EUR_CAD,0.4827586207,7,0.6320805039,0.276119403
559,USD_JPY,0.75,5,0,0.8571428571
560,EUR_JPY,0.6875,9,1.017226304,0.6444444444
561,AUD_JPY,0,2,0,0.3
562,NZD_CAD,0,0,0,0
563,CHF_JPY,0.5882352941,4,0.08416321,0.3333333333
564,GBP_JPY,0.4,2,0,0.4
565,EUR_GBP,0.5423728814,22,0.795872667,0.8381742739
566,AUD_NZD,0.5350877193,31,0.498391965,0.9253112033
567,EUR_NZD,0.5,3,0.8595620198,0.8
568,AUD_CAD,0.5129310345,26,0.7353437559,0.5684647303
569,AUD_CHF,0,1,0,0.1666666667
570,USD_JPY,0.4545454545,4,0.3943048772,0.4444444444
571,AUD_JPY,0.375,3,0,0.1764705882
572,CAD_CHF,0.5294117647,10,1.00485075,0.6470588235
573,NZD_USD,0,2,0.5396764479,0.6666666667
574,EUR_NZD,0.5454545455,12,0.4878998411,0.6949152542
575,USD_CAD,0.4,2,0,0.7142857143
576,USD_CHF,0,1,0,0.3333333333
577,AUD_CHF,0.5105263158,16,0.448069275,0.3438914027
578,EUR_JPY,0.7142857143,10,0.5205621831,0.5909090909
579,USD_JPY,0.5,2,0,0.6315789474
580,AUD_JPY,0.6,2,0,0.2
581,NZD_JPY,0,1,0,0.125
582,EUR_CAD,0.75,4,0.5417872553,0.7333333333
583,EUR_JPY,0.5063829787,30,0.418769473,0.8257261411
584,EUR_USD,0,0,0,0
585,GBP_CAD,0.5,7,0.2674340245,0.1578947368
586,AUD_JPY,0.5108225108,16,0.6906490035,0.4638297872
587,CAD_JPY,0.525,35,0.461028767,0.6929460581
588,GBP_JPY,0.4727272727,7,0.28631926,0.2
589,CHF_JPY,0.5291666667,30,0.6335876783,0.8796680498
590,NZD_USD,0.4833333333,10,0.6097370127,0.8307692308
591,NZD_CAD,0.5625,5,0.4582632017,0.2790697674
592,GBP_CHF,0,0,0,0
593,CAD_CHF,0,0,0,0
594,NZD_JPY,0.5384615385,3,0.5938677069,0.3846153846
595,USD_JPY,0.4285714286,1,0,0.03703703704
596,AUD_USD,0,0,0,0
597,GBP_USD,0,0,0,0
598,EUR_CAD,0,0,0,0
599,NZD_USD,0.3846153846,5,0.8124510152,0.8409090909
600,EUR_CHF,0,4,0,0.5
601,GBP_AUD,0.5208333333,53,0.742376292,0.9958506224
602,AUD_USD,0.5,2,1.366552598,0.7307692308
603,NZD_CAD,0.4,2,0,0.08
604,GBP_USD,0,0,0,0
605,GBP_NZD,0.5208333333,35,1.041796618,0.9709543568
606,USD_JPY,0.5487804878,15,0.7824547322,0.7959183673
607,EUR_NZD,0,0,0,0
608,USD_CAD,0.4971098266,18,0.4708689247,0.4293478261
609,USD_CHF,0.4875,19,0.349007236,0.5487804878
610,GBP_JPY,0,0,0,0
611,EUR_AUD,0.5458333333,36,0.7833759095,0.8381742739
612,EUR_CAD,0.5407725322,26,0.822162303,0.4647302905
613,CAD_CHF,0.6666666667,2,0,0.5
614,GBP_JPY,0,1,0,0.08695652174
615,AUD_CAD,0.375,3,0,0.2142857143
616,NZD_JPY,0,0,0,0
617,NZD_USD,0,1,0,0.0625
618,NZD_CAD,0,0,0,0
619,EUR_USD,0.4444444444,5,0.355746387,0.6666666667
620,CAD_CHF,0.6,3,0.3553702027,0.6
621,EUR_NZD,0.5,6,0.7225277732,0.7916666667
622,AUD_NZD,0,1,0,0
623,GBP_CAD,0.5690376569,33,0.86285834,0.9253112033
624,CAD_CHF,0,0,0,0
625,NZD_CAD,0,0,0,0
626,EUR_USD,0.5541666667,27,0.3660495487,0.7385892116
627,AUD_CHF,0.5,6,0.4173520077,0.4193548387
628,CAD_CHF,0.6666666667,3,0.1446403474,0.8333333333
629,NZD_CHF,0.625,5,0,0.1315789474
630,USD_CHF,0,0,0,0
631,GBP_CHF,0.6,4,0.1533638628,0.625
632,EUR_NZD,0.2916666667,6,0.3329326642,0.5510204082
633,EUR_CHF,0.475,6,0.5105608589,0.3414634146
634,GBP_USD,0.5313807531,32,0.4445963745,0.7966804979
635,USD_JPY,0.375,3,0.7483302103,0.5263157895
636,USD_CHF,0.5,3,0,0.5
637,EUR_JPY,0,2,0,0.4285714286
638,NZD_JPY,0.5714285714,3,0.633267862,0.5263157895
639,NZD_USD,0.5714285714,6,0.3713892279,0.2564102564
640,CAD_JPY,0,0,0,0
641,CAD_CHF,0,0,0,0
642,NZD_CHF,0,1,0,0
643,GBP_AUD,0.4545454545,1,0,0.5483870968
644,EUR_JPY,0.5666666667,35,0.414707878,0.3900414938
645,USD_CAD,0,0,0,0
646,CAD_JPY,0.4242424242,9,0.459673728,0.3333333333
647,AUD_JPY,0.55,8,0.3318750463,0.5853658537
648,GBP_NZD,0.4809160305,16,0.679475233,0.3288590604
649,AUD_NZD,0.3783783784,15,0.450571181,0.5384615385
650,CHF_JPY,0.5230125523,32,0.7658382081,0.7510373444
651,NZD_CAD,0.54375,19,0.735874386,0.4360465116
652,EUR_NZD,0.5,8,0.6199333898,0.5294117647
653,USD_CAD,0.5084745763,10,0.6764279658,0.4920634921
654,GBP_AUD,0,0,0,0
655,EUR_CHF,0,0,0,0
656,GBP_CHF,0,0,0,0
657,AUD_CHF,0.4954545455,27,0.380822614,0.7468879668
658,GBP_JPY,0.652173913,6,0.4384995598,0.7272727273
659,NZD_USD,0.5294117647,11,0.5651611255,0.7435897436
660,USD_CAD,0.5251798561,20,0.170345582,0.5064102564
661,AUD_USD,0,0,0,0
662,GBP_CAD,0,1,0,0
663,NZD_USD,0.5384615385,9,0.6147372611,0.6046511628
664,USD_CHF,0.3333333333,1,0,0.08333333333
665,CAD_CHF,0.4,0,0,0
666,NZD_CHF,0.5384615385,3,0,0.15
667,GBP_JPY,0,0,0,0
668,CAD_JPY,0.525,40,0.69407697,0.6473029046
669,AUD_JPY,0,1,0,0.125
670,GBP_AUD,0.5238095238,6,0.40355285,0.6578947368
671,EUR_AUD,0,1,0,0.1111111111
672,USD_CHF,0.5428571429,5,0.5735680251,0.3148148148
673,GBP_NZD,0.5232067511,16,0.9977296475,0.7676348548
674,EUR_NZD,0.5,4,0,0.1935483871
675,EUR_CAD,0.5,0,0,0
676,AUD_NZD,0.5151515152,20,0.329502444,0.5430463576
677,USD_JPY,0,1,0,0
678,AUD_USD,0.510460251,25,0.489354333,0.2821576763
679,CAD_CHF,0.5348837209,10,0.6479515353,0.62
680,GBP_USD,0.5782608696,39,0.4158620365,0.7053941909
681,GBP_JPY,0.5,39,0.4132250497,0.510373444
682,EUR_JPY,0.5333333333,38,0.4538192668,0.7883817427
683,AUD_CAD,0.5957446809,18,0.3036926076,0.5789473684
684,EUR_USD,0.4958333333,32,0.5959929603,0.622406639
685,GBP_CHF,0.4772727273,7,0.9140792479,0.6296296296
686,EUR_CAD,0.5428571429,5,0.4404540477,0.2682926829
687,USD_CHF,0.5,2,0,0.4
688,NZD_CHF,0,1,0,0.25
689,GBP_AUD,0.5439330544,26,0.8797465,0.9170124481
690,NZD_USD,0,0,0,0
691,AUD_JPY,0,0,0,0
692,GBP_CAD,0,1,0,0
693,USD_JPY,0.475,16,0.4055874925,0.4941176471
694,EUR_CHF,0.4285714286,2,0,0.5384615385
695,NZD_JPY,0.512195122,11,0.2943897544,0.6231884058
696,CHF_JPY,0.512195122,4,0.6726478213,0.3958333333
697,USD_CHF,0,0,0,0
698,AUD_CAD,0.4698795181,14,1.184305907,0.3663366337
699,NZD_CAD,0.46,11,0.8785065088,0.5820895522
700,GBP_CHF,0,0,0,0
701,NZD_CHF,0.5,1,0,0.07142857143
702,GBP_CAD,0.5789473684,9,0.568395576,0.5714285714
703,NZD_USD,0.5,12,0.8208938659,0.1733333333
704,EUR_CAD,0.4782608696,10,0.226463105,0.44
705,EUR_NZD,0.5439330544,38,0.704217676,0.6597510373
706,CHF_JPY,0.4736842105,5,1.352451557,0.3488372093
707,NZD_CHF,0,3,0.1735874045,0.6875
708,AUD_CHF,0.5,2,0,0.2727272727
709,CAD_JPY,1,1,0,0.3
710,USD_JPY,0,1,0,0.3333333333
711,AUD_JPY,0.25,0,0,0
712,NZD_JPY,0.3333333333,2,0,0.4
713,NZD_CHF,0,1,0,0.1818181818
714,USD_CAD,0.5333333333,30,0.742436042,0.6846473029
715,USD_CHF,0.5446808511,39,0.3839219465,0.9958506224
716,GBP_NZD,0.4933333333,30,0.5466543605,0.3755458515
717,EUR_CHF,1,2,0,0.4166666667
718,CAD_CHF,0,0,0,0
719,CHF_JPY,0.52,21,0.5128380788,0.4937759336
720,EUR_JPY,0,0,0,0
721,EUR_GBP,0.52,3,0.7873196805,0.6136363636
722,EUR_AUD,0.4885496183,10,0.4900797119,0.2882352941
723,EUR_CAD,0.5384615385,7,0.8462019279,0.2682926829
724,AUD_CHF,0.6666666667,4,0.2470743239,0.5294117647
725,EUR_CHF,0,0,0,0
726,CAD_JPY,0.4705882353,7,0.493875783,0.3
727,AUD_CHF,0.6666666667,3,0.4701724078,0.3333333333
728,AUD_JPY,0,0,0,0
729,NZD_USD,0,0,0,0
730,EUR_JPY,0,0,0,0
731,USD_JPY,0.6,2,0,0.1818181818
732,GBP_CHF,0.6666666667,2,0,0.2727272727
733,GBP_USD,0.7142857143,4,0.0745237029,0.5294117647
734,GBP_CAD,0,2,0,0
735,EUR_GBP,0.520361991,26,0.7128164225,0.5933609959
736,AUD_CHF,0.5095238095,35,0.5282520808,0.6639004149
737,NZD_CHF,0,0,0,0
738,AUD_USD,0.3235294118,8,0.6916678049,0.4523809524
739,NZD_CAD,0.4444444444,5,1.24176542,0.6904761905
740,AUD_JPY,0.4794520548,17,0.6655663582,0.9125
741,AUD_NZD,0.5,3,0.3852630209,0.5333333333
742,USD_JPY,0,0,0,0
743,NZD_USD,0,3,0.5508997125,0.2941176471
744,EUR_CAD,0.5,1,0,0.07142857143
745,GBP_JPY,0.4375,7,0.1712669952,0.5
746,AUD_CAD,0,0,0,0
747,NZD_JPY,0.4830917874,27,0.6249498573,0.4937759336
748,GBP_JPY,1,1,0,0.2857142857
749,USD_JPY,1,2,0,0.4
750,NZD_CHF,0,1,0,0
751,NZD_USD,0.5158730159,13,1.394338199,0.7727272727
752,CAD_CHF,0.4926470588,25,0.7422421,0.4068965517
753,EUR_CHF,0.5537190083,15,0.544928246,0.3902439024
754,EUR_JPY,0.5555555556,0,0,0
755,CAD_JPY,0.4545454545,2,0.4969092849,0.5789473684
756,NZD_CHF,0.3333333333,1,0,0.09090909091
757,CHF_JPY,0,0,0,0
758,EUR_JPY,0,0,0,0
759,EUR_CAD,0.5043478261,26,0.628936109,0.8423236515
760,EUR_AUD,1,1,0,0.4
761,GBP_AUD,0.4705882353,10,0.9790785641,0.9125
762,EUR_NZD,0,1,0,0
763,USD_CAD,0,1,0,0
764,GBP_NZD,0,0,0,0
765,AUD_JPY,0.625,11,0.2921911724,0.64
766,AUD_USD,0.5882352941,4,0.5742774534,0.4
767,AUD_CAD,0.6666666667,4,0.5230674042,0.3529411765
768,NZD_CAD,1,1,0,0.09090909091
769,CAD_JPY,0.5238095238,6,0.6167585717,0.350877193
770,EUR_USD,0.495412844,26,0.714452179,0.8132780083
771,CHF_JPY,0.5192307692,10,0.347837807,0.4090909091
772,NZD_CHF,0.25,1,0,0.06666666667
773,GBP_NZD,0.4842105263,18,0.6829380565,0.3383838384
774,EUR_NZD,0.4891304348,20,0.2823186485,0.6559139785
775,USD_CAD,0.5317919075,21,0.839176137,0.3791208791
776,EUR_GBP,0.5151515152,5,0.568937245,0.676056338
777,AUD_CAD,0.5265486726,35,0.850019248,0.9875518672
778,AUD_CHF,0.5254237288,32,0.383500288,0.9585062241
779,GBP_CAD,0.4916666667,30,0.9771914085,0.6970954357
780,EUR_AUD,0.4736842105,3,0,0.09677419355
781,GBP_AUD,0.6,4,0,0.1212121212
782,NZD_CAD,0.5375,26,1.138652339,0.7468879668
783,USD_CHF,0.4285714286,3,0.3524959194,0.3888888889
784,NZD_USD,0.55,44,0.548271574,0.9958506224
785,AUD_JPY,0.4768211921,14,0.3218951714,0.3870967742
786,EUR_CHF,0.5217391304,12,0.3903882234,0.631147541
787,EUR_JPY,0.5950413223,30,0.2331399527,0.4360902256
788,GBP_JPY,0.5,13,0.769065685,0.6319444444
789,GBP_CHF,0.4285714286,2,0.5278218015,0.2777777778
790,CAD_JPY,0.5,10,0.4552160247,0.8214285714
791,USD_JPY,0.6206896552,24,0.1595924915,0.5409836066
792,NZD_JPY,0.5288461538,14,1.163228392,0.7829457364
793,GBP_AUD,0.4545454545,8,0.3578436559,0.7
794,GBP_CHF,0,0,0,0
795,EUR_AUD,0.5714285714,4,0.8516571688,0.6818181818
796,USD_CHF,0,0,0,0
797,AUD_NZD,0.4909090909,9,0.6365652521,0.3157894737
798,EUR_AUD,0.5,4,0.2841188149,0.3333333333
799,GBP_AUD,0.5,1,0,0.2
800,AUD_USD,0.525,37,0.4412935785,0.6929460581
801,NZD_CHF,0.5375,7,1.601431647,0.2424242424
802,GBP_USD,0.5086956522,12,0.5397769557,0.5767634855
803,CHF_JPY,0,0,0,0
804,CAD_JPY,0,0,0,0
805,CAD_CHF,0.5869565217,5,1.037734351,0.2456140351
806,GBP_NZD,0.6,3,0.0406265895,0.2083333333
807,EUR_AUD,0.5,0,0,0
808,EUR_NZD,0.5,0,0,0
809,EUR_CAD,0.5395683453,10,1.116772672,0.9022988506
810,EUR_USD,0.4684684685,14,0.257243032,0.3495934959
811,AUD_CAD,0.5,8,0.7222068436,0.5555555556
812,CAD_JPY,0,0,0,0
813,CHF_JPY,0.5596330275,22,0.3768103086,0.6348547718
814,EUR_JPY,0,0,0,0
815,GBP_JPY,0,0,0,0
816,USD_JPY,0,0,0,0
817,EUR_GBP,0,0,0,0
818,AUD_CHF,0.5,1,0,0.4
819,USD_JPY,0.5630252101,40,0.469753931,0.7966804979
820,GBP_JPY,0.5,3,0.8004035674,0.7
821,NZD_USD,0,0,0,0
822,EUR_GBP,0,2,0,0
823,GBP_AUD,0.5166666667,24,0.4534279307,0.7261410788
824,USD_CHF,0.5022624434,31,0.3898199245,0.7136929461
825,GBP_CHF,0.5439330544,31,0.331056242,0.9958506224
826,USD_CAD,0.5333333333,18,0.9834296475,0.9253112033
827,GBP_NZD,0.5247524752,18,0.5552773215,0.2572614108
828,EUR_AUD,0.4852320675,16,0.5776567132,0.9958506224
829,CAD_JPY,0.5564853556,35,0.3989077135,0.8215767635
830,EUR_CHF,0.5333333333,18,0.3287171834,0.4
831,EUR_NZD,0.5538461538,14,0.469398085,0.2165605096
832,GBP_CAD,0,0,0,0
833,AUD_USD,0.53125,11,0.6634081241,0.6575342466
834,EUR_JPY,0.5555555556,2,0,0.08695652174
835,GBP_JPY,0.4444444444,4,0.222807257,0.2
836,AUD_JPY,0,0,0,0
837,EUR_USD,0,0,0,0
838,NZD_JPY,0.5294117647,2,0.9982661974,0.95
839,CAD_CHF,0.25,1,0,0.1428571429
840,AUD_CAD,0.5555555556,3,0.4234701176,0.25
841,NZD_CAD,0.6666666667,3,0.119263191,0.5
842,NZD_USD,1,3,0.0738544392,0.6666666667
843,NZD_CHF,0.5304347826,30,0.4703918867,0.377593361
844,GBP_JPY,0.5375,23,0.771488267,0.7593360996
845,CAD_CHF,0.4861111111,5,0.5320440996,0.1954022989
846,EUR_CHF,0.5738396624,50,0.577374793,0.9875518672
847,AUD_CHF,0.5166666667,38,0.643409481,0.9751037344
848,AUD_JPY,0,0,0,0
849,NZD_JPY,0,0,0,0
850,NZD_USD,0,0,0,0
851,GBP_USD,0,0,0,0
852,AUD_CAD,0.5208333333,20,0.540609343,0.979253112
853,AUD_JPY,0.5294117647,6,0.857223661,0.4772727273
854,NZD_USD,0.5517241379,5,0.7693467523,0.3235294118
855,GBP_USD,0.5166666667,10,0.696767429,0.5307692308
856,EUR_USD,0.5123966942,6,1.141881926,0.4444444444
857,NZD_JPY,0.5,5,0.3733636604,0.3333333333
858,AUD_USD,0,0,0,0
859,EUR_JPY,0.4666666667,4,0.8834253657,0.3333333333
860,NZD_CAD,0,0,0,0
861,USD_JPY,0.5,1,0,0.1666666667
862,EUR_NZD,0,0,0,0
863,EUR_CAD,0.5135135135,9,0.3099553682,0.1694915254
864,AUD_NZD,0.6026785714,54,0.4553491884,0.9958506224
865,CAD_CHF,0,1,0,0
866,CAD_JPY,0,0,0,0
867,AUD_JPY,0,1,0,0.5
868,EUR_NZD,0.5044247788,38,0.4307468193,0.9502074689
869,GBP_CAD,0.4893617021,3,0,0.1
870,USD_CHF,0.575,39,0.75379192,0.8547717842
871,CHF_JPY,0.5428571429,12,0.493004172,0.4791666667
872,NZD_JPY,0.5238095238,12,0.453357526,0.4074074074
873,EUR_GBP,1,4,1.429440626,0.9565217391
874,GBP_AUD,0.2222222222,3,0,0.2142857143
875,USD_CAD,0,0,0,0
876,CAD_CHF,0.5416666667,12,0.883812434,0.2697095436
877,USD_JPY,0.5966386555,35,0.265700798,0.6639004149
878,GBP_NZD,0.5416666667,8,0.20358804,0.3055555556
879,CAD_JPY,0.5818965517,35,0.3994087271,0.6141078838
880,GBP_CHF,0.5294117647,8,1.094292084,0.4054054054
881,NZD_CHF,0.5254237288,15,0.3027183206,0.6438356164
882,EUR_GBP,0.4816513761,15,0.813803672,0.4336283186
883,NZD_JPY,0.6129032258,12,0.2754690424,0.4090909091
884,EUR_CHF,0.5789473684,5,0,0.1923076923
885,GBP_JPY,0.6363636364,9,0.6385265821,0.5
886,EUR_CAD,0.5,3,0.1975977181,0.4166666667
887,GBP_CAD,0.3333333333,2,0,0.2083333333
888,EUR_JPY,0,0,0,0
889,GBP_USD,0,0,0,0
890,AUD_USD,0.6,2,0,0.2222222222
891,NZD_CAD,0,0,0,0
892,USD_CAD,0.4705882353,5,0.2676969595,0.1935483871
893,CHF_JPY,0.5471698113,9,1.165942995,0.7068965517
894,GBP_JPY,0,1,0,0.1666666667
895,EUR_JPY,0.5657894737,20,0.3935825433,0.1369294606
896,AUD_JPY,0.5862068966,9,0.7382569039,0.4333333333
897,AUD_CAD,0.5219298246,22,1.226744494,0.8547717842
898,AUD_USD,0,0,0,0
899,NZD_CHF,0,2,0.379196265,0
900,NZD_JPY,0.6,6,0,0.2608695652
901,GBP_JPY,0,0,0,0
902,EUR_USD,0,0,0,0
903,GBP_NZD,0.5384615385,6,0,0.4285714286
904,GBP_USD,0.4748858447,20,0.712787298,0.8091286307
905,EUR_CAD,0.5294117647,24,0.564432058,0.6804979253
906,AUD_NZD,0.4634146341,3,0.9327180221,0.375
907,AUD_CHF,0.6028368794,21,0.4461452315,0.5273972603
908,AUD_USD,0.5125,14,0.4135244753,0.2614107884
909,GBP_CAD,0,1,0,0
910,USD_CAD,0.5333333333,6,0.324318516,0.3404255319
911,NZD_CAD,0.4933920705,35,0.518827263,0.6597510373
912,NZD_CHF,0.5163398693,28,0.414502297,0.4945054945
913,USD_CHF,0.5714285714,5,0.3790154446,0.65
914,EUR_NZD,0.5714285714,2,0.6677236032,0.6666666667
915,NZD_JPY,0.563559322,58,0.843984648,0.9958506224
916,AUD_JPY,0.5991561181,51,0.336831306,0.9585062241
917,EUR_CHF,0.5084745763,13,0.425078294,0.640625
918,GBP_CHF,0.5194805195,23,0.184261145,0.5443037975
919,GBP_JPY,0.6041666667,66,0.378009663,0.9958506224
920,EUR_USD,0.6666666667,3,0,0.1764705882
921,GBP_CAD,0.5560344828,28,0.563777197,0.9958506224
922,CAD_CHF,0.4285714286,2,0,0.1818181818
923,USD_JPY,0.4807692308,9,0.2059375032,0.6071428571
924,USD_CHF,0,3,0,0.25
925,EUR_AUD,0.6666666667,4,0.4811437667,0.2857142857
926,GBP_AUD,0.5714285714,4,0.5502712852,0.619047619
927,NZD_USD,0.625,2,0,0.3571428571
928,EUR_USD,0.75,2,0.4821129706,0.4166666667
929,USD_CAD,0.5238095238,6,0.4141336855,0.2173913043
930,USD_CHF,0.3333333333,3,0,0.2307692308
931,GBP_CHF,1,1,0,0.1428571429
932,CAD_JPY,0.5603448276,31,0.3936064535,0.756302521
933,AUD_NZD,0,0,0,0
934,EUR_NZD,0.5355648536,52,0.6374204341,0.7593360996
935,USD_JPY,0.6666666667,1,0,0.2
936,CAD_CHF,0.5119047619,14,0.33136009,0.4270833333
937,GBP_CHF,0.525,32,0.4948624755,0.6090225564
938,NZD_CHF,0,2,0,0
939,USD_CHF,0.4891304348,17,0.4362495485,0.3645833333
940,EUR_CHF,0.5161290323,24,0.38179827,0.6356589147
941,GBP_USD,0.5683760684,30,0.940670212,0.9958506224
942,GBP_NZD,0.5579399142,46,0.4997409249,0.5435684647
943,USD_JPY,0.5,7,0.467012472,0.3728813559
944,CHF_JPY,0,0,0,0
945,EUR_CAD,0.5420168067,35,0.648314692,0.5850622407
946,AUD_NZD,0.5,19,0.544424626,0.4496124031
947,NZD_CHF,0.5,3,0,0.1111111111
948,AUD_CHF,0.4615384615,7,0.3058543399,0.58
949,AUD_USD,0.5333333333,8,0.2593566331,0.4411764706
950,CHF_JPY,0.6111111111,4,0.7575718196,0.6666666667
951,EUR_USD,0.5,12,1.014257314,0.3157894737
952,CHF_JPY,0,1,0,0.25
953,GBP_JPY,0.5,2,0,0.1
954,NZD_CAD,0.3333333333,2,0,0.1538461538
955,AUD_CAD,0,1,0,0.08333333333
956,USD_CHF,0.5416666667,10,0.402711518,0.6451612903
957,EUR_AUD,0.510460251,23,0.578910615,0.2821576763
958,GBP_AUD,0.5696202532,21,1.318374898,0.2821576763
959,CHF_JPY,0,0,0,0
960,EUR_GBP,0,0,0,0
961,EUR_CHF,0.4666666667,7,0.231305079,0.625
962,USD_CAD,0.5806451613,3,1.160930959,0.7906976744
963,AUD_JPY,0.6666666667,2,0,0.2857142857
964,CAD_JPY,1,0,0,0
965,EUR_JPY,0,0,0,0
966,USD_JPY,1,0,0,0
967,AUD_CHF,0,0,0,0
968,CAD_CHF,0,0,0,0
969,NZD_JPY,0,2,0,0.4545454545
970,AUD_CAD,0.6666666667,3,0.9705599521,0.6
971,USD_CHF,0.4222222222,5,0.9795080117,0.5882352941
972,AUD_JPY,0.5420560748,14,0.4504003224,0.731884058
973,GBP_CHF,0.5493562232,23,0.3393813831,0.8423236515
974,GBP_JPY,0.5041322314,12,0.4101073243,0.7013888889
975,EUR_JPY,0.46,7,0.3219892086,0.2357723577
976,NZD_CHF,0.5263157895,27,0.5331955017,0.9170124481
977,CHF_JPY,0.5753424658,13,0.5680432542,0.7698412698
978,NZD_JPY,0.5514018692,20,0.329030164,0.7122302158
979,USD_JPY,0.5,5,0.6211393343,0.5833333333
980,CAD_JPY,0.5108695652,8,1.12090751,0.8017241379
981,AUD_CHF,0.4947368421,11,0.5144984677,0.2905982906
982,CAD_CHF,0.4166666667,4,0.9195735812,0.4347826087
983,EUR_CHF,0.4166666667,6,0.570003521,0.2702702703
984,NZD_USD,0.5043859649,36,0.649467606,0.8838174274
985,AUD_USD,0.5622317597,38,0.67536489,0.8796680498
986,GBP_CAD,0.5523012552,30,0.652038486,0.7966804979
987,NZD_CAD,0.4893617021,34,0.635962899,0.8091286307
988,EUR_USD,0.4811320755,21,0.353148832,0.7359307359
989,EUR_NZD,0,0,0,0
990,GBP_USD,0.25,1,0,0.1538461538
991,USD_CAD,0.5111111111,11,0.860025006,0.7659574468
992,GBP_NZD,0.552238806,8,1.243542984,0.8333333333
993,USD_CHF,0,0,0,0
994,EUR_NZD,0,0,0,0
995,GBP_USD,0.3333333333,1,0,0.6666666667
996,AUD_CAD,0.5258215962,20,0.489954328,0.2792792793
997,AUD_CHF,0.5454545455,23,0.59082612,0.2572614108
998,EUR_CHF,0.4905660377,10,0.7191226834,0.5806451613
999,GBP_USD,0.5396825397,11,1.179046126,0.5606060606
1000,CAD_JPY,0.5260869565,30,0.5735323547,0.9668049793
1001,EUR_JPY,0.6875,9,0.4285122844,0.90625
1002,USD_JPY,0.6470588235,9,0.3356482555,0.8055555556
1003,CHF_JPY,0.5,5,0.6189034225,0.72
1004,AUD_JPY,1,6,0.051491117,0.7333333333
1005,GBP_JPY,0.7777777778,7,0.2398051513,0.7857142857
1006,NZD_JPY,0.75,5,0,0.8333333333
1007,EUR_JPY,0.5236051502,26,0.504694843,0.5643153527
1008,USD_JPY,0.525,48,0.434127023,0.8257261411
1009,EUR_CAD,0.5426356589,22,0.416955465,0.8106508876
1010,USD_CAD,0.6025104603,57,0.5627684045,0.9543568465
1011,AUD_JPY,0,2,0,0.25
1012,CAD_CHF,0,0,0,0
1013,CHF_JPY,0.5436893204,22,0.3462505248,0.4868421053
1014,GBP_JPY,0.5464480874,17,0.5718906251,0.4843049327
1015,USD_CHF,0,0,0,0
1016,EUR_NZD,0.4948979592,19,0.6369617266,0.5343137255
1017,EUR_CHF,0.6666666667,5,0.3967423654,0.7692307692
1018,GBP_CAD,0.5,3,0.2758108742,0.5
1019,NZD_CAD,0.375,5,0,0.5161290323
1020,NZD_JPY,0.4714285714,14,0.3756523033,0.5647058824
1021,CAD_CHF,0.4210526316,3,0.1058050742,0.08333333333
1022,GBP_NZD,0.5344827586,25,0.3257529815,0.9668049793
1023,EUR_AUD,0.4724409449,20,0.268461605,0.3680555556
1024,EUR_GBP,1,2,0,0.1764705882
1025,AUD_JPY,0.5,2,0,0.1304347826
1026,EUR_CHF,0.4576271186,9,0.7575466203,0.2794117647
1027,USD_CHF,0,0,0,0
1028,GBP_CAD,0,0,0,0
1029,EUR_USD,0.5,3,0,0.75
1030,CAD_CHF,0.5394736842,11,0.322152616,0.5528455285
1031,AUD_NZD,0,0,0,0
1032,NZD_CHF,0.5833333333,4,0.1545390615,0.15625
1033,EUR_GBP,0.4137931034,5,0.5993226874,0.4375
1034,EUR_USD,0,0,0,0
1035,GBP_USD,0,1,0,0.3333333333
1036,USD_CHF,0,2,0,0.5
1037,EUR_AUD,0,0,0,0
1038,GBP_USD,0.6666666667,3,0,0.25
1039,EUR_USD,0,0,0,0
1040,NZD_CAD,0,0,0,0
1041,NZD_CHF,0,0,0,0
1042,NZD_USD,0,0,0,0
1043,GBP_CHF,0.4285714286,4,0.494220763,0.5294117647
1044,USD_CAD,0.5384615385,29,0.6626369795,0.8257261411
1045,GBP_AUD,0.4966442953,15,0.415482014,0.3602484472
1046,EUR_USD,0,1,0,0.125
1047,EUR_AUD,0.525210084,15,0.8339076606,0.3360995851
1048,EUR_CAD,1,1,0,0.09090909091
1049,GBP_JPY,0.5151515152,11,0.6368249327,0.6029411765
1050,EUR_NZD,0.4808510638,16,0.6754681747,0.2863070539
1051,EUR_JPY,0.5102040816,15,0.3361958785,0.3454545455
1052,GBP_CAD,0,0,0,0
1053,NZD_CAD,0.4166666667,7,0.4106218596,0.724137931
1054,USD_JPY,0.5242290749,19,0.536334871,0.5
1055,AUD_NZD,0,0,0,0
1056,CHF_JPY,0.4915254237,6,0.358060405,0.1777777778
1057,EUR_CHF,0.4,3,0.3371073179,0.2857142857
1058,USD_CHF,0.4978540773,14,0.950247381,0.4730290456
1059,EUR_GBP,0.5,1,0,0.2
1060,AUD_JPY,0,0,0,0
1061,CAD_JPY,0.449704142,7,1.028483674,0.4143646409
1062,NZD_JPY,0.4910179641,6,1.559315101,0.3891891892
1063,AUD_USD,0,1,0,0
1064,EUR_USD,0,1,0,0.25
1065,EUR_GBP,0,0,0,0
1066,NZD_CAD,0.4736842105,6,0.7963628715,0.4871794872
1067,AUD_NZD,0,0,0,0
1068,NZD_CHF,0.5,3,0,0.2941176471
1069,AUD_CHF,0.5081967213,6,1.093710854,0.6929824561
1070,AUD_JPY,0,0,0,0
1071,EUR_CAD,0,2,0,0.8333333333
1072,EUR_GBP,0.4,3,0.9847041743,0.3965517241
1073,CAD_CHF,0,0,0,0
1074,AUD_CAD,0.5064935065,18,1.265070795,0.887966805
1075,GBP_JPY,0.4675324675,17,0.222808905,0.3614457831
1076,EUR_CAD,0.4680851064,8,0.4616111671,0.6909090909
1077,NZD_CAD,0.5416666667,10,0.414020424,0.8181818182
1078,AUD_JPY,0.8,3,0.4169968422,0.4
1079,EUR_USD,0.5333333333,4,0.7602373133,0.2941176471
1080,CHF_JPY,0,0,0,0
1081,AUD_USD,0,0,0,0
1082,GBP_USD,0,0,0,0
1083,GBP_CAD,0.5333333333,7,0.7955600906,0.55
1084,GBP_AUD,0,0,0,0
1085,USD_CAD,0,0,0,0
1086,GBP_CHF,0.4166666667,1,0,0.05263157895
1087,AUD_USD,0.48,18,0.2966234682,0.6265060241
1088,NZD_CHF,0.75,5,0,0.7857142857
1089,EUR_GBP,0.6538461538,8,0.5546142865,0.4210526316
1090,USD_CAD,0,1,0,0
1091,USD_CHF,0,0,0,0
1092,EUR_CAD,0,1,0,0
1093,NZD_JPY,0,0,0,0
1094,GBP_CAD,0.5146443515,27,0.7381762995,0.4024896266
1095,GBP_NZD,0.5341880342,36,0.8207978135,0.8506224066
1096,GBP_AUD,0.75,1,0,0.05882352941
1097,NZD_CHF,0.4444444444,2,0,0.1052631579
1098,AUD_CHF,0,1,0,0
1099,GBP_CHF,0,1,0,0
1100,USD_JPY,0.5,0,0,0
1101,USD_CAD,0.5384615385,20,0.765685677,0.2471264368
1102,EUR_USD,0.6,4,0.4419810052,0.5714285714
1103,EUR_AUD,0.5333333333,41,0.760181416,0.7593360996
1104,EUR_GBP,0.5189873418,36,0.7526228566,0.7468879668
1105,EUR_JPY,0.5333333333,16,0.641172791,0.2365145228
1106,AUD_NZD,0.6,0,0,0
1107,USD_JPY,0,0,0,0
1108,EUR_CAD,0,0,0,0
1109,CHF_JPY,0.5299145299,29,0.5638297245,0.6473029046
1110,GBP_AUD,0.4782608696,5,0.6407695921,0.4736842105
1111,GBP_USD,0,3,0.902197705,0
1112,NZD_CAD,0.5774647887,11,1.286890571,0.5154639175
1113,AUD_USD,0,0,0,0
1114,EUR_USD,0.4523809524,5,1.360968044,0.4428571429
1115,EUR_CAD,0,0,0,0
1116,USD_CHF,0,0,0,0
1117,CAD_CHF,0.5,1,0,0.5
1118,GBP_JPY,0,0,0,0
1119,NZD_USD,0,0,0,0
1120,USD_JPY,0.6071428571,11,0.2366497645,0.5593220339
1121,GBP_AUD,1,0,0,0
1122,AUD_NZD,0.4545454545,5,0.7118039994,0.6666666667
1123,CAD_JPY,0.5,0,0,0
1124,NZD_JPY,0.5,2,0,0.25
1125,AUD_JPY,0,0,0,0
1126,EUR_CAD,0.5,1,0,0.3333333333
1127,EUR_CHF,0,0,0,0
1128,AUD_USD,0.5454545455,34,0.373860065,0.867219917
1129,EUR_NZD,0,0,0,0
1130,GBP_AUD,1,1,0,0.1428571429
1131,AUD_NZD,0,1,0,0.03846153846
1132,AUD_CHF,0.5084033613,16,0.4048929247,0.510373444
1133,NZD_CHF,0.5020920502,15,0.6384563605,0.510373444
1134,NZD_USD,0.5,9,0.4665597475,0.1926605505
1135,GBP_JPY,0.481981982,25,0.6960613275,0.9377593361
1136,GBP_CHF,0.5156950673,21,0.51439287,0.6887966805
1137,GBP_CAD,0.4932735426,18,0.4680198453,0.5767634855
1138,EUR_USD,0,0,0,0
1139,NZD_CAD,0,2,0,0.28
1140,GBP_AUD,0.52,5,0.5828405432,0.5609756098
1141,CAD_CHF,0,1,0,0.5
1142,USD_CHF,0,0,0,0
1143,CAD_JPY,0.4893617021,19,0.918940035,0.9709543568
1144,AUD_NZD,0.4598214286,16,0.481597701,0.2738589212
1145,AUD_JPY,0.5021097046,16,0.596324012,0.2365145228
1146,EUR_NZD,0.6666666667,1,0,0.4166666667
1147,GBP_NZD,0,1,0,0.1428571429
1148,GBP_USD,0.3333333333,1,0,0.5806451613
1149,EUR_JPY,0,0,0,0
1150,CAD_CHF,0.5111111111,4,0.9174458758,0.1437125749
1151,AUD_CAD,0.3846153846,7,0.5112459009,0.2962962963
1152,NZD_CAD,0,0,0,0
1153,EUR_JPY,0.4444444444,6,0.8965393304,0.4230769231
1154,EUR_NZD,0.5294117647,26,1.108876477,0.9834024896
1155,CHF_JPY,0,0,0,0
1156,USD_CHF,0,0,0,0
1157,USD_CAD,0,1,0,0.07142857143
1158,EUR_GBP,0,0,0,0
1159,NZD_JPY,0,0,0,0
1160,EUR_USD,0.55,4,0.2447347134,0.25
1161,EUR_AUD,0.5198237885,25,0.9442562448,0.7510373444
1162,GBP_AUD,0.5102040816,5,0,0.07692307692
1163,GBP_USD,0,0,0,0
1164,NZD_CAD,0.3333333333,1,0,0.5833333333
1165,GBP_NZD,1,0,0,0
1166,NZD_JPY,0.5536480687,30,1.034254804,0.9958506224
1167,CHF_JPY,0.5511111111,54,0.699748589,0.77593361
1168,EUR_USD,0.510460251,25,0.742036486,0.4813278008
1169,NZD_USD,0.4897959184,6,0.7686844827,0.7384615385
1170,AUD_CAD,0.5454545455,4,0.6549291308,0.5
1171,GBP_USD,0.4,1,0,0.05555555556
1172,AUD_USD,0,2,0.55426597,0.7058823529
1173,EUR_JPY,0.5583333333,49,0.737839582,0.8506224066
1174,GBP_AUD,0,1,0,0
1175,EUR_CAD,0.5427350427,25,0.6488095941,0.7385892116
1176,CAD_CHF,0,0,0,0
1177,AUD_CHF,0,0,0,0
1178,USD_JPY,0.5,9,0.4978973441,0.4545454545
1179,NZD_CAD,0.3333333333,2,0,0.2
1180,EUR_GBP,0.5555555556,5,0.5490123632,0.3888888889
1181,USD_CAD,0.6666666667,2,0,0.2
1182,USD_CHF,0,0,0,0
1183,GBP_NZD,0.4444444444,3,0.6788735402,0.3461538462
1184,GBP_JPY,0,1,0,0
1185,NZD_CAD,0.4166666667,6,0.3552551447,0.6086956522
1186,AUD_USD,0.32,4,0.2562942278,0.1935483871
1187,NZD_USD,0.5333333333,4,0.122977294,0.2333333333
1188,AUD_JPY,0.5063829787,16,0.66167783,0.2738589212
1189,EUR_GBP,0.5481171548,13,1.111422024,0.4356846473
1190,USD_CHF,0,0,0,0
1191,USD_CAD,1,1,0,0.3333333333
1192,NZD_USD,0,0,0,0
1193,NZD_CAD,0,0,0,0
1194,USD_JPY,0.5454545455,2,0,0.125
1195,AUD_NZD,0,1,0,0.875
1196,GBP_CHF,0.5,1,0,0.1
1197,GBP_NZD,0.3333333333,3,0,0.375
1198,GBP_AUD,0,2,0,0.2857142857
1199,USD_CAD,0,0,0,0
1200,GBP_JPY,0,0,0,0
1201,NZD_USD,0,1,0,0.3333333333
1202,AUD_USD,0,0,0,0
1203,GBP_USD,0,0,0,0
1204,AUD_CHF,0.5,7,0.4507977116,0.64
1205,NZD_CAD,0,2,0,0.3333333333
1206,CAD_JPY,0.5555555556,6,0.3492620122,0.6923076923
1207,USD_CHF,0.6,3,0.5112761453,0.8461538462
1208,CAD_CHF,0,0,0,0
1209,NZD_CHF,0.5538461538,11,0.2683784713,0.4794520548
1210,EUR_NZD,0.5090909091,29,0.455558455,0.9460580913
1211,GBP_NZD,0.5,18,0.5608008352,0.9419087137
1212,EUR_CHF,0.4242424242,11,0.556906403,0.6730769231
1213,EUR_USD,0,1,0,0
1214,CHF_JPY,0.4375,4,0.8191831515,0.7083333333
1215,GBP_CHF,0.5555555556,11,0.2988999748,0.4423076923
1216,NZD_JPY,0.3333333333,3,0.6616380273,0.5625
1217,EUR_JPY,0.6363636364,4,0.2331659593,0.4666666667
1218,GBP_USD,0.4578313253,8,0.338264205,0.1428571429
1219,GBP_CAD,0.5068493151,8,0.55758503,0.4430379747
1220,AUD_CAD,0.5384615385,4,0.3927813235,0.2580645161
1221,AUD_CHF,1,2,0,0.6153846154
1222,USD_CAD,0.5535714286,17,0.6210494418,0.5606060606
1223,CAD_JPY,0.3571428571,3,0.052581304,0.56
1224,USD_JPY,0.5039370079,11,1.084078451,0.5616438356
1225,AUD_USD,0.5,2,0.3540515924,0.3571428571
1226,EUR_USD,0,1,0,0.1111111111
1227,GBP_AUD,0.4,6,0.2632701575,0.3181818182
1228,AUD_NZD,0.5333333333,47,0.68424494,0.8755186722
1229,CHF_JPY,0.5375,35,0.569041714,0.867219917
1230,NZD_CHF,0,0,0,0
1231,NZD_JPY,0.5350877193,22,0.280824276,0.5177304965
1232,CAD_JPY,0.4736842105,3,0.6664663661,0.3333333333
1233,AUD_CAD,0.5125,23,0.64300226,0.5933609959
1234,AUD_CHF,0.475862069,12,0.387119601,0.2574850299
1235,AUD_JPY,0.5,2,0,0.1875
1236,GBP_JPY,0.5048543689,6,0.7902570674,0.5416666667
1237,EUR_USD,0,2,0,0
1238,GBP_CAD,0.5483870968,7,0.7408690128,0.8048780488
1239,GBP_USD,0.4242424242,10,0.6392724131,0.75
1240,EUR_CAD,0.4482758621,8,0.9444572587,0.6585365854
1241,AUD_USD,0.4827586207,11,0.659194554,0.641025641
1242,NZD_CAD,0.6,1,0,0.06666666667
1243,NZD_USD,0.44,5,0.5693248254,0.8620689655
1244,EUR_JPY,0.5074626866,17,0.277324999,0.75
1245,AUD_JPY,0,0,0,0
1246,EUR_USD,0,0,0,0
1247,CAD_JPY,0.5510204082,9,1.181573585,0.6071428571
1248,GBP_AUD,0,0,0,0
1249,EUR_AUD,0.6,3,0.0452634384,0.1142857143
1250,NZD_CAD,0.5,3,0.6219682206,0.5
1251,USD_JPY,0.4615384615,7,0.4951193315,0.3225806452
1252,USD_CAD,0.5062761506,18,1.203522777,0.7219917012
1253,AUD_JPY,0.5714285714,2,0,0.2
1254,AUD_USD,0,0,0,0
1255,EUR_CAD,0.375,4,0.4788403103,0.6153846154
1256,EUR_CHF,0,1,0,0
1257,EUR_USD,0,0,0,0
1258,GBP_CAD,0,0,0,0
1259,NZD_CAD,0.3333333333,3,0.734911499,0.5294117647
1260,NZD_USD,0.6666666667,4,0.4397159311,0.5333333333
1261,NZD_CHF,0.5,1,0,0.07692307692
1262,NZD_JPY,0.6153846154,4,1.390588773,0.4444444444
1263,CAD_CHF,0,0,0,0
1264,CAD_JPY,0,0,0,0
1265,NZD_JPY,0.6,1,0,0.05882352941
1266,GBP_NZD,0.3333333333,2,0,0.1666666667
1267,CHF_JPY,0.5217391304,12,0.205042179,0.6538461538
1268,GBP_JPY,0.5,4,0.1360822229,0.6153846154
1269,USD_CHF,1,2,0.4118140192,0.4
1270,CAD_CHF,0.5324675325,10,0.4607009095,0.4404761905
1271,EUR_GBP,0.5336134454,14,0.835886822,0.3360995851
1272,EUR_JPY,0,0,0,0
1273,NZD_JPY,0,1,0,0.25
1274,NZD_USD,0.5454545455,6,0.4855377713,0.625
1275,AUD_CHF,0.5441176471,9,0.327374473,0.3561643836
1276,AUD_JPY,0.6086956522,6,0.3463707576,0.3
1277,EUR_USD,0,0,0,0
1278,AUD_USD,0,0,0,0
1279,AUD_NZD,0.512605042,17,0.642131042,0.2406639004
1280,EUR_NZD,0.4886363636,11,1.162942533,0.6806722689
1281,EUR_CHF,0.3333333333,1,0,0.07692307692
1282,USD_CHF,0,0,0,0
1283,EUR_AUD,0,0,0,0
1284,EUR_CAD,0.4639175258,7,0.6998405478,0.1428571429
1285,EUR_JPY,0.5727699531,40,0.2716549413,0.8139534884
1286,AUD_USD,0.3636363636,7,0,0.4
1287,AUD_JPY,0.4,3,0.1714088196,0.4285714286
1288,GBP_JPY,0.5517241379,34,0.518352244,0.8125
1289,EUR_USD,0.4666666667,3,0.3300756012,0.1666666667
1290,NZD_JPY,0.5454545455,39,0.535216464,0.8984771574
1291,NZD_USD,0.3333333333,0,0,0
1292,USD_JPY,0,0,0,0
1293,AUD_CAD,0,0,0,0
1294,CAD_JPY,0.5502645503,27,0.6200810324,0.896373057
1295,CHF_JPY,0.6153846154,5,0.2987013002,0.7307692308
1296,EUR_AUD,0.55,5,0.6891051091,0.6279069767
1297,GBP_AUD,0.3947368421,5,0.3294176126,0.4655172414
1298,GBP_CHF,0,0,0,0
1299,CAD_CHF,0.5,9,0.7871738297,0.4024390244
1300,EUR_CHF,0.5039370079,17,0.3696052784,0.4642857143
1301,GBP_NZD,0.8,4,0,0.7272727273
1302,USD_CAD,0,4,0.3092007686,0.5
1303,AUD_CHF,0.5519480519,29,0.150897866,0.4140127389
1304,USD_CHF,1,4,0,0.4
1305,GBP_CAD,0,0,0,0
1306,GBP_CHF,0,2,0,0
1307,GBP_USD,0.5546218487,22,0.677290366,0.7819548872
1308,AUD_USD,0.5702479339,26,0.380785535,0.8671875
1309,AUD_CAD,0.511627907,10,0.449533389,0.358490566
1310,AUD_JPY,0.6016260163,23,0.4020438915,0.8629032258
1311,EUR_USD,0,1,0,0
1312,GBP_CHF,0,0,0,0
1313,NZD_CHF,0,0,0,0
1314,NZD_USD,0.4736842105,4,0.9367380293,0.2
1315,USD_JPY,0.6666666667,3,0,0.2142857143
1316,EUR_CAD,0.5384615385,5,0.2896310811,0.2291666667
1317,EUR_AUD,0.44,6,0.6314428948,0.4117647059
1318,EUR_NZD,0.4375,1,0,0.6363636364
1319,GBP_NZD,0.5322580645,10,1.093986009,0.9848484848
1320,GBP_AUD,0,0,0,0
1321,CHF_JPY,0.4,3,0.7221334484,0.25
1322,USD_JPY,0.7777777778,3,0.8619641901,0.9375
1323,AUD_CAD,1,0,0,0
1324,GBP_CHF,0.65,5,0.6339962306,0.9565217391
1325,EUR_USD,0,1,0,0
1326,EUR_CHF,0.5,1,0,0.25
1327,USD_CAD,0,0,0,0
