trade_id,pair,signal_bar_time,entry_time,exit_time,exit_reason,bars_held,mfe_lock_active_at_exit,final_r,mfe_r,mae_r,spread_pips_used,spread_pips_exit,fold
342,CAD_CHF,2021-07-07 08:00:00,2021-07-07 12:00:00,2021-07-08 08:00:00,stoploss,6,0,-1.023622873,0.565705639,-3.012537941,1.5,1.9,2
350,EUR_JPY,2021-07-09 00:00:00,2021-07-09 04:00:00,2021-07-13 12:00:00,trail_stop,15,1,0.6833325919,1.57394939,-0.2732440058,1,1,2
363,EUR_GBP,2021-07-15 20:00:00,2021-07-16 00:00:00,2021-07-21 12:00:00,trail_stop,22,1,2.42349005,3.436413833,-0.397014911,0.8,0.8,2
399,USD_CHF,2021-08-10 08:00:00,2021-08-10 12:00:00,2021-08-13 16:00:00,stoploss,20,0,-1.011502213,0.8166571079,-1.514458017,0.9,0.9,2
408,NZD_JPY,2021-08-20 16:00:00,2021-08-20 20:00:00,2021-09-08 08:00:00,trail_stop,76,1,4.100702556,5.017968162,-0.4891464763,1,1,2
409,NZD_USD,2021-08-20 16:00:00,2021-08-20 20:00:00,2021-09-07 08:00:00,trail_stop,70,1,4.798364398,5.770818322,-0.2986249169,1.1,1.1,2
415,GBP_JPY,2021-08-23 00:00:00,2021-08-23 04:00:00,2021-08-24 16:00:00,trail_stop,10,1,0.2071005878,1.315867231,-0.1133562357,2.4,2.4,2
417,NZD_CAD,2021-08-24 04:00:00,2021-08-24 08:00:00,2021-08-31 00:00:00,trail_stop,29,1,1.050309755,2.449693009,-0.1208154891,2.8,2.9,2
439,CAD_JPY,2021-09-17 04:00:00,2021-09-17 08:00:00,2021-09-17 16:00:00,stoploss,3,0,-1.011353031,0.5600828516,-1.114489188,1.2,1.2,2
442,CAD_CHF,2021-09-22 16:00:00,2021-09-22 20:00:00,2021-09-24 12:00:00,trail_stop,11,1,0.2294194664,1.104896693,-0.243983497,1.8,2,2
444,GBP_JPY,2021-09-22 16:00:00,2021-09-22 20:00:00,2021-09-28 12:00:00,trail_stop,23,1,2.260806918,3.166874663,-0.3251411359,2.4,2.4,2
446,USD_CHF,2021-09-24 04:00:00,2021-09-24 08:00:00,2021-09-30 20:00:00,trail_stop,28,1,1.449795822,2.629215699,-0.6424480152,0.9,0.9,2
452,USD_JPY,2021-10-05 04:00:00,2021-10-05 08:00:00,2021-10-06 12:00:00,trail_stop,8,1,0.3569076539,1.171788564,-0.231998407,0.6,0.6,2
460,NZD_CAD,2021-10-15 04:00:00,2021-10-15 08:00:00,2021-10-21 16:00:00,trail_stop,27,1,2.251522629,3.128941241,-0.3793817304,3,3.3,2
463,GBP_AUD,2021-10-18 08:00:00,2021-10-18 12:00:00,2021-10-19 04:00:00,stoploss,5,0,-1.020693119,0.4376594627,-1.023274725,4,4,2
496,GBP_NZD,2021-11-12 00:00:00,2021-11-12 04:00:00,2021-11-15 08:00:00,stoploss,8,0,-1.02167288,0.1273281675,-1.016819266,4.8,4.8,2
497,AUD_CAD,2021-11-12 08:00:00,2021-11-12 12:00:00,2021-11-17 08:00:00,stoploss,18,0,-1.019769239,0.9208303571,-1.018636067,1.9,1.9,2
507,EUR_JPY,2021-11-17 00:00:00,2021-11-17 04:00:00,2021-11-17 16:00:00,stoploss,4,0,-1.012018194,0.04635589303,-1.557214629,1.4,1.4,2
511,CAD_CHF,2021-11-22 00:00:00,2021-11-22 04:00:00,2021-11-23 08:00:00,stoploss,8,0,-1.01797666,0.238490355,-1.070210488,1.5,1.5,2
526,CAD_JPY,2021-11-30 00:00:00,2021-11-30 04:00:00,2021-11-30 04:00:00,stoploss,1,0,-1.006957184,0.05681700012,-1.047056145,1.2,1.2,2
528,GBP_JPY,2021-11-30 00:00:00,2021-11-30 04:00:00,2021-11-30 16:00:00,stoploss,4,0,-1.010282168,0.01713694656,-1.566316916,2.4,2.4,2
529,NZD_CHF,2021-11-30 00:00:00,2021-11-30 04:00:00,2021-11-30 08:00:00,stoploss,2,0,-1.015799559,0.0399635898,-1.103180956,1.7,1.7,2
530,NZD_JPY,2021-11-30 00:00:00,2021-11-30 04:00:00,2021-11-30 04:00:00,stoploss,1,0,-1.006635544,0.03583193715,-1.15591175,1,1,2
601,NZD_CHF,2022-02-07 20:00:00,2022-02-08 00:00:00,2022-02-11 00:00:00,trail_stop,19,1,0.9385730652,2.234804554,-0.2177626647,1.7,1.7,2
605,GBP_JPY,2022-02-14 16:00:00,2022-02-14 20:00:00,2022-02-24 04:00:00,stoploss,45,0,-1.008676729,0.7106240854,-1.742287135,2,2,2
609,NZD_USD,2022-02-15 16:00:00,2022-02-15 20:00:00,2022-02-22 00:00:00,trail_stop,26,1,0.8061004793,1.728714274,-0.06612568262,1.1,1.1,2
616,CAD_JPY,2022-02-23 04:00:00,2022-02-23 08:00:00,2022-02-24 04:00:00,stoploss,6,0,-1.01010047,0.834972146,-1.240674338,1.2,1.2,2
620,AUD_NZD,2022-02-28 00:00:00,2022-02-28 04:00:00,2022-03-08 08:00:00,stoploss,38,0,-1.020968766,0.9935201085,-1.564669357,2.1,2.1,2
623,EUR_JPY,2022-02-28 08:00:00,2022-02-28 12:00:00,2022-03-01 16:00:00,stoploss,8,0,-1.003857961,0.4776156071,-1.377292179,1,1,2
624,EUR_USD,2022-02-28 08:00:00,2022-02-28 12:00:00,2022-03-02 08:00:00,stoploss,12,0,-1.003639467,0.7086563002,-1.24209824,0.7,0.7,2
626,GBP_USD,2022-02-28 08:00:00,2022-02-28 12:00:00,2022-03-02 08:00:00,stoploss,12,0,-1.004812359,0.6539461322,-1.120210259,0.9,0.9,2
634,CHF_JPY,2022-03-09 00:00:00,2022-03-09 04:00:00,2022-03-15 08:00:00,trail_stop,26,1,1.348821579,2.266573639,-0.1779964609,2.2,2.2,2
642,AUD_NZD,2022-03-10 04:00:00,2022-03-10 08:00:00,2022-03-14 12:00:00,stoploss,14,0,-1.022302415,0.347280457,-1.334958821,2.1,2.1,2
656,NZD_JPY,2022-03-30 12:00:00,2022-03-30 16:00:00,2022-04-07 08:00:00,trail_stop,35,1,0.1339657716,1.142460077,-0.6686951043,1,1,2
659,NZD_CAD,2022-03-31 00:00:00,2022-03-31 04:00:00,2022-03-31 16:00:00,stoploss,4,0,-1.020159387,0.1253387948,-1.09123636,2.3,2.3,2
696,EUR_CHF,2022-05-02 16:00:00,2022-05-02 20:00:00,2022-05-04 20:00:00,trail_stop,13,1,0.6832732038,1.505920631,-0.3481022565,1,1,3
699,AUD_USD,2022-05-06 00:00:00,2022-05-06 04:00:00,2022-05-09 00:00:00,stoploss,6,0,-1.005440192,0.1229483292,-1.207722526,1,1,3
707,AUD_CAD,2022-05-11 04:00:00,2022-05-11 08:00:00,2022-05-12 04:00:00,stoploss,6,0,-1.012821875,0.8185754896,-1.182986672,1.9,1.9,3
714,CAD_CHF,2022-05-11 16:00:00,2022-05-11 20:00:00,2022-05-17 12:00:00,trail_stop,23,1,2.167506559,2.991969365,-0.2987483654,1.5,1.5,3
716,EUR_JPY,2022-05-13 16:00:00,2022-05-13 20:00:00,2022-05-18 16:00:00,trail_stop,18,1,0.5575346286,1.367550401,-0.6197134212,1,1,3
725,GBP_USD,2022-05-17 20:00:00,2022-05-18 00:00:00,2022-05-18 08:00:00,stoploss,3,0,-1.003788464,0.09376448429,-1.130856507,0.8,0.8,3
728,CAD_CHF,2022-05-23 00:00:00,2022-05-23 04:00:00,2022-05-23 12:00:00,stoploss,3,0,-1.010894157,0.02977736194,-1.078521524,1.5,1.5,3
791,USD_CAD,2022-07-14 08:00:00,2022-07-14 12:00:00,2022-07-14 16:00:00,trail_stop,2,1,0.374010055,1.744135147,-0.03999087008,1.3,1.3,3
805,EUR_CAD,2022-07-22 16:00:00,2022-07-22 20:00:00,2022-07-26 12:00:00,stoploss,11,0,-1.0076661,0.3568995658,-1.241056485,1.8,1.8,3
816,AUD_NZD,2022-08-01 08:00:00,2022-08-01 12:00:00,2022-08-02 04:00:00,stoploss,5,0,-1.022494971,0.3031465104,-1.678553293,2.1,2.1,3
839,NZD_CHF,2022-08-16 16:00:00,2022-08-16 20:00:00,2022-08-17 12:00:00,stoploss,5,0,-1.020804021,0.718350606,-1.012054431,1.7,1.7,3
892,AUD_CHF,2022-10-05 20:00:00,2022-10-06 00:00:00,2022-10-10 04:00:00,stoploss,14,0,-1.009229705,0.3968773218,-1.267106665,1.4,1.4,3
901,AUD_JPY,2022-10-12 04:00:00,2022-10-12 08:00:00,2022-10-14 16:00:00,trail_stop,15,1,0.6471101344,1.643555802,-0.7296896621,0.8,0.8,3
905,AUD_CAD,2022-10-13 20:00:00,2022-10-14 00:00:00,2022-10-27 12:00:00,trail_stop,58,1,1.521944166,2.472325933,-0.8778290232,1.9,1.9,3
907,AUD_USD,2022-10-13 20:00:00,2022-10-14 00:00:00,2022-10-14 20:00:00,stoploss,6,0,-1.005002727,0.4872655645,-1.04256821,1,1,3
931,CHF_JPY,2022-11-11 20:00:00,2022-11-14 00:00:00,2022-11-18 08:00:00,stoploss,27,0,-1.006740441,0.4761202711,-1.002487469,2.2,2.2,3
951,USD_JPY,2022-12-05 08:00:00,2022-12-05 12:00:00,2022-12-07 16:00:00,trail_stop,14,1,0.6500565157,1.543304403,-0.1320474356,0.6,0.6,3
977,AUD_NZD,2022-12-20 16:00:00,2022-12-20 20:00:00,2022-12-22 16:00:00,trail_stop,12,1,2.494325661,3.353431666,-0.2912499134,2.1,2.1,3
1025,CAD_CHF,2023-01-20 00:00:00,2023-01-20 04:00:00,2023-01-25 16:00:00,trail_stop,22,1,1.489202771,2.486508438,-0.2804177223,1.5,1.5,4
1031,CAD_JPY,2023-01-25 00:00:00,2023-01-25 04:00:00,2023-01-25 16:00:00,stoploss,4,0,-1.006975391,0.3510946957,-1.326486913,1.2,1.2,4
1045,NZD_USD,2023-02-09 00:00:00,2023-02-09 04:00:00,2023-02-15 16:00:00,stoploss,28,0,-1.008123231,0.9917726915,-1.033127323,1.1,1.1,4
1088,EUR_JPY,2023-03-20 00:00:00,2023-03-20 04:00:00,2023-03-20 08:00:00,stoploss,2,0,-1.003391235,0.04796175431,-1.190323539,1.4,1.4,4
1089,GBP_JPY,2023-03-20 00:00:00,2023-03-20 04:00:00,2023-03-20 08:00:00,stoploss,2,0,-1.005535888,0.05674285275,-1.023216645,2.4,2.4,4
1106,AUD_CHF,2023-03-28 16:00:00,2023-03-28 20:00:00,2023-03-29 12:00:00,stoploss,5,0,-1.013777387,0.1318692728,-1.045113192,1.4,1.4,4
1130,NZD_CAD,2023-04-19 00:00:00,2023-04-19 04:00:00,2023-04-26 12:00:00,trail_stop,33,1,0.3513823162,1.3625034,-0.6858238592,2.3,2.3,4
1162,GBP_AUD,2023-05-23 16:00:00,2023-05-23 20:00:00,2023-05-29 04:00:00,trail_stop,21,1,1.096145249,2.073613091,-0.1035791064,4,4,4
1166,EUR_CHF,2023-05-24 04:00:00,2023-05-24 08:00:00,2023-05-25 00:00:00,trail_stop,5,1,0.2121926889,1.208261639,-0.1135702846,1,1,4
1169,GBP_NZD,2023-05-24 16:00:00,2023-05-24 20:00:00,2023-06-02 04:00:00,trail_stop,39,1,2.252412185,3.183329372,-0.3787741845,4.8,4.8,4
1181,AUD_CHF,2023-05-31 16:00:00,2023-05-31 20:00:00,2023-06-08 12:00:00,trail_stop,35,1,3.211489626,4.153135481,-0.2110530297,1.4,1.4,4
1206,EUR_AUD,2023-06-22 16:00:00,2023-06-22 20:00:00,2023-06-23 08:00:00,trail_stop,4,1,0.2191653943,1.013779276,-0.35311413,2.4,2.4,4
1208,EUR_CAD,2023-06-27 08:00:00,2023-06-27 12:00:00,2023-06-28 16:00:00,trail_stop,8,1,1.158226072,2.151402193,-0.08998260122,3.7,3.7,4
1224,GBP_JPY,2023-07-21 20:00:00,2023-07-24 00:00:00,2023-07-27 20:00:00,stoploss,24,0,-1.008216426,0.263610349,-3.107863309,2,2.4,4
1232,AUD_CHF,2023-07-31 00:00:00,2023-07-31 04:00:00,2023-08-01 04:00:00,trail_stop,7,1,0.2967290426,1.119496302,-0.1138154574,1.4,1.4,4
1264,GBP_JPY,2023-08-25 12:00:00,2023-08-25 16:00:00,2023-08-29 16:00:00,trail_stop,13,1,0.1279916954,1.01102074,-0.4165185264,2.4,2.4,4
1269,AUD_USD,2023-09-04 00:00:00,2023-09-04 04:00:00,2023-09-05 08:00:00,stoploss,8,0,-1.007977043,0.3015322262,-1.458203464,1,1,4
1315,AUD_USD,2023-10-19 12:00:00,2023-10-19 16:00:00,2023-10-25 08:00:00,trail_stop,23,1,0.6820971143,1.603063764,-0.6275481737,1,1,5
1336,USD_JPY,2023-11-22 04:00:00,2023-11-22 08:00:00,2023-11-28 16:00:00,stoploss,27,0,-1.002816143,0.9302660129,-1.349871369,0.6,0.6,5
1350,NZD_CAD,2023-12-06 00:00:00,2023-12-06 04:00:00,2023-12-08 16:00:00,stoploss,16,0,-1.019544634,0.8319215763,-1.046062779,2.3,2.3,5
1353,USD_JPY,2023-12-08 08:00:00,2023-12-08 12:00:00,2023-12-12 12:00:00,trail_stop,13,1,0.4996007273,1.323242022,-0.3077976009,0.6,0.6,5
1354,GBP_NZD,2023-12-08 12:00:00,2023-12-08 16:00:00,2023-12-13 12:00:00,trail_stop,18,1,0.2524819693,1.156904697,-0.6126278701,4.8,4.8,5
1355,CAD_JPY,2023-12-08 20:00:00,2023-12-11 00:00:00,2023-12-12 12:00:00,trail_stop,10,1,0.2853940911,1.166154743,-0.004934364215,1.2,1.2,5
1369,GBP_JPY,2023-12-15 00:00:00,2023-12-15 04:00:00,2023-12-15 16:00:00,stoploss,4,0,-1.006912488,0.03341035764,-1.012679461,2.4,2.4,5
1371,USD_JPY,2023-12-15 00:00:00,2023-12-15 04:00:00,2023-12-20 08:00:00,trail_stop,20,1,0.6225359186,1.63810683,-0.5821163341,0.6,0.6,5
1375,CHF_JPY,2023-12-18 08:00:00,2023-12-18 12:00:00,2023-12-19 08:00:00,trail_stop,6,1,0.4033131124,2.107332568,-0.09209237579,2.2,2.2,5
1386,NZD_JPY,2023-12-26 16:00:00,2023-12-26 20:00:00,2023-12-28 08:00:00,stoploss,10,0,-1.011405088,0.6435728164,-1.608117392,1.4,1.4,5
1404,AUD_CAD,2024-01-09 00:00:00,2024-01-09 04:00:00,2024-01-11 16:00:00,stoploss,16,0,-1.017196635,0.07331196828,-1.023652298,1.9,1.9,5
1415,NZD_USD,2024-01-25 08:00:00,2024-01-25 12:00:00,2024-01-31 20:00:00,trail_stop,27,1,-0.0118098372,1.053222754,-0.8320567118,1.1,1.1,5
1457,USD_CHF,2024-03-11 16:00:00,2024-03-11 20:00:00,2024-03-20 20:00:00,trail_stop,43,1,2.167248275,3.192884466,-0.876594068,0.9,0.9,5
1468,CHF_JPY,2024-03-19 04:00:00,2024-03-19 08:00:00,2024-03-20 20:00:00,trail_stop,10,1,1.042004355,2.1414966,-0.04225886624,2.2,2.2,5
1481,CHF_JPY,2024-04-04 16:00:00,2024-04-04 20:00:00,2024-04-08 08:00:00,trail_stop,10,1,-0.01504603323,1.138027241,-0.7810259066,2.2,2.2,5
1483,EUR_AUD,2024-04-08 00:00:00,2024-04-08 04:00:00,2024-04-08 12:00:00,stoploss,3,0,-1.017235397,0.01436283107,-1.064285782,2.4,2.4,5
1495,NZD_CHF,2024-04-22 00:00:00,2024-04-22 04:00:00,2024-04-30 08:00:00,trail_stop,38,1,0.7291252312,1.70640545,-0.1815836666,1.7,1.7,5
1537,USD_CHF,2024-06-05 16:00:00,2024-06-05 20:00:00,2024-06-06 20:00:00,stoploss,7,0,-1.009644133,0.09965604221,-1.019063399,0.9,0.9,5
1564,AUD_CAD,2024-06-24 08:00:00,2024-06-24 12:00:00,2024-06-25 12:00:00,stoploss,7,0,-1.025947283,0.2799575246,-1.170359018,1.9,1.9,5
1585,EUR_JPY,2024-07-16 00:00:00,2024-07-16 04:00:00,2024-07-17 08:00:00,stoploss,8,0,-1.005840479,0.3637783848,-1.455113539,1.4,1.4,6
1587,NZD_CAD,2024-07-17 00:00:00,2024-07-17 04:00:00,2024-07-19 04:00:00,stoploss,13,0,-1.024146374,0.3768933958,-1.214667574,2.3,2.3,6
1595,EUR_JPY,2024-07-22 16:00:00,2024-07-22 20:00:00,2024-07-23 08:00:00,stoploss,4,0,-1.005984627,0.1231123329,-1.293534442,1.4,1.4,6
1607,AUD_CHF,2024-07-31 16:00:00,2024-07-31 20:00:00,2024-08-01 08:00:00,stoploss,4,0,-1.016232501,0.2597200101,-1.075982899,1.4,1.4,6
1608,NZD_CAD,2024-07-31 16:00:00,2024-07-31 20:00:00,2024-08-05 04:00:00,trail_stop,15,1,0.7447927826,1.904539036,-0.3040052846,2.3,2.3,6
1609,NZD_CHF,2024-07-31 16:00:00,2024-07-31 20:00:00,2024-08-01 20:00:00,stoploss,7,0,-1.024165126,0.2373868265,-1.417213569,1.7,1.7,6
1610,AUD_CAD,2024-08-01 12:00:00,2024-08-01 16:00:00,2024-08-05 08:00:00,stoploss,11,0,-1.018797295,0.3630845873,-3.730768334,1.9,1.9,6
1611,AUD_CHF,2024-08-06 00:00:00,2024-08-06 04:00:00,2024-08-22 04:00:00,trail_stop,73,1,1.381109528,2.236881509,-0.6865385016,1.4,1.4,6
1612,AUD_JPY,2024-08-06 00:00:00,2024-08-06 04:00:00,2024-09-03 16:00:00,trail_stop,124,1,1.229771981,2.003823428,-0.5583513549,0.9,0.9,6
1614,CAD_CHF,2024-08-06 00:00:00,2024-08-06 04:00:00,2024-08-08 12:00:00,trail_stop,15,1,0.4104640798,1.522461524,-0.5510909218,1.5,1.5,6
1615,CAD_JPY,2024-08-06 00:00:00,2024-08-06 04:00:00,2024-08-19 04:00:00,trail_stop,55,1,0.7859599247,1.575972326,-0.4134614811,1.2,1.2,6
1618,GBP_CHF,2024-08-06 00:00:00,2024-08-06 04:00:00,2024-08-06 16:00:00,stoploss,4,0,-1.006801655,0.07911398164,-1.079315179,1.9,1.9,6
1619,GBP_JPY,2024-08-06 00:00:00,2024-08-06 04:00:00,2024-08-19 08:00:00,trail_stop,56,1,0.725996973,1.519033861,-0.6943605242,2.4,2.4,6
1620,NZD_CAD,2024-08-06 00:00:00,2024-08-06 04:00:00,2024-08-14 04:00:00,trail_stop,37,1,0.7045911845,1.559520394,-0.9780043151,2.3,2.3,6
1621,NZD_CHF,2024-08-06 00:00:00,2024-08-06 04:00:00,2024-08-14 04:00:00,trail_stop,37,1,1.228399321,2.005753395,-0.8288920627,1.7,1.7,6
1622,NZD_JPY,2024-08-06 00:00:00,2024-08-06 04:00:00,2024-08-08 00:00:00,trail_stop,12,1,0.2482723523,1.146310763,-0.6449540111,1.4,1.4,6
1624,USD_JPY,2024-08-06 00:00:00,2024-08-06 04:00:00,2024-08-19 04:00:00,trail_stop,55,1,0.6492506852,1.439899678,-0.3258528993,0.6,0.6,6
1625,CHF_JPY,2024-08-09 00:00:00,2024-08-09 04:00:00,2024-09-03 08:00:00,trail_stop,104,1,0.4348968889,1.261598915,-0.9607675908,2.2,2.2,6
1626,AUD_CAD,2024-08-12 00:00:00,2024-08-12 04:00:00,2024-08-14 16:00:00,trail_stop,16,1,0.3924383127,1.194757184,-0.05403424452,1.9,1.9,6
1629,AUD_NZD,2024-08-15 12:00:00,2024-08-15 16:00:00,2024-08-20 08:00:00,stoploss,17,0,-1.015893084,0.280777819,-1.160195139,2.1,2.1,6
1631,EUR_NZD,2024-08-30 16:00:00,2024-08-30 20:00:00,2024-09-04 16:00:00,trail_stop,18,1,1.344146284,2.209661727,-0.6187510322,3.8,3.8,6
1639,GBP_USD,2024-09-11 04:00:00,2024-09-11 08:00:00,2024-09-11 16:00:00,stoploss,3,0,-1.007680165,0.1544566443,-1.714383416,0.9,0.9,6
1642,CHF_JPY,2024-09-17 16:00:00,2024-09-17 20:00:00,2024-09-20 00:00:00,trail_stop,14,1,0.521749452,1.459165161,-0.3422010039,2.2,2.2,6
1646,GBP_AUD,2024-09-20 16:00:00,2024-09-20 20:00:00,2024-09-25 00:00:00,stoploss,14,0,-1.018569068,0.2395409823,-1.064936073,4,4,6
1648,USD_CHF,2024-09-25 08:00:00,2024-09-25 12:00:00,2024-09-27 12:00:00,stoploss,13,0,-1.008634922,0.9623140317,-1.129255848,0.9,0.9,6
1656,EUR_GBP,2024-10-07 08:00:00,2024-10-07 12:00:00,2024-10-15 00:00:00,stoploss,34,0,-1.011316182,0.6648257064,-1.009969265,0.8,0.8,6
1661,AUD_JPY,2024-10-09 16:00:00,2024-10-09 20:00:00,2024-10-24 16:00:00,trail_stop,66,1,0.5911434478,1.489819942,-0.8146657238,0.8,0.8,6
1663,EUR_CAD,2024-10-11 00:00:00,2024-10-11 04:00:00,2024-10-16 16:00:00,stoploss,22,0,-1.014031586,0.9401162799,-1.184889507,1.8,1.8,6
1673,AUD_CHF,2024-10-17 00:00:00,2024-10-17 04:00:00,2024-10-22 00:00:00,stoploss,18,0,-1.016807035,0.6962914445,-1.073249227,1.4,1.4,6
1682,EUR_AUD,2024-10-25 00:00:00,2024-10-25 04:00:00,2024-10-30 08:00:00,trail_stop,20,1,1.841885654,2.728363149,-0.231418362,2.4,2.4,6
1687,NZD_CHF,2024-10-25 12:00:00,2024-10-25 16:00:00,2024-10-25 20:00:00,stoploss,2,0,-1.0279184,0.2151359039,-1.101955661,1.7,1.7,6
1694,AUD_CAD,2024-11-05 00:00:00,2024-11-05 04:00:00,2024-11-06 04:00:00,stoploss,7,0,-1.018758078,0.7829029353,-1.795839142,1.9,1.9,6
1699,AUD_CAD,2024-11-11 00:00:00,2024-11-11 04:00:00,2024-11-12 16:00:00,stoploss,10,0,-1.013817256,0.1723520842,-1.196283454,1.9,1.9,6
1717,EUR_JPY,2024-11-19 16:00:00,2024-11-19 20:00:00,2024-11-21 08:00:00,stoploss,10,0,-1.003148139,0.664257341,-1.035108122,1,1,6
1729,EUR_JPY,2024-11-26 08:00:00,2024-11-26 12:00:00,2024-11-27 00:00:00,stoploss,4,0,-1.003268513,0.06929247257,-1.178625736,1,1,6
1733,NZD_CHF,2024-11-27 00:00:00,2024-11-27 04:00:00,2024-12-04 16:00:00,stoploss,34,0,-1.022217813,0.8717224364,-1.018098618,1.7,1.7,6
1753,AUD_USD,2024-12-12 00:00:00,2024-12-12 04:00:00,2024-12-13 04:00:00,stoploss,7,0,-1.008930351,0.3268508294,-1.021632101,1,1,6
1755,EUR_CHF,2024-12-12 16:00:00,2024-12-12 20:00:00,2024-12-17 16:00:00,trail_stop,18,1,0.8552460613,1.831337056,-0.165046426,1,1,6
1766,NZD_USD,2024-12-20 08:00:00,2024-12-20 12:00:00,2024-12-31 16:00:00,stoploss,43,0,-1.012169959,0.7998982106,-1.078700906,1.1,1.1,6
1777,EUR_USD,2024-12-31 00:00:00,2024-12-31 04:00:00,2024-12-31 16:00:00,stoploss,4,0,-1.007706651,0.2675308939,-1.516008399,0.7,0.7,6
1780,CAD_CHF,2025-01-06 00:00:00,2025-01-06 04:00:00,2025-01-15 00:00:00,trail_stop,42,1,0.6306836339,1.436781062,-0.7361356356,1.5,1.5,6
1791,GBP_CHF,2025-01-10 08:00:00,2025-01-10 12:00:00,2025-01-13 00:00:00,stoploss,4,0,-1.014635921,0.3258418215,-1.111559689,1.9,1.9,6
1794,EUR_USD,2025-01-14 08:00:00,2025-01-14 12:00:00,2025-01-15 16:00:00,trail_stop,8,1,0.5733952103,1.492356,-0.3261336178,0.7,0.7,6
1798,GBP_USD,2025-01-20 00:00:00,2025-01-20 04:00:00,2025-01-21 00:00:00,trail_stop,6,1,0.6949362859,1.688334644,-0.2974868824,0.9,0.9,6
1810,NZD_USD,2025-02-04 12:00:00,2025-02-04 16:00:00,2025-02-07 16:00:00,trail_stop,19,1,0.4781726628,1.392088936,-0.008795507351,1.1,1.1,6
1811,EUR_CAD,2025-02-05 16:00:00,2025-02-05 20:00:00,2025-02-07 16:00:00,stoploss,12,0,-1.008414678,0.1841879601,-1.39870654,1.8,1.8,6
1814,AUD_CAD,2025-02-07 00:00:00,2025-02-07 04:00:00,2025-02-12 12:00:00,stoploss,21,0,-1.018165842,0.4254631366,-1.219023594,1.9,1.9,6
1830,USD_CHF,2025-02-17 12:00:00,2025-02-17 16:00:00,2025-02-24 00:00:00,stoploss,27,0,-1.009158539,0.9046601584,-1.128535563,0.9,0.9,6
1841,EUR_CHF,2025-02-26 08:00:00,2025-02-26 12:00:00,2025-02-27 16:00:00,stoploss,8,0,-1.014084372,0.6816836278,-1.183087288,1,1,6
1852,NZD_JPY,2025-03-12 08:00:00,2025-03-12 12:00:00,2025-03-19 08:00:00,trail_stop,30,1,1.77186608,2.603811363,-0.831744621,1.2,1,6
1875,AUD_USD,2025-04-10 04:00:00,2025-04-10 08:00:00,2025-05-09 00:00:00,trail_stop,125,1,1.489392581,2.350147478,-0.3608466028,1,1,7
1877,NZD_CHF,2025-04-10 04:00:00,2025-04-10 08:00:00,2025-04-10 16:00:00,stoploss,3,0,-1.007247922,0.2289490718,-1.206139523,1.7,1.7,7
1921,AUD_JPY,2025-06-09 00:00:00,2025-06-09 04:00:00,2025-06-12 04:00:00,stoploss,19,0,-1.005821305,0.8106167467,-1.305427687,0.8,0.8,7
1929,AUD_CAD,2025-06-16 08:00:00,2025-06-16 12:00:00,2025-06-19 08:00:00,trail_stop,18,1,0.4959400166,1.519417734,-0.3311439455,1.9,1.9,7
1934,NZD_CHF,2025-06-16 08:00:00,2025-06-16 12:00:00,2025-06-23 00:00:00,stoploss,28,0,-1.019380919,0.9200236237,-1.36008449,1.7,1.7,7
1937,GBP_CHF,2025-06-16 16:00:00,2025-06-16 20:00:00,2025-06-17 20:00:00,stoploss,7,0,-1.013244889,0.211221126,-1.411626337,1.9,1.9,7
1947,NZD_CHF,2025-06-25 04:00:00,2025-06-25 08:00:00,2025-07-01 16:00:00,stoploss,27,0,-1.019245331,0.3452838757,-1.094719698,1.7,1.7,7
1955,NZD_CAD,2025-06-27 16:00:00,2025-06-27 20:00:00,2025-07-03 12:00:00,stoploss,23,0,-1.021502285,0.7469706858,-1.468699559,2.3,2.3,7
1976,GBP_CAD,2025-07-17 08:00:00,2025-07-17 12:00:00,2025-07-28 20:00:00,stoploss,45,0,-1.016841043,0.6977003594,-1.195714064,2.8,2.8,7
1989,GBP_CHF,2025-07-29 08:00:00,2025-07-29 12:00:00,2025-07-31 12:00:00,trail_stop,13,1,0.03923296014,1.067732407,-0.236769888,1.9,1.9,7
1999,NZD_CHF,2025-08-06 00:00:00,2025-08-06 04:00:00,2025-08-08 00:00:00,trail_stop,12,1,0.34259318,1.23643191,-0.1322153981,1.7,1.7,7
2033,NZD_CAD,2025-09-05 00:00:00,2025-09-05 04:00:00,2025-09-08 00:00:00,trail_stop,6,1,1.017098623,1.971182627,-0.05010445611,2.3,2.3,7
2040,USD_CAD,2025-09-17 16:00:00,2025-09-17 20:00:00,2025-09-19 16:00:00,trail_stop,12,1,0.6910283623,1.632236871,-0.8648702737,1.3,1.3,7
2044,EUR_NZD,2025-09-22 20:00:00,2025-09-23 00:00:00,2025-09-30 16:00:00,trail_stop,35,1,1.047399371,1.930677182,-0.1851080712,3.8,3.8,7
2046,NZD_CAD,2025-09-26 16:00:00,2025-09-26 20:00:00,2025-10-02 00:00:00,trail_stop,20,1,0.9788798259,1.920838181,-0.5633287677,2.3,2.3,7
2052,EUR_JPY,2025-10-03 00:00:00,2025-10-03 04:00:00,2025-10-06 08:00:00,trail_stop,8,1,3.588168307,4.449174378,-0.2015972331,1,1,7
2060,USD_JPY,2025-10-06 20:00:00,2025-10-07 00:00:00,2025-10-10 16:00:00,trail_stop,23,1,1.829869616,2.761009398,-0.05855023243,0.6,0.6,7
2070,GBP_CAD,2025-10-13 16:00:00,2025-10-13 20:00:00,2025-10-17 12:00:00,trail_stop,23,1,1.342046124,2.353691062,-0.7537600989,2.8,2.8,7
2072,EUR_USD,2025-10-14 16:00:00,2025-10-14 20:00:00,2025-10-17 16:00:00,trail_stop,18,1,0.793419016,1.834936536,-0.153877948,0.7,0.7,7
2081,AUD_CHF,2025-10-21 00:00:00,2025-10-21 04:00:00,2025-11-04 08:00:00,trail_stop,62,1,1.836918672,2.665438763,-0.6515045384,1.4,1.4,7
2085,GBP_CHF,2025-10-22 16:00:00,2025-10-22 20:00:00,2025-10-24 16:00:00,stoploss,12,0,-1.017448861,0.4123441449,-1.091931377,1.9,1.9,7
2094,EUR_AUD,2025-10-30 12:00:00,2025-10-30 16:00:00,2025-11-03 08:00:00,stoploss,11,0,-1.012405962,0.3649420515,-1.119638079,2.4,2.4,7
2095,GBP_AUD,2025-10-30 12:00:00,2025-10-30 16:00:00,2025-11-10 00:00:00,trail_stop,39,1,1.065508068,2.079116203,-0.5883667475,4,4,7
2098,EUR_CHF,2025-11-03 08:00:00,2025-11-03 12:00:00,2025-11-11 20:00:00,stoploss,39,0,-1.014696185,0.9170419632,-1.025793735,1,1,7
2113,GBP_AUD,2025-11-17 00:00:00,2025-11-17 04:00:00,2025-11-18 12:00:00,trail_stop,9,1,0.1000197055,1.131006286,-0.3028724698,4,4,7
2119,EUR_NZD,2025-11-19 12:00:00,2025-11-19 16:00:00,2025-11-26 00:00:00,stoploss,27,0,-1.015529053,0.8001548854,-1.674685761,3.8,3.8,7
2120,NZD_CHF,2025-11-20 12:00:00,2025-11-20 16:00:00,2025-11-20 16:00:00,stoploss,1,0,-1.026394773,0.1381844001,-1.113238369,1.7,1.7,7
2126,AUD_USD,2025-11-26 00:00:00,2025-11-26 04:00:00,2025-12-08 00:00:00,trail_stop,48,1,2.708316451,3.647245131,-0.1635845889,1,1,7
2144,USD_CHF,2025-12-18 08:00:00,2025-12-18 12:00:00,2025-12-18 12:00:00,stoploss,1,0,-1.011526065,0.006403369196,-1.256341036,0.9,0.9,7
2150,EUR_GBP,2025-12-29 08:00:00,2025-12-29 12:00:00,2025-12-31 20:00:00,end_of_data,15,0,-0.4410580188,0.5641439775,-0.9265637448,0.8,0.8,7
