config_id,fold_id,segment,calendar_year,n_trades,roi_pct,max_dd_base_pct,dd_at_0p40_pct,days_breaching_daily_5pct,roi_dd_ratio
A1::full::sl_partial_close_1r_runner_trail::sl2.5::exp2,1,search,2010,278,-0.1238166465098639,0.1455955321255455,0.1164764257004364,0,-0.8504151514972185
A1::full::sl_partial_close_1r_runner_trail::sl2.5::exp2,2,search,2011,253,-0.025948889025047772,0.10078642027415995,0.08062913621932796,0,-0.2574641400543984
A1::full::sl_partial_close_1r_runner_trail::sl2.5::exp2,3,search,2012,279,0.10014845636561276,0.05514439851800616,0.04411551881440493,0,1.816112951760849
A1::full::sl_partial_close_1r_runner_trail::sl2.5::exp2,4,search,2013,259,0.0186631013501819,0.1025678582398353,0.08205428659186825,0,0.18195857523457112
A1::full::sl_partial_close_1r_runner_trail::sl2.5::exp2,5,search,2014,279,-0.1981307908991099,0.22056951589047002,0.17645561271237603,0,-0.8982691470270865
A1::full::sl_partial_close_1r_runner_trail::sl2.5::exp2,6,search,2015,266,-0.029644991862204595,0.08357991474559161,0.06686393179647329,0,-0.3546903816836952
A1::full::sl_partial_close_1r_runner_trail::sl2.5::exp2,7,search,2016,247,-0.07885961577121026,0.1310375543406786,0.10483004347254288,0,-0.6018092764932618
A1::full::sl_partial_close_1r_runner_trail::sl2.5::exp2,8,search,2017,272,0.007867581063159657,0.10965324281259357,0.08772259425007486,0,0.07174964334256854
A1::full::sl_partial_close_1r_runner_trail::sl2.5::exp2,9,search,2018,332,-0.21078078257764932,0.25769701551396784,0.20615761241117428,0,-0.8179403325927321
A1::full::sl_partial_close_1r_runner_trail::sl2.5::exp2,10,search,2019,291,-0.09404580986740907,0.15939896527186176,0.1275191722174894,0,-0.5900026371376371
A1::full::sl_partial_close_1r_runner_trail::sl2.5::exp2,11,search,2020,289,0.013888509954764094,0.10824713052759836,0.0865977044220787,0,0.12830372396082243
A1::full::sl_partial_close_1r_runner_trail::sl2.5::exp2,12,holdout,2021,1507,-0.11079567528543233,0.2913765377385212,0.23310123019081697,0,-0.38024913105687125
A1::full::sl_partial_close_1r_runner_trail::sl2.5::expinf,1,search,2010,413,-0.09166397855665764,0.12884587095013567,0.10307669676010854,0,-0.7114234851354476
A1::full::sl_partial_close_1r_runner_trail::sl2.5::expinf,2,search,2011,418,-0.0374741545633418,0.13511423601439895,0.10809138881151917,0,-0.27735163716833083
A1::full::sl_partial_close_1r_runner_trail::sl2.5::expinf,3,search,2012,404,0.09529257109478873,0.06331406273575195,0.05065125018860156,0,1.5050774974353252
A1::full::sl_partial_close_1r_runner_trail::sl2.5::expinf,4,search,2013,407,0.036410824110097106,0.14347990645977796,0.11478392516782238,0,0.2537694999146395
A1::full::sl_partial_close_1r_runner_trail::sl2.5::expinf,5,search,2014,402,-0.2429895958583177,0.2836706290333811,0.2269365032267049,0,-0.8565906054014629
A1::full::sl_partial_close_1r_runner_trail::sl2.5::expinf,6,search,2015,365,-0.027282364353011124,0.10497882895116724,0.08398306316093379,0,-0.2598844417068321
A1::full::sl_partial_close_1r_runner_trail::sl2.5::expinf,7,search,2016,384,-0.14896481318502863,0.17928784854097501,0.14343027883278,0,-0.8308695452440757
A1::full::sl_partial_close_1r_runner_trail::sl2.5::expinf,8,search,2017,407,-0.03279543895593351,0.1591251789008374,0.12730014312066992,0,-0.2060983634549172
A1::full::sl_partial_close_1r_runner_trail::sl2.5::expinf,9,search,2018,521,-0.21550793038350247,0.2805380655796188,0.22443045246369506,0,-0.7681949682594489
A1::full::sl_partial_close_1r_runner_trail::sl2.5::expinf,10,search,2019,441,-0.23058815232174068,0.3051756875293163,0.24414055002345303,0,-0.7555914895730006
A1::full::sl_partial_close_1r_runner_trail::sl2.5::expinf,11,search,2020,448,0.034661892242647596,0.10797804853553261,0.0863824388284261,0,0.32100869308858937
A1::full::sl_partial_close_1r_runner_trail::sl2.5::expinf,12,holdout,2021,2458,-0.24681015197129197,0.37972297198529004,0.30377837758823206,0,-0.649974244857783
A1::full::sl_partial_close_1r_runner_trail::sl3.0::exp2,1,search,2010,232,-0.11613640339250375,0.13333352283633,0.10666681826906399,0,-0.8710217874844866
A1::full::sl_partial_close_1r_runner_trail::sl3.0::exp2,2,search,2011,205,-0.14893105839999277,0.16408678833125478,0.13126943066500382,0,-0.9076358914365125
A1::full::sl_partial_close_1r_runner_trail::sl3.0::exp2,3,search,2012,245,0.10435718790015702,0.04854891259451112,0.0388391300756089,0,2.149526782850241
A1::full::sl_partial_close_1r_runner_trail::sl3.0::exp2,4,search,2013,225,0.006092316612259063,0.0854255916461303,0.06834047331690424,0,0.07131723052614104
A1::full::sl_partial_close_1r_runner_trail::sl3.0::exp2,5,search,2014,246,-0.09148087058294774,0.14654281062133223,0.11723424849706579,0,-0.6242603795783269
A1::full::sl_partial_close_1r_runner_trail::sl3.0::exp2,6,search,2015,217,-0.03677947240907331,0.101337259360934,0.0810698074887472,0,-0.36294125814154365
A1::full::sl_partial_close_1r_runner_trail::sl3.0::exp2,7,search,2016,221,-0.13603133982854387,0.14738706073477303,0.11790964858781844,0,-0.9229530675921133
A1::full::sl_partial_close_1r_runner_trail::sl3.0::exp2,8,search,2017,225,0.03296976188457057,0.08548591000139087,0.0683887280011127,0,0.3856748075096135
A1::full::sl_partial_close_1r_runner_trail::sl3.0::exp2,9,search,2018,267,-0.08749277531041733,0.14759524301603708,0.11807619441282967,0,-0.5927885853401842
A1::full::sl_partial_close_1r_runner_trail::sl3.0::exp2,10,search,2019,226,-0.10099928019713622,0.15794341564966513,0.12635473251973212,0,-0.6394649614338029
A1::full::sl_partial_close_1r_runner_trail::sl3.0::exp2,11,search,2020,244,0.008467999521365677,0.09145654783900212,0.0731652382712017,0,0.09259041284034181
A1::full::sl_partial_close_1r_runner_trail::sl3.0::exp2,12,holdout,2021,1202,-0.17926770849112617,0.3520203754260139,0.28161630034081114,0,-0.5092537847395253
A1::full::sl_partial_close_1r_runner_trail::sl3.0::expinf,1,search,2010,394,-0.15400690343669732,0.18780538773013333,0.15024431018410667,0,-0.8200345330773859
A1::full::sl_partial_close_1r_runner_trail::sl3.0::expinf,2,search,2011,388,-0.11620146265907616,0.15473104761262707,0.12378483809010166,0,-0.7509899561333634
A1::full::sl_partial_close_1r_runner_trail::sl3.0::expinf,3,search,2012,396,0.1648870959280293,0.08790262405770202,0.07032209924616162,0,1.875792647780256
A1::full::sl_partial_close_1r_runner_trail::sl3.0::expinf,4,search,2013,389,0.058481326195928496,0.12725423260092364,0.10180338608073891,0,0.459562915909675
A1::full::sl_partial_close_1r_runner_trail::sl3.0::expinf,5,search,2014,397,-0.17570777751200473,0.22145313976015688,0.1771625118081255,0,-0.7934309610706071
A1::full::sl_partial_close_1r_runner_trail::sl3.0::expinf,6,search,2015,336,-0.13360679378905194,0.18094114711251327,0.1447529176900106,1,-0.7383991752079047
A1::full::sl_partial_close_1r_runner_trail::sl3.0::expinf,7,search,2016,374,-0.1500817467291642,0.1564021915638533,0.12512175325108263,0,-0.9595885148955301
A1::full::sl_partial_close_1r_runner_trail::sl3.0::expinf,8,search,2017,390,0.018205567411221812,0.12312195353591857,0.09849756282873486,0,0.1478661350667302
A1::full::sl_partial_close_1r_runner_trail::sl3.0::expinf,9,search,2018,485,-0.2263977846831472,0.26929856025921967,0.21543884820737574,0,-0.8406943745455701
A1::full::sl_partial_close_1r_runner_trail::sl3.0::expinf,10,search,2019,405,-0.26377607137547365,0.3348178057361241,0.2678542445888993,0,-0.7878197242095312
A1::full::sl_partial_close_1r_runner_trail::sl3.0::expinf,11,search,2020,429,0.04588647732868245,0.13408501089459626,0.10726800871567702,0,0.34221929075095237
A1::full::sl_partial_close_1r_runner_trail::sl3.0::expinf,12,holdout,2021,2273,-0.19923169775931804,0.40347998211933134,0.32278398569546507,0,-0.4937833513147976
A1::full::sl_partial_close_1r_runner_trail::sl3.5::exp2,1,search,2010,197,-0.11837980532856707,0.13522702815307205,0.10818162252245765,0,-0.8754152697533621
A1::full::sl_partial_close_1r_runner_trail::sl3.5::exp2,2,search,2011,159,-0.03832893810213467,0.09694680267067096,0.07755744213653677,0,-0.395360517791787
A1::full::sl_partial_close_1r_runner_trail::sl3.5::exp2,3,search,2012,212,0.027035166485466444,0.06387073675335515,0.05109658940268413,0,0.4232793899006696
A1::full::sl_partial_close_1r_runner_trail::sl3.5::exp2,4,search,2013,174,0.02380102658961314,0.06932382855141812,0.0554590628411345,0,0.3433311039934804
A1::full::sl_partial_close_1r_runner_trail::sl3.5::exp2,5,search,2014,206,-0.09867150528463864,0.13627237408172083,0.10901789926537667,0,-0.7240756312461877
A1::full::sl_partial_close_1r_runner_trail::sl3.5::exp2,6,search,2015,159,-0.09217854372471479,0.12689196622545507,0.10151357298036406,0,-0.7264332523694741
A1::full::sl_partial_close_1r_runner_trail::sl3.5::exp2,7,search,2016,188,-0.051310985259375275,0.06363316355208,0.050906530841664,0,-0.8063560319043427
A1::full::sl_partial_close_1r_runner_trail::sl3.5::exp2,8,search,2017,205,0.06386388034202684,0.03837553425361288,0.030700427402890303,0,1.6641821823239986
A1::full::sl_partial_close_1r_runner_trail::sl3.5::exp2,9,search,2018,201,-0.08204166696781467,0.11811686663500123,0.094493493308001,0,-0.6945804549771515
A1::full::sl_partial_close_1r_runner_trail::sl3.5::exp2,10,search,2019,192,-0.12252736588545987,0.18187549771068476,0.14550039816854782,0,-0.6736881406662492
A1::full::sl_partial_close_1r_runner_trail::sl3.5::exp2,11,search,2020,203,-0.04333173693050607,0.12353000505648465,0.09882400404518772,0,-0.3507790427976785
A1::full::sl_partial_close_1r_runner_trail::sl3.5::exp2,12,holdout,2021,943,-0.009957981901021373,0.2452517378040617,0.19620139024324937,0,-0.0406031043456951
A1::full::sl_partial_close_1r_runner_trail::sl3.5::expinf,1,search,2010,369,-0.13205662090579906,0.16200793849803485,0.1296063507984279,0,-0.8151243829783125
A1::full::sl_partial_close_1r_runner_trail::sl3.5::expinf,2,search,2011,360,-0.09180537316106108,0.141578743547407,0.1132629948379256,0,-0.6484403721969779
A1::full::sl_partial_close_1r_runner_trail::sl3.5::expinf,3,search,2012,365,0.054416749085083094,0.12374357084579098,0.09899485667663278,0,0.43975415218053754
A1::full::sl_partial_close_1r_runner_trail::sl3.5::expinf,4,search,2013,370,0.18934321571347867,0.08247230427016411,0.06597784341613129,0,2.295840008219306
A1::full::sl_partial_close_1r_runner_trail::sl3.5::expinf,5,search,2014,371,-0.14924907195677994,0.19679613842759808,0.15743691074207847,0,-0.7583943117445323
A1::full::sl_partial_close_1r_runner_trail::sl3.5::expinf,6,search,2015,301,-0.1287647367352297,0.18936613983534104,0.15149291186827285,1,-0.6799776182119681
A1::full::sl_partial_close_1r_runner_trail::sl3.5::expinf,7,search,2016,359,-0.10947438801483733,0.12002952762196573,0.09602362209757259,0,-0.9120621415725977
A1::full::sl_partial_close_1r_runner_trail::sl3.5::expinf,8,search,2017,379,-0.007804725789932632,0.12728990214565036,0.1018319217165203,0,-0.06131457137112213
A1::full::sl_partial_close_1r_runner_trail::sl3.5::expinf,9,search,2018,459,-0.1344085590962233,0.19107799288868615,0.15286239431094895,0,-0.7034224981341727
A1::full::sl_partial_close_1r_runner_trail::sl3.5::expinf,10,search,2019,383,-0.22519286372103298,0.31044915382699445,0.24835932306159558,0,-0.7253776051408641
A1::full::sl_partial_close_1r_runner_trail::sl3.5::expinf,11,search,2020,379,-0.02734595515719218,0.16693929152732873,0.133551433221863,0,-0.16380778249987674
A1::full::sl_partial_close_1r_runner_trail::sl3.5::expinf,12,holdout,2021,2019,-0.21900398309147295,0.41561608670426914,0.3324928693634153,0,-0.5269381770761554
