t,n_trades_alive,n_winners_alive,all_mfe_p10,all_mfe_p25,all_mfe_p50,all_mfe_p75,all_mfe_p90,all_mae_p10,all_mae_p25,all_mae_p50,all_mae_p75,all_mae_p90,win_mfe_p10,win_mfe_p25,win_mfe_p50,win_mfe_p75,win_mfe_p90,win_mae_p10,win_mae_p25,win_mae_p50,win_mae_p75,win_mae_p90
0,3301,1638,0.02741493777225245,0.1283515308481068,0.3276574928084444,0.632510532772098,1.004437894282651,-1.127626287498755,-0.739014141603204,-0.4360222175010513,-0.2359809422604298,-0.11330533988206523,0.04553853280458802,0.1579427107351767,0.384196369485816,0.7099758828719731,1.1463368993822738,-0.969940981313773,-0.6426543074643438,-0.38683716603845664,-0.20449321165022022,-0.09948809352114758
1,3301,1638,0.06289899230235937,0.20900455140040225,0.49241058238765784,0.9047045944471316,1.4234113304590137,-1.626624567318266,-1.0099035209314675,-0.5973334092785778,-0.32530330981787786,-0.15525554605579903,0.09965570575224977,0.27962602763616595,0.6069528993084102,1.0961779018329278,1.6533760736001282,-1.271373306948405,-0.8247391243691823,-0.49262612072284595,-0.2693412552537343,-0.12111860289148078
2,3301,1638,0.0849667571780229,0.27743490387823455,0.6318831155696518,1.1129086696615103,1.7011934607454546,-1.9461452947428233,-1.286870934456077,-0.7323408585004555,-0.39041399281920464,-0.18343316246316152,0.1570435277796219,0.4020611561899788,0.7851973387385771,1.3485323329697625,2.043204121042558,-1.5187448129309795,-0.9748270500410974,-0.5823012089479149,-0.31524396839405355,-0.14403658863274685
3,3301,1638,0.10564267414410915,0.3303679559333863,0.7537250289608671,1.3329685016942467,1.9967788223908258,-2.219848756138018,-1.4855440858245594,-0.8398845782607378,-0.4341228501654452,-0.20528312400023951,0.19886236248753572,0.5016011091529479,1.028851820143741,1.6506865044744148,2.4102068791372844,-1.680625481304293,-1.1339051371505173,-0.6535883309858127,-0.34691107436703295,-0.15852113969921416
4,3301,1638,0.1283515308481068,0.39354323127017443,0.8537321954911264,1.5503673310498085,2.2990017117046957,-2.5812531918075314,-1.6827993898658902,-0.9572080905631661,-0.48909553847679194,-0.23089316864107906,0.2538601383422275,0.6174472913307425,1.2086366224127822,1.9117937637337405,2.7589758651839253,-1.8742397034402865,-1.2818261742204786,-0.738301876876615,-0.3769309558781548,-0.17013160891751028
5,3301,1638,0.1522060060628459,0.43907076218211966,0.9574057312488633,1.723654518144433,2.5803487480112315,-2.808558473988563,-1.8670602922858426,-1.0520817879721958,-0.5414689913099047,-0.2552154963670535,0.3310146916181055,0.7345626900618465,1.4007490557477666,2.1812643410666457,3.1188233809426373,-1.989388144909528,-1.379930508046268,-0.7858726876393117,-0.4019486894749171,-0.18197075937267876
6,3301,1638,0.16478698786931442,0.4857388693719432,1.0601706019498278,1.8579447434263947,2.8260827330844878,-2.9884246011004754,-2.0041038277233847,-1.141863181191399,-0.5849483876146666,-0.2714822188155014,0.38501090461925513,0.8222878518267739,1.544400480826673,2.4810581560023492,3.4673865856425725,-2.0690147817701106,-1.4259066101291071,-0.8328851872516573,-0.41961029683319423,-0.1855570476938002
7,3301,1638,0.17744848980054787,0.5206200898218586,1.1214303508173602,1.9967788223908258,2.9825848285340903,-3.1445151902886557,-2.144160885795539,-1.2273913137903794,-0.6242705443639659,-0.2876387150519017,0.43202664396845064,0.8906374585889268,1.680089437951894,2.6220516537499403,3.666612710525525,-2.1799630669231136,-1.4672140584733233,-0.8675640245607388,-0.4284137363199229,-0.1866664917924115
8,3301,1638,0.18909684209226332,0.5608898691787846,1.1696907325352472,2.083005002137945,3.1093480089723533,-3.2936942463248204,-2.2761033521893363,-1.3180823610325405,-0.6527255972363559,-0.29868635913131125,0.4712544933073566,0.9517840387926606,1.7893091860345869,2.804971059324766,3.8156751773447555,-2.240284829551888,-1.5315899896190683,-0.8981890103040265,-0.4385307289612774,-0.19306591506369875
9,3301,1638,0.19768465770532134,0.5844341121868767,1.2422338790630503,2.2111611828519897,3.2772358779068598,-3.476423247180931,-2.395951390116069,-1.3869662969808132,-0.6837567857769714,-0.3179008225091543,0.539134166694502,1.0548172000756406,1.9377507586084,2.9570876148827527,3.9894769685416596,-2.269068981481518,-1.5874474171158741,-0.9378870560224113,-0.45203092734472344,-0.1983288772187727
10,3301,1638,0.2092977445033959,0.6186549440332281,1.3273682233439126,2.365285894279059,3.468718726842721,-3.6416973916678317,-2.533341198048143,-1.4631792253913674,-0.7307164664746589,-0.32516320025691703,0.5775430214101277,1.1445569299663887,2.0275315902728677,3.1419810320346486,4.236191640689821,-2.309330222231953,-1.6375734094101604,-0.965395674510596,-0.45821624566268526,-0.203604229568491
11,3301,1638,0.22964125274056313,0.6481921542129573,1.4114878969288984,2.4903323764739245,3.6156137364013117,-3.8338655014549463,-2.655917669688739,-1.518923893273914,-0.7620940413122486,-0.3396190986771993,0.6252963030274223,1.2118345105590764,2.1931787489711616,3.2977522457981254,4.442511802380319,-2.3772551888475695,-1.6765297467756788,-0.9828377876002463,-0.47292743408863336,-0.21110340549848125
12,3301,1638,0.2420056368791153,0.6810751938229995,1.4697705631720583,2.5839440961370888,3.732185945187148,-4.053311017046766,-2.782199963780214,-1.566922619133519,-0.7927228345552614,-0.3506510871929621,0.6823225223330815,1.3226009790992796,2.3308096328364822,3.418060229547922,4.663217132361769,-2.4586765196380806,-1.6986000143716744,-1.0190825338446658,-0.48615535532770443,-0.2163363129178354
13,3300,1638,0.2494653119106075,0.7058304209636254,1.514259960371081,2.6787506954284632,3.8369529324573883,-4.167984636641425,-2.8378726081807795,-1.6314126517881347,-0.8074360208971808,-0.36231110508729364,0.7286074485064641,1.4346057168002164,2.4764259174888608,3.544173090857413,4.781216567599071,-2.4701428969098203,-1.7599610978635805,-1.03353121464477,-0.49870352504053733,-0.22032291716753122
14,3300,1638,0.25668226642666125,0.7295372671715988,1.5585471484259261,2.7574235418513275,3.969359585603063,-4.305219446012979,-2.930774190422552,-1.677941974179774,-0.8352982775615871,-0.3692378198403145,0.756581047808306,1.475643698419083,2.5437757952667575,3.6802282644896436,4.9543390938241245,-2.5018140659425265,-1.783687416933297,-1.053111325004695,-0.5078804184703957,-0.22381046081447178
15,3299,1637,0.2785419415361406,0.7574446786362026,1.6041858675951535,2.8495913160843136,4.125485090541385,-4.388325039262145,-2.974880266913697,-1.7192199566867739,-0.8590254099942447,-0.38056973815383954,0.8370775032281378,1.53710285569168,2.663602350532283,3.7912982986642967,5.153394623983124,-2.5351644967704425,-1.8144766738969318,-1.061615916693502,-0.5149695649588537,-0.22740881551347475
16,3299,1637,0.28588969859844754,0.7790926541172536,1.657794084156561,2.941270764544373,4.292644882112385,-4.515781847620197,-3.0616318486508627,-1.771375228635329,-0.8798423303163385,-0.3820536778354128,0.9073350024237795,1.60208638734028,2.7450846103435818,3.9394947505317415,5.376238167531477,-2.555029357830541,-1.8172426642062547,-1.0726357860280384,-0.5189757362740264,-0.22740881551347475
17,3299,1637,0.2941492370305319,0.799990853214094,1.7120340018175124,3.0500817708030223,4.49998996057315,-4.627541900057262,-3.162657894363875,-1.822400685416216,-0.9104387240311134,-0.389766825942032,0.9588707165764212,1.7457783945761225,2.902910601695929,4.104495755611091,5.579258118863771,-2.5948727853872584,-1.8411078886065382,-1.0921999182389923,-0.5294093166569672,-0.23200614793126695
18,3299,1637,0.29504473546838367,0.8272919321054553,1.7737809648497083,3.144001421039827,4.6974149610062,-4.747980247566288,-3.2591562336580067,-1.8804957437778766,-0.9253139937911126,-0.39934799609654387,1.0510444128501986,1.859542705833061,3.0369428592346916,4.229655353117857,5.76730814791571,-2.630777599453661,-1.8697677515900888,-1.111826229719955,-0.5322018956353904,-0.23605607020126868
19,3299,1637,0.29888918469503145,0.8465867331762129,1.8349464225165606,3.2280208990528134,4.801845846171555,-4.831431506722252,-3.351446183717245,-1.9356340528002747,-0.9498878315746169,-0.41093649208550237,1.1043707490184342,1.930984471243417,3.137101110605859,4.370029121324718,5.87863240374102,-2.6498426006545186,-1.8846497507806832,-1.1363631072390572,-0.5378192137141614,-0.23916825137087716
20,3299,1637,0.3199289400575942,0.8691737792648832,1.888120020042271,3.3052875950570284,4.916401891937313,-4.924295062459792,-3.4112302506002976,-1.9701708742960928,-0.974387303506286,-0.4195502069887568,1.1648473790499625,2.0212357157589693,3.235843773899231,4.4907842556823,6.013962639480894,-2.6783557755059024,-1.9093818836303125,-1.1538098990176784,-0.5414689913099047,-0.24189070185464961
21,3299,1637,0.3294758900823192,0.8949346064490691,1.9079761877581316,3.378395256260119,5.044930400210744,-5.029327094785275,-3.476211483359116,-2.0179678282783895,-0.9918463956278983,-0.4257241946194136,1.236502138592933,2.0656314472962674,3.3152383097300175,4.660454243808501,6.159516248959501,-2.701246040357984,-1.9221190297767154,-1.1635044092019473,-0.5484759285898395,-0.24360216813182345
22,3299,1637,0.33870723232566047,0.9056330598808819,1.94977105729987,3.4585462592860137,5.127160832047196,-5.099998964514061,-3.5470490622879973,-2.0676166198792334,-1.0105963183385382,-0.42790205714804885,1.2835446910537238,2.154502318585166,3.411469979553265,4.757231728810341,6.281802888530258,-2.7313993274489667,-1.9334557251081494,-1.1797762274970178,-0.552056361981731,-0.24618706269050578
23,3299,1637,0.3506321519784992,0.9292436534622032,1.998026269804031,3.522599659698746,5.297880449249797,-5.273617132076899,-3.6224763156635937,-2.105928812925992,-1.0290566224843762,-0.43551501643196316,1.3303051764700902,2.243064858537962,3.502717912654973,4.87457955999117,6.389761463969191,-2.7730724316412854,-1.9586512653712973,-1.1897463069451375,-0.5639043506817413,-0.24898122394635772
24,3298,1637,0.3598280169101137,0.9481023266188634,2.0437999673674403,3.644618012845842,5.430527968939753,-5.409677585826689,-3.703151998763031,-2.1471585097377273,-1.0398083661772792,-0.4398709005066821,1.3584039081713402,2.3548240840410233,3.6126148272787755,5.002440067024848,6.57347463776546,-2.796408462706396,-1.9768218369774113,-1.1961242748487018,-0.5809683069925329,-0.252114860872837
25,3298,1637,0.36609986950308376,0.9629578528512306,2.08472186218781,3.7249788242652286,5.553538417733931,-5.503123797137062,-3.7767049641120582,-2.2127570386257416,-1.0560835208477872,-0.4478651630333582,1.4035288381386333,2.4256492578011417,3.6865954892025234,5.06563705023908,6.739687402640987,-2.825369250226925,-1.9988376351691788,-1.2081080967503495,-0.5901994064387777,-0.25968799783846014
26,3298,1637,0.3750115507106187,0.9800237144509352,2.1554722731502998,3.793991982777971,5.633576700030303,-5.675008444469604,-3.836973396670076,-2.2460701575125555,-1.0682824622400475,-0.4478651630333582,1.4311129417024477,2.4725848655616134,3.769946471845626,5.129496354624042,6.890634806950566,-2.838178774354954,-2.0179678282783895,-1.2255191910262169,-0.5941825766965587,-0.2643335151289767
27,3298,1637,0.38281559242768287,1.0087649667430585,2.1965673304927393,3.8793803267270985,5.767191519735442,-5.803042009479412,-3.922599645949532,-2.266173377751627,-1.079287369436023,-0.45361282723581486,1.4736873751234523,2.5690080850017987,3.844187311730884,5.238370187222148,7.066221563321602,-2.843949014880945,-2.037174388776601,-1.2345877142185937,-0.5989771962025221,-0.2646383461068479
28,3298,1637,0.39233093001043534,1.0218485706189033,2.2406894503240338,3.9405175291835253,5.830560016315308,-5.878853326255027,-4.008172699113095,-2.309704873697662,-1.1055389936459692,-0.45789198278462606,1.543654973040995,2.6557136341356706,3.9119779124473415,5.316758266367682,7.147401151386225,-2.8703026879976767,-2.0598491895918984,-1.26253510935911,-0.6132345004167988,-0.2716380678530962
29,3298,1637,0.39768119423774057,1.0506971229428492,2.3095705995526994,4.060888910410693,5.910977045290504,-5.920090963746973,-4.062286227137907,-2.3726868234451306,-1.1376684059064248,-0.4593166016772543,1.643102110460842,2.738434627966352,4.031379564656886,5.407982670349534,7.272056665142223,-2.8938757266982473,-2.093976797486725,-1.2927054322569718,-0.6167888257598296,-0.2772607900041505
30,3297,1636,0.4051623737133504,1.0620688105750602,2.333064441715602,4.134233889322793,6.08992921612961,-6.053070796116246,-4.108766452977303,-2.4057772368339974,-1.1447619856809597,-0.4650499650556466,1.6729648071602314,2.8121927297332654,4.094975591257615,5.523850693104716,7.430056489224473,-2.921950291029831,-2.1166686664649204,-1.322543950184178,-0.6220629661982683,-0.2788509153157268
31,3297,1636,0.417026951100013,1.078266440690397,2.360661341120382,4.195467327996159,6.196333386636554,-6.174290549175132,-4.162647171985911,-2.4613614995882274,-1.1654158573559472,-0.4762753042687973,1.7450929061882734,2.890733744797261,4.142560080263889,5.6076812765357325,7.532223551036629,-2.941158172028412,-2.137531934583153,-1.329610173768342,-0.6269501597331069,-0.28703757417262954
32,3296,1635,0.4225967444432752,1.0932831843183233,2.3929936634375863,4.271548221892132,6.2695476047502945,-6.283280926045701,-4.258636910166615,-2.485305625157575,-1.186870736957657,-0.48113370600587696,1.7713488050092423,2.931116200372661,4.219803906032159,5.684074162062336,7.639642913589887,-2.9576513496953805,-2.1488437361325,-1.3413312599220653,-0.6279979892801598,-0.2868788310526938
33,3296,1635,0.43302396072806626,1.1121874285149516,2.415904866908767,4.311413852761131,6.35314503309653,-6.41890763771392,-4.3425668715012264,-2.513731250302973,-1.2093338216497942,-0.4850947610832981,1.8062333340196473,2.9963871137919456,4.269412815717956,5.780490061130223,7.72412028272399,-2.966242366709088,-2.1599514586220514,-1.3479555653022197,-0.6285824403050253,-0.2880345189109344
34,3296,1635,0.4454048953690243,1.1202310159986755,2.462715085189394,4.393510501948214,6.453990843473386,-6.528836461947093,-4.4037206117918055,-2.552806244152778,-1.222967810099285,-0.49328453840684966,1.8483794119882568,3.061963806794107,4.332839864376561,5.891563056331162,7.926267662868385,-2.972939993914256,-2.1815547542853793,-1.3550070318886789,-0.6348279991340345,-0.2884436602500949
35,3296,1635,0.4463075550285962,1.1262550945054004,2.489100767345291,4.460219420810601,6.556625760836257,-6.626747701670366,-4.450675905225569,-2.593082066397832,-1.260382265337067,-0.5052652810298699,1.9184147815225616,3.11051695607651,4.406510536431543,6.011035486994848,8.073939386238328,-2.9774420213072137,-2.1909489551767685,-1.3765228208565552,-0.6476711735976429,-0.2889488414543567
36,3296,1635,0.44688587632426935,1.1437449337310392,2.5418674204642304,4.561180461382782,6.6737255335049674,-6.734424709009989,-4.509282564007464,-2.6450850095987035,-1.3020487990713108,-0.5133261345702432,1.9655697176743059,3.243245136049356,4.436689575668955,6.108583529898038,8.239770683572393,-2.991356471869048,-2.215891697965951,-1.3944948814164584,-0.6574937212013359,-0.2930804136850034
37,3296,1635,0.45384848534580086,1.1575471520378484,2.580744156204315,4.647410387010023,6.836180418611521,-6.787002829757075,-4.609032790762879,-2.6821583767163277,-1.3247375926385552,-0.5175921093385729,2.0091560443869314,3.3048234607282536,4.516984387588094,6.188604389334703,8.314080718338321,-3.000708993474327,-2.23098251261691,-1.4044057359050364,-0.6646884997725437,-0.29522004494151377
38,3296,1635,0.4577077519362147,1.169096679169454,2.6101556435931457,4.700183656415917,6.89437179001211,-6.929047272679798,-4.65771399683863,-2.709349331892538,-1.3406466888444692,-0.5278987932029715,2.077175533857428,3.3284875547358723,4.596930592345346,6.233161665335217,8.391177220734228,-3.032569840662836,-2.2535088432094605,-1.4131748905389647,-0.6752588063125442,-0.2958845832745184
39,3296,1635,0.46486187244647836,1.185169753136286,2.63344842087023,4.7256917891950865,6.986024786033568,-6.9726323797546215,-4.7120466424470155,-2.753093603241257,-1.3527970638280955,-0.5330207573759496,2.126823203959311,3.439102550640627,4.6306960686129175,6.258487698025969,8.580677272572913,-3.0447891783505434,-2.2611086235853417,-1.428313474927235,-0.6853746480130047,-0.30092413636290827
40,3296,1635,0.4669743476270749,1.195139125815008,2.681740576076164,4.751786884151333,7.021586468286867,-7.050733482755218,-4.738964473893103,-2.778161251150257,-1.3618774259400943,-0.537824110607066,2.193252558296711,3.4973773278510807,4.660454243808501,6.386050531757049,8.670996983869166,-3.0860978863268573,-2.2685007242402593,-1.4379392192500287,-0.6915086418606253,-0.3028831882051392
41,3296,1635,0.46769391535078897,1.2016072435764937,2.730238904827433,4.812122225373541,7.098363539991146,-7.154367551675507,-4.785797961178529,-2.804508886466432,-1.3737824561482086,-0.5380983954719896,2.255292992154017,3.532403035654811,4.6980254582204575,6.470211200505373,8.769679392642491,-3.0932518959252104,-2.2931083585198424,-1.4459837405467064,-0.6919846545728544,-0.3101564479300488
42,3296,1635,0.476767469014629,1.2267372868882078,2.7880040818738343,4.882457777854208,7.252505878724133,-7.338400335335834,-4.825798144484811,-2.838956710364572,-1.389021922698391,-0.5410370468052121,2.3069861621568744,3.588969355728749,4.759671878595999,6.534088104481057,8.803464240551126,-3.1274137116987726,-2.3035884095877925,-1.4614014839400626,-0.7071966907749858,-0.31251115330008356
43,3296,1635,0.4839668360824447,1.250508365426756,2.8014487248946445,4.93268784318157,7.293776355581221,-7.446203099807748,-4.8777515914496465,-2.8548140000561952,-1.395522552081486,-0.5478734466658609,2.3795190672384248,3.633521664412448,4.812611182225016,6.630914843030851,8.892251872263078,-3.1463032894934635,-2.3284092627547412,-1.463300464966525,-0.7218490590806543,-0.31286476861665347
44,3296,1635,0.48566460486129703,1.2780717237152446,2.837898343756515,4.989930318541022,7.36240416309286,-7.518387029195968,-4.925462864893654,-2.8958449108630644,-1.404314080130963,-0.557223106253781,2.398481397063593,3.6826173070010215,4.870101832091844,6.663800187816139,8.98521142753079,-3.154303079979931,-2.3618456655818276,-1.4731937401251385,-0.7242715259982518,-0.313911344917282
45,3296,1635,0.4860201359949627,1.2820133576306558,2.8855677667091553,5.05798165847986,7.436463390301225,-7.595910314733777,-4.9808448329178505,-2.936998438351497,-1.4188106720130447,-0.5665320367786938,2.46119093084272,3.7143878653242943,4.922784398296108,6.77005552475463,9.024892904188109,-3.170051834841786,-2.3774341485781587,-1.4804640978836403,-0.7379907847877172,-0.313911344917282
46,3296,1635,0.48870311228450725,1.2963621144951327,2.9156880082933254,5.102209418464824,7.484496548768736,-7.7308063669123825,-5.068796674399666,-2.9633730565883605,-1.430074279698577,-0.5749051955419313,2.50820580264002,3.755862540951866,4.968314197660344,6.8938318659654465,9.057015875033315,-3.1939711427502413,-2.3970537108823198,-1.487882101494031,-0.7379907847877172,-0.3155739639905737
47,3296,1635,0.49261338568891555,1.304771450750224,2.931116200372661,5.196926737190124,7.584596414641307,-7.810424952694477,-5.09853297938737,-2.986076891210635,-1.4423304367010306,-0.5800540560610288,2.575164638397906,3.7686633813846906,5.056922991699576,6.9494546432596565,9.19299962773499,-3.2143097315460567,-2.4131545255349294,-1.500085184239855,-0.7395890010190391,-0.31715771856028485
48,3296,1635,0.4932163242741752,1.315812800848628,2.9596764480666655,5.264062883728345,7.679941143021644,-7.869458931626188,-5.143611644611463,-3.00169068728007,-1.4526027898634397,-0.5868614711334453,2.6181824821260493,3.7983064488008824,5.096957183268825,7.034500791381519,9.2695612132237,-3.2283381701519747,-2.4348242033530294,-1.5082331056828486,-0.7478058784410406,-0.3195110471482748
49,3295,1635,0.4999761389585131,1.3336715900769758,2.9868536472474956,5.331040617657376,7.77187183477844,-7.98647120980117,-5.19855991491977,-3.033561868025548,-1.4632398451789461,-0.5865572094878991,2.7008720393556898,3.8089459108519543,5.174662749079128,7.109104667621187,9.367344380923111,-3.240247540702706,-2.4425175887237556,-1.5146672052258436,-0.7502354770421096,-0.32083900481324923
50,3294,1634,0.508371462141205,1.3346748195078177,3.0025243078209547,5.375455591883069,7.845578715606184,-8.044700395700215,-5.30399927987433,-3.0577671603489183,-1.473753748224418,-0.5862529478423515,2.7535653197847436,3.8278065338006435,5.209163905912091,7.206727442686557,9.452830269421154,-3.2580134120474034,-2.4575953421983527,-1.5242769553015545,-0.7540921657813088,-0.3207521610128148
51,3294,1634,0.511542284714107,1.3446900318475863,3.0409422584011647,5.419003478468844,7.898817215388639,-8.150281763298375,-5.3518624403609,-3.084773904761829,-1.4808324603152567,-0.5884380639413332,2.785993977562968,3.849466980884446,5.255523377750944,7.260256075124434,9.528309845966795,-3.2599433627665593,-2.4604179573243483,-1.5307428503396618,-0.7552095981225796,-0.3215676346374782
52,3294,1634,0.5143246540136411,1.3566875685918285,3.0518441109920595,5.463397052868951,8.030930520498616,-8.225534718093831,-5.402509221751735,-3.1018499239307515,-1.4867008390085816,-0.5907464785212969,2.8004856981374955,3.905569158390132,5.303624301072415,7.293631272165804,9.563799215993683,-3.270525807326275,-2.479532202162271,-1.5451942197644088,-0.7552095981225796,-0.3224977428665948
53,3293,1633,0.5213704593781534,1.374202389253699,3.0886464275063736,5.5272119239168385,8.107443467797554,-8.2705396126911,-5.46797444230377,-3.1292931099594394,-1.500085184239855,-0.5964694074628185,2.8187750510611065,3.937914360536446,5.351607677851535,7.387022937221036,9.675270625504771,-3.294067818708358,-2.5018933673638046,-1.5574775729254813,-0.7718425771370249,-0.33052482170045067
54,3293,1633,0.5267968510830103,1.393237090434247,3.121773070294861,5.567074512008935,8.256871451931831,-8.29335807393542,-5.538678217806381,-3.1559512937256056,-1.5089246417815203,-0.600606154626378,2.847517117209645,3.959561275660817,5.41200687582948,7.483807300558593,9.802952096107978,-3.3035323532400325,-2.537681120800189,-1.5619431308913603,-0.7739648882356369,-0.33052482170045067
55,3292,1633,0.5308681588298853,1.401932646832139,3.1536285289436083,5.638594716767751,8.30072846956954,-8.377442751523589,-5.6006029419426895,-3.1789515457621556,-1.524399764982498,-0.608235013512913,2.9082937512278977,3.987543569437149,5.426698654008488,7.521632775649962,9.884242168932909,-3.320474771686441,-2.5435124367142117,-1.5926468155444031,-0.7799067886548066,-0.33341093313907466
56,3292,1633,0.5370752753359048,1.4209557796443384,3.16932616950474,5.692284880738853,8.333132315145605,-8.426060914169982,-5.633388741770991,-3.197710955929178,-1.5320836447052821,-0.616125887388989,2.9306091541140673,4.012235267554864,5.461310728394695,7.5501940564707555,10.01489955146381,-3.3507971676936705,-2.5542925470604265,-1.5982516717605366,-0.7824632049061246,-0.34364354991920565
57,3292,1633,0.5401832131058479,1.4375742162026468,3.1986338627686703,5.70790884737585,8.36233670903146,-8.488333563321087,-5.682128492080736,-3.2147026177107794,-1.5469880337761683,-0.6168173817659487,2.9705351040598993,4.021906661533604,5.472092146740192,7.587157336002118,10.083162922300371,-3.365742718041579,-2.5643310614515458,-1.6107148441791483,-0.7832409948274518,-0.347215713636067
58,3292,1633,0.5529168775773919,1.4457929358663315,3.2174071402550624,5.7409057107181845,8.410379247996513,-8.519177371170995,-5.742879869230443,-3.2336315030296707,-1.5506370764743118,-0.6188605243619113,2.9966486171860467,4.042527111324804,5.525507566719602,7.606858972412601,10.133681489451702,-3.3720799550674476,-2.578366334532297,-1.6129332291368732,-0.7854202920488264,-0.34929511641352157
59,3292,1633,0.5580727375848166,1.4632742001367451,3.252290953399789,5.779271972577066,8.470551076679124,-8.563505305450622,-5.801707584709892,-3.2579154612484613,-1.559132441847482,-0.620381330195951,3.0238062695581718,4.057430982127149,5.554754246040548,7.635264894561842,10.173455614385468,-3.4036898282357133,-2.611983679505351,-1.6210242384478422,-0.7922572295968914,-0.34929511641352157
60,3292,1633,0.570576723934221,1.4778501110265274,3.288845851948847,5.884304805541141,8.566954372108338,-8.672469521608994,-5.867635111356323,-3.2997846592848834,-1.562322639822374,-0.6220633351889245,3.0795326150688687,4.089709450464337,5.644031684159308,7.736247453418262,10.242506645940349,-3.4271814600366075,-2.631507972356799,-1.6245077322024302,-0.7955950871244778,-0.3550595768932435
61,3290,1631,0.571006386146713,1.4973615416085937,3.3204641148602194,5.962977064424171,8.621894026377264,-8.780683975561997,-5.8938671430458935,-3.323645994206009,-1.5767257093110785,-0.6223470360755624,3.11294245953646,4.125157334132803,5.714889346657305,7.798999528371187,10.29731852647569,-3.4355892362287563,-2.6641120687822406,-1.6367449254388842,-0.7991249743972728,-0.35597821523937156
62,3290,1631,0.5779793619422006,1.507084624657751,3.3475750178138597,5.993085715859458,8.674492932937943,-8.848547974070547,-5.940225881054276,-3.352136809274973,-1.5962507681127782,-0.6254183390587196,3.16268554923571,4.1504114593559205,5.749209583397589,7.855243954614957,10.335488711706395,-3.4531468958674125,-2.6867003102297855,-1.6495976633411973,-0.8020485861339983,-0.35965896859867647
63,3290,1631,0.5838062802038466,1.5120295263945889,3.3720158672609717,6.037663099194575,8.72745787377578,-8.981182801624614,-5.982232293650716,-3.3710508145841014,-1.6005252759399808,-0.6256534049410428,3.2227168653585183,4.195378693167419,5.789695835813194,7.905929004920219,10.37122423973369,-3.4622576575906097,-2.697287046437082,-1.6541832575073558,-0.8020485861339983,-0.3623399174267561
64,3290,1631,0.5964430876167451,1.5448013660854119,3.393385093996009,6.100544803344806,8.777044351544811,-9.014261423823058,-6.047801030883741,-3.4097441599088585,-1.610500387078424,-0.6286871319510335,3.2548088006041014,4.210674784867054,5.837195097163257,7.927897760827957,10.491678694862369,-3.476423247180931,-2.724050985071079,-1.6655074298636725,-0.8092161309428012,-0.363577699717595
65,3290,1631,0.6010397357790178,1.5560681348905914,3.437220966303677,6.166403528846939,8.846890597689079,-9.067805808954652,-6.147227538253688,-3.4524442681950545,-1.61364554599233,-0.6330478121556998,3.3249395551111345,4.228894937022114,5.926304112943795,8.021098627872032,10.624850979943707,-3.4974318883953766,-2.7309904038195674,-1.6684535599894028,-0.8257936285494937,-0.363577699717595
66,3290,1631,0.6119755644475202,1.5686527307150302,3.4684668026880745,6.220330194874622,8.922171949712139,-9.25039919918141,-6.169321214740139,-3.4658676344569197,-1.6225265753127134,-0.6471921805501665,3.353048326864795,4.254963706825827,5.956575461525469,8.113887235013554,10.670250434202746,-3.5930648204129785,-2.7586926659146,-1.6785606269569273,-0.8293681046044072,-0.36492875924404367
67,3290,1631,0.6167328564938843,1.5832477350956318,3.521848092906342,6.274251872328648,9.080420726671239,-9.344076509852036,-6.236946514087643,-3.501051070962386,-1.6262506643085808,-0.6504569828960054,3.5100896991832404,4.279665637876147,6.004699529602393,8.217619476654583,10.787405099883271,-3.70936551060757,-2.7710143955719464,-1.6818564924799764,-0.8335094240462867,-0.3681142859678342
68,3290,1631,0.6263771405853635,1.5939683146697312,3.5456268963308735,6.321734780333854,9.15061342914931,-9.375244710172081,-6.291918398409317,-3.5300022249344076,-1.6392038639331128,-0.6504569828960054,3.5242355743129776,4.293943518079136,6.025437418743989,8.286781823864711,10.949356723187087,-3.748757257104536,-2.7862059541799113,-1.6873131407943718,-0.8455326292585016,-0.3681142859678342
69,3290,1631,0.6350202408219027,1.615032767509567,3.5597424470377534,6.3566523140890965,9.163922613863262,-9.387867952278826,-6.335704291447131,-3.5571036944956815,-1.658671092618639,-0.6542785179853783,3.5452086597137167,4.320653979826103,6.049421362864648,8.30923978148454,11.008128275466275,-3.9481350820268983,-2.807622030858518,-1.6959014528392393,-0.848283363808245,-0.37709077837639954
70,3290,1631,0.6355581219834775,1.6261323161771082,3.590417592960126,6.379306319945985,9.190828658150188,-9.501959973050443,-6.390697365243147,-3.5655337396872633,-1.670533477202285,-0.6618610218705121,3.547289124643024,4.351063047695753,6.09269991367788,8.340157773172209,11.1497982412982,-4.0653777371741615,-2.814555488444026,-1.7192199566867739,-0.8542267528976988,-0.3807462490101311
71,3289,1631,0.6369260746507422,1.6346251466900725,3.6277538672950005,6.419152956416995,9.254782459468021,-9.511245637218842,-6.414335969074958,-3.5908319764372965,-1.6762089430405593,-0.6647661825700271,3.55803553248604,4.38574456964937,6.1171326262345715,8.355543453971741,11.258078436680231,-4.178199144445712,-2.8233333058897294,-1.7249160663551082,-0.8560329009783855,-0.3817481105639012
72,3289,1631,0.6538735822606687,1.6589788798416523,3.6499866307885647,6.459612326336114,9.308982498537153,-9.557219250921543,-6.45692428815802,-3.602929957080632,-1.6896562931736314,-0.684189062367151,3.5662359707743705,4.386982201632658,6.190990352875153,8.387434518656793,11.280813559548974,-4.204327005967039,-2.833777662626949,-1.7390272815038754,-0.8591256517554833,-0.38233633685363827
73,3289,1631,0.6538735822606687,1.6638714711702343,3.698575050368123,6.472014372956865,9.411759356441145,-9.657371160104887,-6.494062959694472,-3.656934396975913,-1.6954732888305952,-0.6857880944207957,3.593751296897395,4.4231216695543,6.225223959116602,8.480076160835639,11.351515217918905,-4.236199750733341,-2.8424317778536845,-1.7601874202581356,-0.8658537662895651,-0.38486363526384676
74,3289,1631,0.6556424369012858,1.6749930483478008,3.726535398415728,6.4941262350759175,9.522169223934432,-9.725691208531536,-6.555041102204275,-3.690705878075431,-1.7221707570126121,-0.6901988049610975,3.604232660483514,4.443086726487072,6.265348546338557,8.561979891677874,11.426777428324979,-4.338093916792546,-2.8500626376412486,-1.7715506784416806,-0.8681624933156717,-0.38486363526384676
75,3289,1631,0.6563801747041468,1.6764649104521157,3.7515953948393785,6.537993851497226,9.542490755136805,-9.85397422398862,-6.599603936274913,-3.711261910457946,-1.7390272815038754,-0.6919941952011089,3.6184249326851936,4.478909596850814,6.289345454033774,8.578455543673027,11.440330081752943,-4.487734499794769,-2.883009606961541,-1.7840149732179373,-0.8736405345473954,-0.38486363526384676
76,3289,1631,0.6611937112885757,1.693351046874053,3.7735018677178456,6.575422167447158,9.57736919015911,-9.8786697141073,-6.624548135345247,-3.7401557584095317,-1.7661805988429566,-0.7021713688075047,3.6499866307885647,4.494766849991599,6.307766242318178,8.652655946093349,11.533899426044071,-4.603374916613207,-2.8970209882202163,-1.7953336271189664,-0.8773852914429952,-0.38521469685938586
77,3289,1631,0.6697596566087846,1.6993398423013113,3.801660526458794,6.615139890196918,9.638405341316165,-9.970220646266297,-6.654378053203657,-3.7563459202665768,-1.7776890244815435,-0.7047632161355506,3.672488895126432,4.516089731633989,6.334790244609115,8.71869356679607,11.611667397161575,-4.633023104058748,-2.9312914013765736,-1.8183068262444737,-0.8818415300882267,-0.38521469685938586
78,3289,1631,0.6719163237678077,1.704718537157846,3.8092934354068775,6.657963489388821,9.709263372113059,-10.057069333295196,-6.696912183942466,-3.76679475875144,-1.7840149732179373,-0.7047632161355506,3.684331943458354,4.551177057095137,6.34882980879841,8.760957705952709,11.78562443262298,-4.721977615744239,-2.9396010984931813,-1.8233288806724213,-0.8845892113722988,-0.38521469685938586
79,3289,1631,0.6791141626148494,1.7170978493712377,3.8254301949865446,6.704645729982594,9.804464723950598,-10.124821344492963,-6.729573111954875,-3.8020087088183017,-1.7840149732179373,-0.7083346997937363,3.7067753709046647,4.573275851412022,6.3948524983998825,8.79265534227519,11.90187887612806,-4.764459086722691,-2.9565426182911296,-1.8233288806724213,-0.8869120626539878,-0.38521469685938586
80,3289,1631,0.6835278887600357,1.7264970532782455,3.836677059724275,6.740474405413696,9.883941983153628,-10.271400915794763,-6.797282476042033,-3.821956441319281,-1.791699465574552,-0.7191411507814337,3.7067753709046647,4.587995155898126,6.409167017675591,8.854348423594583,11.923270149186118,-4.8299617495487,-2.9661634333486324,-1.8378242981254125,-0.8941550474849767,-0.39468996885304364
81,3289,1631,0.6835278887600357,1.7331061846866815,3.8425336078734262,6.774424607461058,9.913488491010495,-10.353348724932943,-6.888090937056946,-3.843377427945291,-1.7967003437615408,-0.7238948853126489,3.721293216113313,4.593599638470847,6.4628556101077494,8.881003844898078,11.929290239607901,-4.864883657478321,-2.9744842507053875,-1.840567457063725,-0.8982798372949778,-0.39468996885304364
82,3289,1631,0.6845038555034463,1.749856858679278,3.8578166617301646,6.819332925602514,9.964915152666487,-10.41302720998865,-6.905771408941597,-3.8652568735232453,-1.8199356552192667,-0.7238948853126489,3.726329053071642,4.609711000788387,6.470264980596794,8.964013362894104,12.063419010354501,-4.991168192430583,-2.9814129034556602,-1.8607342834248,-0.900820428308374,-0.39468996885304364
83,3289,1631,0.6900555161615043,1.7623691233291576,3.8909987182928765,6.873268466222496,9.99796091964671,-10.430582650369365,-6.9298361079985,-3.913098005606687,-1.8343026797291975,-0.7244261935859,3.732185945187148,4.633969752864781,6.507244007704745,8.99334226385233,12.102108096198378,-5.092655223383041,-2.999680614061184,-1.8697677515900888,-0.9066960091215437,-0.39468996885304364
84,3289,1631,0.6908538730060075,1.7960521576755466,3.9090181858753335,6.8922952802308055,10.127346851930655,-10.518891441889046,-6.958915822244717,-3.947333406441602,-1.8378242981254125,-0.7244261935859,3.7424914684925845,4.650614761692349,6.516610871101249,9.072377279142062,12.172873507748923,-5.268161462920872,-3.0227698068955124,-1.8697677515900888,-0.9066960091215437,-0.3999313135397978
85,3289,1631,0.6968113544471769,1.8011040199648618,3.937914360536446,6.918183412633158,10.203518816740507,-10.614744424543261,-7.056289868060605,-3.9546330364394495,-1.8607342834248,-0.7263794152913905,3.7675240212793697,4.653243803314062,6.555012017216523,9.113957671006986,12.296247769212274,-5.338064520674081,-3.0368162294606824,-1.8767892866651168,-0.9204043902172971,-0.40128499647110816
86,3289,1631,0.709800615087764,1.8190560014775614,3.959561275660817,6.9915906362425115,10.281121614474007,-10.706377074212485,-7.126806187439053,-3.96931050645614,-1.8678911143872041,-0.7314949254528831,3.7809981091778067,4.659792996570717,6.566260629074703,9.161313819962864,12.480553141335616,-5.560189773580765,-3.0565196199858686,-1.8846497507806832,-0.9246782368759208,-0.40128499647110816
87,3288,1631,0.7138815816732542,1.8241789935234616,3.9915598859783907,7.015229241120142,10.317007318595913,-10.774645245710456,-7.183641261964689,-4.004841694708713,-1.872728041602862,-0.7380663128759184,3.7809981091778067,4.672177615368035,6.602101850465024,9.187596831895885,12.509389720597268,-5.662999585879315,-3.064961856926849,-1.8863114908301175,-0.9325544819116601,-0.40128499647110816
88,3288,1631,0.7138815816732542,1.843576776908444,3.997808453509878,7.077111621678975,10.35910749762401,-10.802771969028099,-7.225392447637687,-4.033173752170443,-1.8761434457474222,-0.7380663128759184,3.7886918649397585,4.683954933787342,6.615139890196918,9.201975539792775,12.566772326019013,-5.78008317043697,-3.085950301791488,-1.8950089050609777,-0.9325544819116601,-0.40128499647110816
89,3287,1630,0.7135348057861525,1.8501828370429338,4.015211859662522,7.11546381563142,10.395192626300114,-10.876078923624089,-7.262635734250364,-4.051729382410369,-1.878713467743721,-0.7380285488318178,3.801514181908047,4.730824474696323,6.646575179159295,9.242201364777383,12.582356756090665,-5.849791766095563,-3.1071904943821798,-1.9098389409342003,-0.9307053954974682,-0.40114962817797695
90,3287,1630,0.7151231608584762,1.8683861390334138,4.0306673061147364,7.159139273796954,10.479950122236504,-10.902434128949901,-7.303022660493525,-4.054510290028616,-1.88257274727928,-0.7502368227536842,3.8070459043413583,4.755069325371426,6.704211787711344,9.307716149767748,12.625901673251219,-5.889274302008512,-3.1071904943821798,-1.9114409176327425,-0.9363695736171528,-0.40454975364105555
91,3287,1630,0.7162820552687559,1.8826740531481034,4.0443998190186035,7.202810157747669,10.548655144377046,-11.023014508002817,-7.34118737110386,-4.081053370143458,-1.8846935068164008,-0.7514594658017902,3.8092814629376526,4.772156677162336,6.728350226478932,9.3774028189896,12.76242155353902,-5.889274302008512,-3.131891744810949,-1.9167472588626917,-0.9394060705979779,-0.4050391067448393
92,3285,1629,0.7175011245446979,1.884772521293361,4.096188215742818,7.280433863344194,10.63617862431627,-11.09856009736595,-7.387049748558499,-4.08845935764347,-1.8863114908301175,-0.7544197083942831,3.8299066330237554,4.808424843357707,6.774424607461058,9.50588283117541,12.897463747433706,-5.951941028599109,-3.1664230861128564,-1.922640574984402,-0.9709918474700727,-0.40993549123394
93,3285,1629,0.723439351317795,1.892833106564733,4.130205350767003,7.322254218925967,10.788163313406685,-11.114710647693737,-7.435048654540825,-4.116303291406172,-1.8906508761907175,-0.7544197083942831,3.8348862612391628,4.831218198614957,6.786685610941848,9.529097639149379,12.99523164364621,-6.015439081817476,-3.173114585730699,-1.922640574984402,-0.9709918474700727,-0.40993549123394
94,3284,1628,0.7233416744184824,1.9007208483896703,4.155160406837345,7.331068865516803,10.79541370812084,-11.11837789466139,-7.480812302683791,-4.143286246705847,-1.9100674695861442,-0.7552892802256346,3.8377624995172472,4.838252326392729,6.807897468095076,9.547283029101914,13.04189030996817,-6.038599637602896,-3.2012399443353536,-1.9288283082312234,-0.9715398055422387,-0.41242421241426075
95,3284,1628,0.7245918284861226,1.914806762983409,4.172971552778491,7.3808395591490115,10.825198376607053,-11.140442766510427,-7.494111139117283,-4.171894150954559,-1.9266085832334583,-0.7573944018723052,3.841815908618734,4.8516145645274165,6.843209343911792,9.576546842460495,13.046000131486386,-6.07129750359965,-3.2159824079432413,-1.941071487648426,-0.9839368321212374,-0.4177332648074836
96,3284,1628,0.7264639044850177,1.9246889586318647,4.185120284571218,7.424925331040874,10.954651695915414,-11.149784531129034,-7.512200846953276,-4.197957477113471,-1.9479810720247501,-0.7595375296656038,3.8454606038886063,4.897261202895611,6.875152917700339,9.6018984498975,13.2385465726949,-6.119433226309724,-3.2298374788154045,-1.9621316152533457,-0.9859353571812424,-0.4177332648074836
97,3284,1628,0.733971977985929,1.9412677225053672,4.207922968132978,7.483997657926734,10.96675341304849,-11.287278112641573,-7.5622391310566535,-4.218313632340209,-1.957435794604987,-0.7631084960582813,3.852911062178817,4.900828670758856,6.898168669092056,9.621307415919278,13.323004079160997,-6.251980402510687,-3.243972779407149,-1.9782581433965638,-0.9925867923229764,-0.4190971926008728
98,3283,1628,0.7392441209803464,1.9621036616340755,4.22272449922566,7.524212134718732,11.02914917701909,-11.313874240841447,-7.594877651427469,-4.241520669880767,-1.9849351588623287,-0.7776622640940237,3.860337851069989,4.9222298528365975,6.937093014887667,9.694409592964506,13.333240208423614,-6.376088686970476,-3.2592572697571915,-1.9928080443024503,-0.9988662945760036,-0.4190971926008728
99,3283,1628,0.7405356503607187,1.975596838487201,4.25465992245146,7.562654252225492,11.06762308140799,-11.341986602804033,-7.632084672624567,-4.289161530975709,-1.9928080443024503,-0.7803091075748406,3.874312652099799,4.92696927348678,6.962149040330363,9.716177256518524,13.428967145618387,-6.4531725688076005,-3.260446716313041,-2.0017785443438685,-1.0024378447870692,-0.4211577194599292
100,3282,1628,0.7439182835955164,1.9773911279381822,4.278437979340994,7.574495340575524,11.077230421789016,-11.375614985324365,-7.663074079442315,-4.304067762501065,-1.9952140258429871,-0.7825409838982573,3.8825482566385494,4.9292768004361225,7.008361758553894,9.740416280745347,13.454307636427135,-6.472434908371236,-3.3023096684244115,-2.0061813789550333,-1.0091267884428592,-0.42366913480849433
101,3282,1628,0.7439182835955164,1.9773911279381822,4.292565094934182,7.594162440047266,11.120520477677394,-11.434323311568813,-7.70796777910768,-4.327540019607209,-2.0010502877854277,-0.7834589245495891,3.891854897413423,4.9404083765727105,7.011170041072589,9.791166813298293,13.487286259165074,-6.485844902529456,-3.3234723748134165,-2.0113750476417698,-1.0102940706424701,-0.42366913480849433
102,3282,1628,0.7439182835955164,1.9839287188796497,4.31019966119778,7.653742049671756,11.19665484017292,-11.558961332431293,-7.712837264071175,-4.365682731455592,-2.011024269249748,-0.7864377715563906,3.89847172095917,4.9439109949728115,7.039587509345969,9.877083355180199,13.617913982812928,-6.620762348470604,-3.330867928220631,-2.022906554879408,-1.0188307467531637,-0.4255617344949148
103,3282,1628,0.7441218516182787,1.9839287188796497,4.345516715442363,7.708693914331215,11.26182332204598,-11.558961332431293,-7.751470001718892,-4.375697945532493,-2.0234789839047296,-0.7999637931918494,3.900102461281495,4.9805932639830415,7.0728645936146535,9.895637453956745,13.617913982812928,-6.741457873522416,-3.3330634266919104,-2.036891331893788,-1.0284500056859698,-0.4255617344949148
104,3282,1628,0.7522171568846868,1.9907635214248023,4.3538617106583395,7.731855386888793,11.335878614419135,-11.619074360532844,-7.80342607099808,-4.412739612084606,-2.0344106627376033,-0.8035438525618173,3.9098215984829747,4.989081071405944,7.0853676993942845,9.95460807922297,13.625444067755756,-6.79539187184717,-3.345523840438451,-2.044514880224547,-1.033754487964974,-0.42785441242232786
105,3282,1628,0.7648463047898244,1.9930074353657665,4.384425442154692,7.753438409839694,11.423228326846383,-11.706065199355763,-7.85619177627512,-4.416191340869183,-2.045799958544368,-0.8105015710321304,3.913862583435573,5.000546070653008,7.092810612881673,10.05065040229021,13.717680292711123,-6.960458555528235,-3.3600465176418903,-2.0537852085628794,-1.0381030575942327,-0.42785441242232786
106,3282,1628,0.7648463047898244,1.9966428361595732,4.393727989104316,7.791441584287148,11.483777316559948,-11.801997839491175,-7.922682732806436,-4.4337234352016095,-2.045799958544368,-0.8105015710321304,3.918489285671443,5.015655319670577,7.142146893936516,10.145800621316017,13.741477454671116,-6.967220767450955,-3.3660904387084845,-2.0576034286840397,-1.0381030575942327,-0.42785441242232786
107,3282,1628,0.7684750220214372,2.002667315119274,4.409942998783677,7.819779838127843,11.531390344206796,-11.845285922550088,-7.958515196580879,-4.474935456936629,-2.0531906738932753,-0.8193189254291057,3.918489285671443,5.034022986719408,7.144747846614222,10.166527708258077,13.757376381846067,-7.107363570598367,-3.375041397877371,-2.0669310107898027,-1.0403832314179766,-0.42822290988666
108,3282,1628,0.7736241361618761,2.0107970660253396,4.429508607376457,7.850146797688201,11.53864184658272,-11.91011259128459,-8.004191028409917,-4.52106295959579,-2.0799233901035374,-0.8193189254291057,3.9339655306105348,5.057252735807232,7.179084014306442,10.228264408091988,13.83681854843462,-7.107363570598367,-3.38425342405173,-2.0918244508955315,-1.0421183662651217,-0.42822290988666
109,3282,1628,0.77695026282308,2.0107970660253396,4.443086726487072,7.883778505935341,11.612500188264601,-11.989045416331242,-8.032329148982477,-4.559493051948977,-2.0822714304995986,-0.827543350793112,3.9392497920951004,5.0621018416922805,7.216396840324462,10.2656168324705,13.858377574596007,-7.259387365124777,-3.4013582288529522,-2.0932803889912037,-1.043422441869882,-0.42857859525632214
110,3282,1628,0.7796929046040902,2.0170981696250867,4.4512432166086295,7.927024161310797,11.719893084771108,-12.00394850496856,-8.04842290929247,-4.567481047807964,-2.0910442678061987,-0.8445255137869476,3.946282347670123,5.079575093126962,7.26352290705195,10.316900610312139,13.989536726326378,-7.418742120863805,-3.415474799235628,-2.100466537672175,-1.0548204773310506,-0.42857859525632214
111,3282,1628,0.7823748053946837,2.029336663967059,4.459741531324346,8.002795162695097,11.770000421806484,-12.063034232669176,-8.057344561744666,-4.590479469404155,-2.1134611944251307,-0.8467758441471072,3.951948826863274,5.08180665506854,7.297731100350423,10.351191690181238,14.006894265106286,-7.4303005868794045,-3.422331463544338,-2.1243934655991343,-1.0598992947659875,-0.43245875879729523
112,3282,1628,0.7857346676361452,2.0318195046428533,4.49263270064127,8.022493483090404,11.816377076083265,-12.109731603490216,-8.10377545676634,-4.619691608873025,-2.126230772195779,-0.847372128075686,3.96035436077376,5.097337575383414,7.321926241422725,10.378038602518417,14.084418256033528,-7.440211088425174,-3.440222519935846,-2.135948925419382,-1.0642534342627312,-0.4359234887868853
113,3282,1628,0.7883533347675524,2.0440107186068768,4.514464765404873,8.055819053752888,11.866426623738509,-12.147729974143944,-8.137667642567044,-4.630258951220378,-2.1304084300077104,-0.8528543156465147,3.9610655920142803,5.097337575383414,7.331552861281423,10.407706419635073,14.134541854180638,-7.491074701401029,-3.455890725612077,-2.135948925419382,-1.0672808885275327,-0.4359234887868853
114,3281,1627,0.7947205326336931,2.0547867324863818,4.542949829886402,8.091960849758486,11.935940904750176,-12.221972519751558,-8.18923702231506,-4.647044382882237,-2.1326325218263795,-0.8561053821917509,3.9951456146923534,5.1039448267331915,7.403122406753933,10.44669514015132,14.171614657038404,-7.514978655611887,-3.4616974841359784,-2.144160885795539,-1.0677596818935675,-0.4359204499082393
115,3281,1627,0.8052952428786873,2.0780958757983834,4.56425781462361,8.116369412919681,11.975380501769907,-12.256727107245753,-8.217898697487126,-4.675594452504535,-2.148291829828059,-0.8561053821917509,3.9982764090389153,5.117187037448628,7.429672596929391,10.482453783280086,14.277655732123256,-7.615636632412962,-3.474849857042214,-2.1552205471215347,-1.0677596818935675,-0.4359204499082393
116,3281,1627,0.8136038562750885,2.079172528476142,4.58526330485881,8.151917403609005,11.999064325004653,-12.297475994340326,-8.261652060622351,-4.678504136432961,-2.1533580030200734,-0.8590167509369272,4.000236303474954,5.129597416605543,7.446319133843962,10.496197632012441,14.336582015838184,-7.629589222347173,-3.478722229881732,-2.1624264786715894,-1.0680272898496046,-0.4359204499082393
117,3281,1627,0.8199301272936971,2.0902267180781826,4.590268684596349,8.193994461164463,12.058356083115793,-12.344298559577405,-8.313409943461277,-4.708541253593546,-2.161490076908062,-0.8600779342925118,4.011738993219688,5.129597416605543,7.465116573764007,10.52091081115741,14.411096767259048,-7.739226800260157,-3.493350532304047,-2.1807090230939097,-1.0684262333127208,-0.45322410223715576
118,3280,1627,0.8196417612907889,2.100247956190648,4.628012578748273,8.221466349603833,12.103140414354328,-12.353271692495902,-8.350222463254877,-4.7135203319712,-2.170985661151376,-0.8665692321412826,4.01374443478032,5.129962228443576,7.483807300558593,10.583716878906019,14.463623560864944,-7.772031220416591,-3.4971854129213584,-2.1820192933928126,-1.0706405301089585,-0.45788065605167605
119,3279,1626,0.822931075595965,2.121991968224093,4.6428078014119265,8.238259243268942,12.196056128323946,-12.42016047527998,-8.370522887805329,-4.718978318470301,-2.1740271395627646,-0.8663903656783526,4.01557240270484,5.181856531679192,7.518081307173103,10.584869492339397,14.500810033495451,-7.812808463630228,-3.4973086506583675,-2.1831552679526185,-1.072731666740756,-0.45786932931872604
120,3279,1626,0.8265813516924491,2.1436504336902367,4.651622987773147,8.301156492336187,12.264062789111211,-12.468524271339737,-8.390396643777663,-4.743918131729314,-2.1788979701521693,-0.8680173327488375,4.019024937301849,5.197324307349316,7.533919706858377,10.606199753471374,14.556873082613244,-7.966767910273626,-3.573502386650459,-2.185999946574336,-1.0762786860182985,-0.45786932931872604
121,3279,1626,0.8389185544215952,2.1622818307524003,4.671441315588881,8.33270634919203,12.328243120138342,-12.516064394768094,-8.420187795475355,-4.764459086722691,-2.1831552679526185,-0.8682166898952423,4.023732027821579,5.202282757737568,7.539751471482968,10.694725247109602,14.611172236545592,-8.02318428833313,-3.740109081305482,-2.1920868427140943,-1.08203802308191,-0.45786932931872604
122,3279,1626,0.8426027833954056,2.1697841090722445,4.72462345295124,8.344270927137451,12.380563422786297,-12.59130573168125,-8.467867456989026,-4.781110271759305,-2.1920868427140943,-0.8682166898952423,4.0279785538388655,5.21556347393154,7.563393373370117,10.774218071826297,14.737487646260966,-8.067357301088895,-3.7744705300137835,-2.1997272307256788,-1.08203802308191,-0.4585065283418944
123,3279,1626,0.8452959702151852,2.1794634299779885,4.757322340698215,8.384587505962742,12.441580799945372,-12.634296728467147,-8.521927227131844,-4.791966678596022,-2.214505412284312,-0.8682166898952423,4.038917179804544,5.218386978620616,7.618670224822578,10.795895488051686,14.756662164915477,-8.0960552506913,-3.8093437149583336,-2.2183826241569546,-1.08203802308191,-0.4585065283418944
124,3279,1626,0.8452959702151852,2.1944264611124495,4.770741209216108,8.410173260989817,12.492171801847944,-12.720748582966163,-8.542507608977981,-4.795790248574915,-2.2250215910889732,-0.8786168793614414,4.043281626211225,5.223339768418475,7.651613441166008,10.832333501420866,14.81703627588444,-8.210477258931071,-3.831274403298991,-2.2270954122968876,-1.0888499551990813,-0.4585065283418944
125,3279,1626,0.8511363214390595,2.195415872497489,4.787872878468772,8.459643594665732,12.506124283300183,-12.767509660962093,-8.602880337810344,-4.802219067990506,-2.2285850732549646,-0.8827984145458002,4.057547107062442,5.2516092570833885,7.683174900634189,10.907237895155635,14.893403232869082,-8.263916922663157,-3.868402828108037,-2.2299317015153277,-1.0906913897914605,-0.4591488366744262
126,3279,1626,0.8628612518638112,2.200349434580291,4.793198963272527,8.534839553091027,12.57086297784061,-12.794979105957667,-8.635213374633135,-4.831396120295859,-2.2381423277358348,-0.8852809356851671,4.063121553558919,5.28931408764797,7.700789974806663,10.951041205932528,14.945424667041028,-8.28210345739836,-3.8946169923152474,-2.2403411240177524,-1.091282534548861,-0.4591488366744262
127,3279,1626,0.8708576439650103,2.2016695090724117,4.833208009142351,8.569268098842368,12.58382522128896,-12.830527801894519,-8.663485397010687,-4.844655997362866,-2.2474231908229747,-0.8852809356851671,4.063121553558919,5.28931408764797,7.714306890754839,11.02786670320382,14.99248128821137,-8.324897888902434,-3.9863248530283664,-2.2474231908229747,-1.091282534548861,-0.4594583186505151
128,3279,1626,0.8859552993143586,2.2057766693868963,4.855412532984748,8.582790400058808,12.60891518194296,-12.945282511944992,-8.708219379998916,-4.872738803239228,-2.257012444059777,-0.8894958467726805,4.063121553558919,5.323073900857963,7.735548175619099,11.054966954508537,15.002237218166606,-8.353305521856083,-4.079773264201542,-2.257012444059777,-1.0972953232080518,-0.46118284928456144
129,3279,1626,0.8930431487682027,2.2231835536343096,4.897327500842773,8.616145570292293,12.618015978318287,-12.999342011957244,-8.775659710055812,-4.9066037620177765,-2.2619218897167244,-0.8894958467726805,4.0689971230219495,5.335846347702846,7.759298079801888,11.069592470960142,15.042015730418381,-8.494914808088536,-4.101084441369748,-2.2619218897167244,-1.0972953232080518,-0.466946084285343
130,3279,1626,0.897489663332357,2.252636256634318,4.9058380248764,8.635495331785624,12.689681825870634,-13.060913754202106,-8.831527580839662,-4.9273356350390864,-2.2664969921740616,-0.8953140837158836,4.082421714450102,5.349078347379054,7.792209402408153,11.101981943756297,15.142885150427682,-8.542507608977981,-4.233669311677474,-2.2664969921740616,-1.0972953232080518,-0.4721783127679206
131,3278,1625,0.9062920156409888,2.2560377264247307,4.923001140226647,8.670578455071704,12.77423819771773,-13.21413786769272,-8.836123039484132,-4.977655165136022,-2.2829000844497798,-0.8994528277982637,4.095060794813632,5.351607677851535,7.80613786725461,11.12135252847228,15.164749586835537,-8.596675856030789,-4.241520669880767,-2.2824769278501993,-1.1194647023731852,-0.47747879482065786
132,3278,1625,0.9062920156409888,2.2586479759486418,4.9303835857826925,8.684035779875277,12.846911379112079,-13.24512737049821,-8.876004816746642,-4.9819056508100825,-2.296796086991819,-0.9066533060515223,4.10985809906378,5.351607677851535,7.8405201539123075,11.134657118202927,15.207039952213321,-8.675148077232391,-4.275563649615845,-2.2952763879174043,-1.1334635472282206,-0.4783385611259812
133,3278,1625,0.9102695685006948,2.262141429557444,4.938967573722524,8.713120755942104,12.88895675929949,-13.31365959484958,-8.903232267972223,-5.009664516991453,-2.3017190289670277,-0.9164328763372743,4.115863782284217,5.358827462119593,7.882497511684018,11.139347890514655,15.228110693556925,-8.708620907029122,-4.291624992860656,-2.301355184215064,-1.1363631072390572,-0.4783385611259812
134,3278,1625,0.9139584623362523,2.2641248162461673,4.945175692593635,8.77744087930472,12.911284966042896,-13.394587749804739,-8.946123227463007,-5.023269789395975,-2.309051114287892,-0.9244397012328088,4.126328970502805,5.372831681048535,7.895250931642746,11.182928762104876,15.33689991848105,-8.708620907029122,-4.295231373822495,-2.3080716424962033,-1.1474328858676583,-0.4783385611259812
135,3278,1625,0.9307911088062193,2.2867213962578496,4.985594681546095,8.797237934284656,12.93930556669897,-13.460415872242777,-8.98446331162614,-5.03448672308545,-2.309051114287892,-0.9247275074632931,4.133485392224686,5.38002755175896,7.936976493976727,11.20250867495513,15.43407862146313,-8.749026868494997,-4.339216785236901,-2.3080716424962033,-1.1523994691654835,-0.4783385611259812
136,3278,1625,0.934468213416805,2.3151326395460354,5.00390215746309,8.812003162246482,12.990079049460943,-13.46833918623444,-8.993982531294822,-5.058044551889794,-2.319593071691986,-0.9264127381717402,4.138861017272256,5.423876666585292,7.987259335394972,11.209815930702973,15.472888509431579,-8.859945300044918,-4.350192969312007,-2.3176456391550864,-1.1749283530885357,-0.4783385611259812
137,3278,1625,0.9370411300320214,2.3278799245624087,5.033873499088058,8.87171403712654,13.064883512919291,-13.514247566466794,-9.005750730852775,-5.0615424170227215,-2.338593307889762,-0.9365800275959487,4.149860005146795,5.457009722005521,8.008343375568419,11.235518253477995,15.560048454169786,-8.92175431662233,-4.351087826369302,-2.33873856317645,-1.1771016762888324,-0.47927812438398043
138,3278,1625,0.9388877265129586,2.3288859583641974,5.0441560601576185,8.91535103684113,13.16074172529879,-13.615391884897083,-9.031409351600583,-5.075027262260881,-2.350020277027298,-0.9715032750040943,4.149860005146795,5.457668235417636,8.012659336140727,11.280813559548974,15.57379869638304,-8.92175431662233,-4.376624058691781,-2.3522231441124153,-1.190493793515396,-0.4794149406722639
139,3278,1625,0.9416368701873171,2.3288859583641974,5.064201848355324,8.976945125319812,13.16074172529879,-13.647210877672473,-9.065844939336605,-5.105894616617788,-2.370719826483047,-0.9768642001884168,4.155082202902468,5.461310728394695,8.014319385229165,11.32324017679199,15.636979995939067,-8.982913206367005,-4.404330288055775,-2.370121476551919,-1.194879875842214,-0.47989682521752425
140,3278,1625,0.9419036334586798,2.3359662684480966,5.083172587480001,8.990233681450576,13.174138225604892,-13.69663184136958,-9.092444649002411,-5.121126269850749,-2.3773750857455473,-0.9925711871473585,4.159751621424064,5.535526132837602,8.041800801086557,11.33379058082364,15.659688768554624,-9.000118066807042,-4.443513013637239,-2.377316022912936,-1.20790903984543,-0.49102096066072587
141,3278,1625,0.9419036334586798,2.34724729093971,5.091328104040334,9.04905717581662,13.251991832543295,-13.736806742664369,-9.13360598664416,-5.128670536363595,-2.3944548572147832,-0.9972186407090654,4.164161060514739,5.549790283476864,8.071065520719863,11.437585592940364,15.659688768554624,-9.052601042271474,-4.487734499794769,-2.395564124355761,-1.2158390696890145,-0.49102096066072587
142,3278,1625,0.9419036334586798,2.357435823521747,5.119409080821655,9.05057551777046,13.326961739064355,-13.759706972859815,-9.174223528882912,-5.131939637082157,-2.440798618905873,-1.0021525414590566,4.171697521756532,5.561934684083414,8.086341297903259,11.49265750124445,15.701530690339958,-9.110610590462889,-4.515579834745515,-2.441876168131552,-1.2223418292801642,-0.4930500443390277
143,3278,1625,0.9425431271305799,2.3668430971597574,5.131644026815977,9.079142622918258,13.360036932955436,-13.782209058269377,-9.212540912375463,-5.140631024939064,-2.4422575034238045,-1.0021525414590566,4.18668164877484,5.567074512008935,8.121127862084553,11.509197837461361,15.776982933791853,-9.19467753769566,-4.526546084446066,-2.441876168131552,-1.222763902841868,-0.5046921760561034
144,3278,1625,0.9440684789318,2.3715514765831207,5.175014547209237,9.085730095112433,13.39015345163938,-13.795280849451066,-9.226327059297876,-5.175600672630759,-2.4506711608232106,-1.0061634458373754,4.18668164877484,5.591855358596508,8.126033953073875,11.569510747521484,15.79990384135331,-9.24289171289114,-4.5598386476625485,-2.4500944989190905,-1.2342846479388765,-0.5046921760561034
145,3278,1625,0.9440684789318,2.3716631421066525,5.192524623780015,9.173631782276647,13.428967145618394,-13.83990734965273,-9.234454259914644,-5.19199039483806,-2.4594528418261667,-1.0107665868115334,4.1953609662016715,5.591855358596508,8.173048404297784,11.633098533178252,15.852270008869148,-9.24289171289114,-4.569390521973615,-2.4589702840770764,-1.2375381410439343,-0.5046921760561034
146,3277,1624,0.9438880888857876,2.3915143584773286,5.200945364150808,9.184799199558542,13.481243172899566,-13.887379016118294,-9.244522804498015,-5.194831648846681,-2.4645731861305844,-1.0127532643405364,4.221913377663227,5.602730524140005,8.200163324677794,11.67275300092643,15.856770733057772,-9.243540746736038,-4.603015250947294,-2.4609104366902654,-1.2506750885303632,-0.5041291178775102
147,3277,1624,0.9458851004187943,2.4024040212078446,5.204837726929225,9.213008902540397,13.521686968367824,-13.974410961527152,-9.257584652201087,-5.227045368913859,-2.481827838536012,-1.0258938217840832,4.221913377663227,5.612339194001463,8.229298643325858,11.683362566912406,15.907386049645352,-9.298878876167885,-4.642954989525881,-2.4747049643454537,-1.2580794634254975,-0.5093318844594077
148,3277,1624,0.9486470985364883,2.409334785252172,5.219499740385436,9.236088269000339,13.576268630686597,-13.999348215202549,-9.291608257787644,-5.256904424890867,-2.5133507940559747,-1.0258938217840832,4.227225190972914,5.630522622979134,8.265392586338903,11.743002666027524,15.907386049645352,-9.367859681118938,-4.683299145761099,-2.501836723491463,-1.2625145836468707,-0.5099342523662517
149,3277,1624,0.9486470985364883,2.412289203136616,5.254614526287354,9.250444446496587,13.668697481756299,-14.008995117496614,-9.314483728069089,-5.300239886393785,-2.534496551160039,-1.0279470443118077,4.227225190972914,5.638606980521948,8.265392586338903,11.744051066549567,16.021229147772768,-9.403116422630976,-4.747720078174928,-2.508611817587803,-1.294887291285565,-0.5107607761753092
150,3277,1624,0.9544880290485793,2.416517400633204,5.2685709199045565,9.280484808479954,13.708892856328777,-14.017686156819403,-9.326048265262404,-5.333221967613073,-2.5438090305424055,-1.0279470443118077,4.228590770583817,5.651701781740774,8.279202990814607,11.764708476481387,16.047108648303976,-9.510806111921097,-4.7648319862126085,-2.536088835980114,-1.294887291285565,-0.5115230845342637
151,3277,1624,0.9608887438947794,2.4213376805446964,5.2891142827373665,9.288767984071663,13.767194972182647,-14.032325071349787,-9.350248902085397,-5.34174375320204,-2.5487645783602195,-1.0317597586676521,4.231915576185229,5.670013598428012,8.30736109539113,11.7857463811215,16.0981532299387,-9.529862256397218,-4.7767200099349125,-2.5407935459407573,-1.3086362580779014,-0.5115230845342637
152,3277,1624,0.9727711170049742,2.425984143700903,5.297884678974436,9.319076164506493,13.805938229364509,-14.097471476961685,-9.387386167262479,-5.345121759566854,-2.5542925470604265,-1.0348681269645026,4.23841722791945,5.672157300291996,8.320460276844909,11.798918048154567,16.114359576572333,-9.529862256397218,-4.7767200099349125,-2.5488870592210233,-1.3122769368652039,-0.5127912397183292
153,3277,1624,0.9755396712927911,2.436770388243283,5.323881442203856,9.351930237484385,13.82382133180791,-14.165579132614388,-9.3877401717271,-5.358212821837392,-2.5561345739857124,-1.0348681269645026,4.2421919909623895,5.685837802762855,8.331362894619597,11.824607061623897,16.114359576572333,-9.550044312840397,-4.790164705465614,-2.5501459023184676,-1.3122769368652039,-0.5127912397183292
154,3277,1624,0.9776014899730348,2.4408409949981893,5.342495851047903,9.38065229845147,13.909293724981108,-14.171095812739221,-9.422556299782695,-5.367091055279798,-2.587153296283367,-1.0348681269645026,4.2421919909623895,5.700103578133392,8.344270927137451,11.902803045365774,16.165715202655406,-9.577685888330077,-4.824008833747065,-2.566507247434594,-1.315811569502623,-0.515320940202356
155,3277,1624,0.9776014899730348,2.4408409949981893,5.351607677851535,9.41148464467512,13.925955850642904,-14.193590788130267,-9.458444366136971,-5.377856513087115,-2.5957366175294885,-1.0403113100505985,4.2421919909623895,5.712393030122056,8.383199878993228,11.967587131046663,16.235087383689986,-9.585410785004868,-4.838692226531106,-2.582759815407832,-1.3176943806518753,-0.5190329792196912
156,3277,1624,0.9776014899730348,2.4450886644167307,5.3621355554727,9.45186055228642,13.990853659964024,-14.241716917795799,-9.487433194874018,-5.4061656061708705,-2.6166522244998727,-1.0403113100505985,4.2421919909623895,5.718953629082693,8.383199878993228,11.98333099460698,16.26544912318832,-9.585410785004868,-4.9075445772204045,-2.5996280169662738,-1.3240580636692336,-0.5190329792196912
157,3277,1624,0.9803776306424375,2.455370406719653,5.392359066518763,9.495544196106941,14.000575134605183,-14.241716917795799,-9.536294148735509,-5.429048726747403,-2.6262089699300977,-1.0417953130848185,4.25142789168952,5.73521347778925,8.395904422980564,12.002021418560066,16.493809247693218,-9.758254252717135,-4.958280094670812,-2.6143179520026116,-1.3270730056389373,-0.5190329792196912
158,3276,1623,0.9832153112970433,2.4674618289835064,5.405282711550948,9.5215072638299,14.03404833983959,-14.28671850015342,-9.557021515981173,-5.472452600994186,-2.631210541403085,-1.044913071094216,4.2509661730092425,5.735335302962858,8.411690698689835,12.059166649113745,16.551181237759906,-9.766190927684358,-4.987894515952492,-2.6254280013447886,-1.3364151979623657,-0.5190138982378029
159,3276,1623,0.9832153112970433,2.4803402070996166,5.419578465449193,9.532029439821304,14.044577694258862,-14.337818991043967,-9.589415694259312,-5.488633978187698,-2.645715017219213,-1.0503014637597075,4.2509661730092425,5.739511928948496,8.437007966317385,12.086750683637472,16.56999667114475,-9.833451603737917,-5.01670151963995,-2.631507972356799,-1.3445055152358918,-0.5209258022963303
160,3276,1623,0.9864734551165056,2.4885922048509537,5.438550119934396,9.578171754448324,14.143958764635808,-14.461573964340934,-9.650395894189192,-5.535679625598196,-2.645715017219213,-1.0536223965854683,4.2509661730092425,5.752591688767211,8.438042353600338,12.094909979813224,16.56999667114475,-9.961979164003939,-5.074365729413147,-2.6336517305422498,-1.3445055152358918,-0.524054526246612
161,3276,1623,0.9864734551165056,2.4899106875993597,5.449450836371913,9.58785734953831,14.153744374101127,-14.4810634104613,-9.6906834460537,-5.538097469886613,-2.6489953167605513,-1.0547666777562816,4.2509661730092425,5.767520268031866,8.43834018939172,12.136357190922658,16.621943852539797,-9.997853805519888,-5.130444217454938,-2.6462205709488065,-1.3450544785410805,-0.5247728999684034
162,3276,1623,0.9895204866285654,2.511704129680264,5.4573389787115785,9.621307415919278,14.23686259324719,-14.504623471686834,-9.73891303928817,-5.542928345398589,-2.661025137267728,-1.0559881660554469,4.2509661730092425,5.769854040330335,8.458754039191536,12.196053872814813,16.6518524641908,-10.027568552512609,-5.138290405333187,-2.648664443142773,-1.3500721954238126,-0.5247728999684034
163,3276,1623,0.9963279834181391,2.521236823437129,5.489436986375809,9.632235657743525,14.278059297406113,-14.537828091731674,-9.759728971592986,-5.559843867851111,-2.6661993676349,-1.0589668815790163,4.2509661730092425,5.772545205123265,8.515222722947406,12.255017183281181,16.732309123428877,-10.1229368252513,-5.138290405333187,-2.6576036802369543,-1.3539393673786952,-0.5247728999684034
164,3276,1623,0.9963279834181391,2.5226319950260696,5.52090228751687,9.641930877970864,14.289178422500171,-14.586391769866033,-9.769258363125381,-5.572365789183875,-2.673683814685597,-1.0589668815790163,4.256516236387296,5.791138720484026,8.515222722947406,12.303035112056119,16.798781910753483,-10.161973490237473,-5.154893421604851,-2.66567675674503,-1.3539393673786952,-0.5276168733712294
165,3275,1622,1.007314445933662,2.5378239356818444,5.532474201952745,9.658302999373053,14.301757511963567,-14.680994207395136,-9.81303049068094,-5.589908969020894,-2.68003089259366,-1.0668035296292575,4.255891863793745,5.802372277425844,8.540483731361132,12.368786890717782,16.85882981635148,-10.203296982160525,-5.1572232179275455,-2.6754504365936915,-1.3674813419194487,-0.5323656679835022
166,3275,1622,1.0118035199505668,2.5447407599803054,5.567020669268291,9.68656427115291,14.32809980749497,-14.743175665762916,-9.840024901806554,-5.6110690656989615,-2.6822114360400793,-1.070241478925143,4.255891863793745,5.814164431694788,8.569418945181056,12.398045207239704,16.94400400755245,-10.21212370614005,-5.175113793323365,-2.6782783110564905,-1.3697733418137141,-0.5358892646235964
167,3273,1620,1.0116234697799713,2.5450645327145356,5.601429916758594,9.753670723808947,14.357138520966304,-14.79335308823629,-9.8637406188654,-5.61605017655661,-2.693396681933929,-1.077769356954664,4.255206734325321,5.834871999868294,8.578455543673027,12.419382314361444,16.958193675841684,-10.326509782963013,-5.251899993126144,-2.68003089259366,-1.3675094576172167,-0.5383139058496045
168,3273,1620,1.0116234697799713,2.56898859316434,5.616730324087819,9.780738216586286,14.38941986202871,-14.823761853823335,-9.876322764314295,-5.64636548136958,-2.703028213301049,-1.077769356954664,4.255206734325321,5.847632125242621,8.582790400058808,12.43816726320031,17.055212015576576,-10.401555299122561,-5.251899993126144,-2.6979827051443213,-1.3742729945089416,-0.5383139058496045
169,3272,1620,1.0115334446946735,2.5698221395403964,5.634764228091318,9.793186834758945,14.446670813070194,-14.840517762202724,-9.953877891487025,-5.659419583452298,-2.710756641440802,-1.0775923298908874,4.26088684454215,5.867004369272365,8.582790400058808,12.450123054347497,17.111317328687626,-10.506220703882189,-5.299517430744726,-2.704301842624716,-1.3798732940709357,-0.5408226262979549
170,3272,1620,1.0115334446946735,2.576272304575728,5.64622569680305,9.841153373368087,14.4522546928584,-14.867892405669634,-9.975126569089198,-5.671613330526208,-2.7323379579674634,-1.0818881702203889,4.26088684454215,5.867004369272365,8.583448598991499,12.493105278137698,17.143639744434775,-10.549570502542128,-5.344040401578496,-2.7162970499229795,-1.3816680682895894,-0.5408226262979549
171,3272,1620,1.0115334446946735,2.6041096502966434,5.6693719383852255,9.857846004777322,14.546406473349638,-14.895996358506448,-9.991722671515358,-5.690725777319695,-2.7422298160584444,-1.0833353435751039,4.26088684454215,5.870388572917848,8.585976771708566,12.522620107917128,17.143874196959022,-10.584160023472865,-5.413622124310201,-2.7364813932955334,-1.3877462338703213,-0.5408226262979549
172,3272,1620,1.0173444991273353,2.613840864463284,5.678998385842968,9.899887584078108,14.562504928397088,-14.926376334514664,-10.015687483464436,-5.705830713917089,-2.743813739358756,-1.090634319752656,4.278132775232112,5.871319839355978,8.649636875978135,12.59436202590634,17.143874196959022,-10.584160023472865,-5.450088947207452,-2.738835897232289,-1.3877462338703213,-0.5408226262979549
173,3272,1620,1.021737759469702,2.6209723998080454,5.718915893687181,9.90353343243066,14.57900130383303,-14.996179787439155,-10.015687483464436,-5.734452506432335,-2.756734498974293,-1.1201838807762377,4.278132775232112,5.875084783958499,8.686266840599796,12.61336089088515,17.144558143493743,-10.584160023472865,-5.535465974446438,-2.7458596610343955,-1.403183731376402,-0.5408226262979549
174,3270,1620,1.0211078344759625,2.6290881897862994,5.7229805275894226,9.940921421333268,14.626886207367123,-15.061670383051856,-10.068142869499072,-5.7488966955629435,-2.765406600880319,-1.1259373080006636,4.278132775232112,5.876417134583252,8.70586704415717,12.635061756779796,17.199215948519402,-10.639770187940945,-5.616202264428906,-2.7605988860069317,-1.406367270684206,-0.5417404865943385
175,3270,1620,1.0211078344759625,2.633224950365356,5.730177551529407,9.989358174558028,14.631774956458276,-15.108881538207532,-10.142670500379115,-5.761768839643197,-2.7710263299972793,-1.1291062070656817,4.283235042999088,5.876417134583252,8.712953830287042,12.635061756779796,17.28365145658407,-10.675584431787831,-5.66482520793833,-2.766225249611591,-1.416808555653568,-0.546432119132836
176,3270,1620,1.0211078344759625,2.6445287400562503,5.742964403715044,10.040619018956674,14.716468875495307,-15.149271793061422,-10.142670500379115,-5.767549410132842,-2.7773134747629165,-1.1291062070656817,4.2888160883182715,5.8883615225947565,8.744968808715214,12.648053296583067,17.31235124357295,-10.714852414656708,-5.671594826195607,-2.772215878651006,-1.4253878787306364,-0.546432119132836
177,3270,1620,1.0296583441183056,2.6488497885282656,5.746259912376248,10.13215173029312,14.722834715186854,-15.209402655605912,-10.161659325430172,-5.798927976007789,-2.781387191328284,-1.1291062070656817,4.292275407094536,5.890286067597067,8.762071894557678,12.660467922754577,17.41823709204594,-10.821568044662683,-5.70126349005435,-2.7785047360059485,-1.4253878787306364,-0.5478185321091206
178,3269,1620,1.0292640115706466,2.6496243600922256,5.767032619066413,10.154450319767527,14.760253577143429,-15.23597959433636,-10.23235510340713,-5.835170873400017,-2.7866778574637396,-1.1326465174326443,4.297914693528427,5.903113393578359,8.762071894557678,12.755795670676957,17.41823709204594,-10.88741749420564,-5.7784700746743685,-2.7866604651956255,-1.432081379921496,-0.5498283965730104
179,3269,1620,1.0339748232404202,2.6695806509561106,5.780484128853484,10.177304746532474,14.780690843865703,-15.258973147229122,-10.31877505520285,-5.841364450431743,-2.801338140828034,-1.1350144831356574,4.313238543203815,5.909699590308125,8.774797736017653,12.784400537549828,17.54118055168202,-10.97810038065971,-5.816734249033207,-2.7940079991458866,-1.4345012281537617,-0.5498283965730104
180,3269,1620,1.0468980947352078,2.6696011683408667,5.804109173359672,10.219581828046541,14.780690843865703,-15.30572959207829,-10.325462060384226,-5.844040457419113,-2.8076796321048305,-1.1419073327802642,4.322035226127112,5.909699590308125,8.785760552680223,12.818734219043584,17.54118055168202,-10.97810038065971,-5.8438877919785615,-2.804508886466432,-1.4404461331584046,-0.5548234335614758
181,3269,1620,1.0521992969817622,2.670724310427493,5.8195234103653535,10.263361726100465,14.858079052382903,-15.383873804358265,-10.347102770358644,-5.862602191108692,-2.808558473988563,-1.167392789706789,4.322035226127112,5.927250246291648,8.796999396435258,12.867103123055,17.66245316095579,-10.995653144018705,-5.877915023772903,-2.808119053046697,-1.4422924290911379,-0.5548234335614758
182,3268,1620,1.0532416623305714,2.6713172839303736,5.846299415878676,10.313607157410097,14.961554614865964,-15.464714951058875,-10.365347597864027,-5.88515691328819,-2.8158301478891103,-1.1770893689881534,4.322035226127112,5.943641894342773,8.802367118496363,12.88566650623153,17.662581526401205,-11.036634550507616,-5.916200960532385,-2.8154287165040675,-1.4445778750708445,-0.5548234335614758
183,3268,1620,1.0580477962986035,2.6770074342542904,5.865597639414151,10.31491777257748,15.044647006939694,-15.505128285236848,-10.410169532724773,-5.894054854933646,-2.81731059073643,-1.1799336481682916,4.326568977441931,5.943641894342773,8.813906235832247,12.906152301246852,17.662581526401205,-11.125258866295168,-5.921863830314277,-2.8169509202490044,-1.4518480744490017,-0.5548234335614758
184,3267,1619,1.060233269610546,2.684710757461153,5.873844267101527,10.34609154913979,15.106390190808467,-15.54267205842685,-10.42855625666655,-5.902524877684757,-2.826227855366306,-1.1849664766430748,4.326208961393081,5.9490573606465205,8.830943808712956,12.92527337645149,17.857682957402687,-11.247574033611468,-6.003976267463049,-2.823157868195634,-1.4604959679315874,-0.5576431348170104
185,3266,1619,1.0601842710205633,2.72003992863915,5.885766761532916,10.382382214761563,15.111884442019807,-15.632722114855955,-10.467162951840727,-5.914723816022271,-2.8298557441397354,-1.1841389162309406,4.340030909474492,5.952428346866659,8.836264372511149,12.944990666582523,17.87716797983774,-11.337650779193186,-6.0407288236451855,-2.8292978425369775,-1.4604959679315874,-0.5576431348170104
186,3266,1619,1.061466614383746,2.7320650602421623,5.899517291245693,10.387203814602902,15.199831758728108,-15.661486268493277,-10.506213723459906,-5.930117408354299,-2.8319109386370322,-1.1841389162309406,4.345734079731562,5.955431742811135,8.873551395588672,12.969668699635783,17.925746711521256,-11.366558671290408,-6.083602157577374,-2.831529448948009,-1.4604959679315874,-0.5676605813407837
187,3266,1619,1.0660933538578177,2.7383093578061244,5.927417902916922,10.400492506239871,15.219803383937125,-15.69156394226527,-10.558533327130625,-5.93947912448436,-2.8342357090974653,-1.188405074672689,4.345734079731562,5.955431742811135,8.893656685185256,12.982372444015812,18.013612446164462,-11.384026430575215,-6.108395856804292,-2.8330554077041015,-1.4632398451789461,-0.5761720928691881
188,3266,1619,1.0660933538578177,2.7472289466193898,5.94585133528134,10.444692874352349,15.237609427006133,-15.701045678071136,-10.558533327130625,-6.001557508101212,-2.8688966869696415,-1.188405074672689,4.345734079731562,5.955431742811135,8.899676826970394,13.049028017557088,18.051265682533433,-11.384026430575215,-6.144590781639004,-2.8655500703044328,-1.4632398451789461,-0.5761720928691881
189,3266,1619,1.0725677644098948,2.7538231447032633,5.952428346866659,10.459070409395023,15.369734300033882,-15.84957245555595,-10.558533327130625,-6.006201452345207,-2.8799657022660083,-1.1910800004939142,4.345734079731562,5.956634105216342,8.919407082465302,13.125516834909378,18.146899251240928,-11.384026430575215,-6.173467749529493,-2.879161737915952,-1.464892998886616,-0.5877014521915467
190,3266,1619,1.0725677644098948,2.7795244702168045,5.956279358557332,10.480467359268498,15.447169659958602,-15.898186595354083,-10.583989348778754,-6.024141559534784,-2.890278793464354,-1.193273041657323,4.345734079731562,5.959296256744902,8.919407082465302,13.16702890352868,18.262824304633778,-11.384026430575215,-6.199937510641638,-2.8891122004531358,-1.4700831941684465,-0.5930991890090224
191,3266,1619,1.0725677644098948,2.784021685375234,5.959296256744902,10.492407081794692,15.465908814160588,-15.898186595354083,-10.5856869452096,-6.060032881365327,-2.890278793464354,-1.1986479703908839,4.345734079731562,5.959296256744902,8.921112513582946,13.222825321832417,18.325102280387668,-11.618199458371162,-6.230918317625193,-2.8891122004531358,-1.4747649164681338,-0.5930991890090224
192,3266,1619,1.0750014161280244,2.786730844152617,5.993766821945145,10.528671865049166,15.53127927412913,-16.025121181476297,-10.61258369382842,-6.067807054687652,-2.894856398835281,-1.1986479703908839,4.368184579551305,5.976936696466963,8.921112513582946,13.245527437501906,18.35347570970156,-11.786566934428828,-6.277289612999127,-2.8941614300801395,-1.4747649164681338,-0.5958703333314141
193,3266,1619,1.0755157055268896,2.786730844152617,6.003752849416894,10.534075368662544,15.617596917914163,-16.09698919038945,-10.640560185129495,-6.092288321689578,-2.896890541119253,-1.2068135936443047,4.368184579551305,5.9898865401753785,8.977684526171174,13.245527437501906,18.369337108884412,-11.78692275609241,-6.329479126986529,-2.896873619792102,-1.4803851705599747,-0.5958703333314141
194,3266,1619,1.0755157055268896,2.7964634437354703,6.0148006794402304,10.534423287727172,15.647366845552664,-16.117586493612905,-10.688311692464126,-6.106150443945246,-2.9033341322652686,-1.2068135936443047,4.368184579551305,5.9960195039029855,8.977684526171174,13.252846767652235,18.38872491148933,-11.871089693212788,-6.349838228720028,-2.9011286338769375,-1.4803851705599747,-0.5967319808471587
195,3266,1619,1.0755157055268896,2.803915621083245,6.0187165569791174,10.585760713798514,15.716920711079315,-16.138306328459404,-10.700117650881568,-6.122574550902302,-2.9091101168650115,-1.2117023248554157,4.368184579551305,5.9995689979803455,9.051008087748134,13.309585615329157,18.472213820450815,-11.959260498675514,-6.367075350352016,-2.9019010888804804,-1.4803851705599747,-0.5975724809127749
196,3266,1619,1.0774266222552416,2.8081297201260735,6.031215356132787,10.59371117419969,15.799277090079029,-16.196833535505533,-10.731234043039796,-6.134229717641215,-2.9091101168650115,-1.2140852141304825,4.38984939020926,6.003752849416894,9.051008087748134,13.309585615329157,18.506410922320324,-12.055875293904272,-6.472366822568814,-2.9019010888804804,-1.4869530461640859,-0.6053787105040449
197,3266,1619,1.0774266222552416,2.8119717823853714,6.046799514811823,10.601604184271524,15.847713801726762,-16.293944177273065,-10.750233109808818,-6.1508740412615985,-2.9091101168650115,-1.2214202175165694,4.393406706620221,6.014111224531637,9.062064843871593,13.38327447347845,18.59169634854479,-12.098922926816037,-6.505663110865366,-2.9019010888804804,-1.4869530461640859,-0.6053787105040449
198,3266,1619,1.0815340545249783,2.82044601231653,6.08879422280785,10.622443687099384,15.850113937798374,-16.353959603487603,-10.760146051375427,-6.168551101888189,-2.9268607629265286,-1.230508609155021,4.393406706620221,6.0187165569791174,9.062064843871593,13.398297833622259,18.59169634854479,-12.147576024023435,-6.600867357399722,-2.9185190475031693,-1.4948888306033652,-0.6053787105040449
199,3266,1619,1.0815340545249783,2.829870763081547,6.08879422280785,10.689017711239078,15.864884442946362,-16.410902115342687,-10.760146051375427,-6.173467749529493,-2.940774314019003,-1.230508609155021,4.393406706620221,6.0187165569791174,9.072864023710036,13.448205770628935,18.715092334171345,-12.147576024023435,-6.600867357399722,-2.935150160938294,-1.4957423977373892,-0.6053787105040449
200,3266,1619,1.0857506768886183,2.84143704066733,6.108384072202702,10.699532924567762,15.864884442946362,-16.479508152800637,-10.781826932767578,-6.179484453518519,-2.9427447621588936,-1.230508609155021,4.393406706620221,6.030390050569583,9.072864023710036,13.50173935517187,18.753971134815853,-12.31193912505747,-6.604649053707195,-2.9419258880472303,-1.498294622900826,-0.6053787105040449
201,3266,1619,1.0857506768886183,2.8574666887213205,6.1356413923274395,10.726901123479069,15.892270430938218,-16.521693452907506,-10.808753743013341,-6.182084016883527,-2.9551437066238417,-1.2344361810787352,4.406118931914635,6.068714481293045,9.099221879766365,13.533325803244622,18.790709032325108,-12.332468385365322,-6.618942651989846,-2.9508707577261246,-1.506240532569811,-0.6053787105040449
202,3266,1619,1.0857506768886183,2.8574666887213205,6.156617376514101,10.732184920847088,15.928903645488365,-16.521693452907506,-10.822546259764387,-6.210054356508843,-2.9573568590443413,-1.2344361810787352,4.406895840173968,6.068714481293045,9.099221879766365,13.563839005268779,18.985627553614183,-12.375296452935157,-6.678131220121736,-2.954476105972018,-1.506240532569811,-0.6053787105040449
203,3266,1619,1.0906051543572786,2.87577134908085,6.15804784042535,10.742466040583935,15.942859405969166,-16.56188550643029,-10.896602349879835,-6.243005341192621,-2.9659660999474937,-1.236062927631264,4.412021967252018,6.068714481293045,9.119979569209523,13.581817975720117,19.061881446192576,-12.415100994727254,-6.725463595608407,-2.960214870390476,-1.5068514894966014,-0.615488682139365
204,3266,1619,1.0929184615533498,2.8994811883335627,6.15999227115744,10.772886353733622,16.050100387629932,-16.64467520641746,-10.903234426633333,-6.271379178513561,-2.9755342372924036,-1.2542908722246084,4.412021967252018,6.078553679165465,9.1396559623256,13.601380325602129,19.23561269061367,-12.415100994727254,-6.745580407512321,-2.970747715275146,-1.5101455783568705,-0.615488682139365
205,3266,1619,1.0957406037802326,2.9078274606805117,6.174148392478903,10.780053131928875,16.050100387629932,-16.654139372964092,-10.940139720681174,-6.298294842856917,-2.9820329864965522,-1.2542908722246084,4.414224143481886,6.091346473116371,9.1396559623256,13.610058751040906,19.25094423471037,-12.502745260163195,-6.929599561163677,-2.9809810955414413,-1.5120258084984892,-0.615488682139365
206,3266,1619,1.0957406037802326,2.9095902661344,6.192116387307138,10.800441793355603,16.07639319654178,-16.70332064869541,-10.964296758683005,-6.304424289176695,-2.982678345574642,-1.2542908722246084,4.414224143481886,6.108384072202702,9.169367914822747,13.612944020875531,19.25094423471037,-12.58322426989407,-6.929599561163677,-2.981844711369879,-1.5120258084984892,-0.615488682139365
207,3266,1619,1.108400907033451,2.9129376281573043,6.206868609950331,10.844863814951285,16.155433343428626,-16.70332064869541,-10.975851737416596,-6.325003372466483,-2.9834166699741713,-1.2607317422358064,4.414224143481886,6.108384072202702,9.180826874835155,13.645629593434716,19.25094423471037,-12.58322426989407,-7.027028662898933,-2.9825978118765724,-1.5139293831754093,-0.615488682139365
208,3266,1619,1.1099414228553508,2.917704730701285,6.220993779954149,10.882730541134867,16.19566570912137,-16.706806503707647,-10.99088822324803,-6.34177508763163,-2.9926094137305705,-1.2607317422358064,4.414224143481886,6.108384072202702,9.184799199558542,13.670123155760788,19.25094423471037,-12.608363376836738,-7.088112547017741,-2.98490683989013,-1.5139293831754093,-0.616641506121865
209,3266,1619,1.1099414228553508,2.923380278707863,6.234631259249674,10.888993611330703,16.28368275981577,-16.706806503707647,-10.999329089753303,-6.347215233261876,-3.0042213701232217,-1.2624940579346315,4.414224143481886,6.111596937956244,9.213552834120785,13.670123155760788,19.272381155462373,-12.639667566097014,-7.128981917897286,-3.0016509368949094,-1.5157053250116852,-0.6172576544086532
210,3266,1619,1.1105977719981075,2.9369040771306243,6.247080734335892,10.888993611330703,16.36192591657884,-16.706806503707647,-11.025024312201099,-6.365487777920023,-3.0042213701232217,-1.2637562032093155,4.426353370507127,6.1180443228360275,9.228213245810618,13.685209684820515,19.335130534117155,-12.724856201753136,-7.157423447251811,-3.0016509368949094,-1.5157053250116852,-0.6176157903234328
211,3266,1619,1.111826929301555,2.9369040771306243,6.26033572442307,10.901824197341162,16.41723647067689,-16.706806503707647,-11.065251500428086,-6.365487777920023,-3.014282488546972,-1.267122651144773,4.426353370507127,6.12695936966792,9.255698207868273,13.695897503400467,19.335130534117155,-12.724856201753136,-7.157423447251811,-3.002143415292056,-1.5157053250116852,-0.6282701411605728
212,3266,1619,1.111826929301555,2.9374763712255962,6.2783402635373635,10.924061053821738,16.519602604845847,-16.706806503707647,-11.104344899827773,-6.402968506077044,-3.0181834614558856,-1.2804179825443385,4.426353370507127,6.135335680833664,9.255698207868273,13.695897503400467,19.371394647499404,-12.724856201753136,-7.1848368188659,-3.010455234616719,-1.518775560868452,-0.6282701411605728
213,3266,1619,1.1143559920689157,2.9412075868165624,6.2830496246507295,10.931771907687448,16.519602604845847,-16.706806503707647,-11.116048763135947,-6.415869592623645,-3.026562418378353,-1.3074350342054655,4.429428387718559,6.15804784042535,9.285072045148896,13.722858855987312,19.371394647499404,-12.76818138437909,-7.213064170843722,-3.010455234616719,-1.5307428503396618,-0.6328446387150654
214,3266,1619,1.1143559920689157,2.9483803388383394,6.3129131210630405,10.947896713282503,16.52755229620545,-16.71894117473817,-11.120145810791202,-6.451756587398326,-3.0354337819051938,-1.3175232331859847,4.429428387718559,6.15999227115744,9.305682926970956,13.759461983527736,19.371394647499404,-12.802112324931947,-7.301298839139951,-3.0250559579648812,-1.5364447287517542,-0.6328446387150654
215,3266,1619,1.118709557840889,2.954932814788443,6.314616214022065,11.014308242951483,16.551478416076804,-16.787707591884143,-11.1311969530646,-6.46940879948021,-3.0406096531001072,-1.3233575017356478,4.429548922724322,6.193080691450161,9.315834515580967,13.769773523135395,19.387390973324347,-12.802112324931947,-7.398142334782641,-3.035828871346316,-1.540891007454567,-0.6472139387722392
216,3265,1619,1.1223011365365474,2.9654735121646847,6.326077158676632,11.044863488952831,16.634714840741974,-16.826228399483313,-11.156536255339219,-6.48344271851073,-3.0521528128967375,-1.3230772769622139,4.432494316377452,6.193080691450161,9.320722821659267,13.77364912140094,19.396648414846144,-12.877674171008467,-7.4316814314691015,-3.037713159920734,-1.540891007454567,-0.6472139387722392
217,3265,1619,1.1254724550398147,2.9654735121646847,6.34010539879375,11.067229573519846,16.661515808237805,-16.83267559722846,-11.185666430946224,-6.509821029199511,-3.052594359962886,-1.3230772769622139,4.432494316377452,6.203231934885504,9.327878973717308,13.776179265119625,19.396648414846144,-13.015718848610515,-7.436218760172224,-3.0378035875750484,-1.540891007454567,-0.6472139387722392
218,3265,1619,1.1254724550398147,2.9797205016103674,6.355448038397411,11.07038010344024,16.661515808237805,-16.865045346830062,-11.212541966586334,-6.5118923447649335,-3.057220543130047,-1.3280696947371262,4.432494316377452,6.203231934885504,9.338225440409444,13.844174504028812,19.433144966960846,-13.015718848610515,-7.436218760172224,-3.04131110065208,-1.5502501990345405,-0.6472139387722392
219,3264,1619,1.1254100515944239,3.0005946583987617,6.385635270283368,11.121054725741187,16.70224711612458,-16.939106830960494,-11.273361384173256,-6.515563491166564,-3.0599737124106148,-1.3280183144858282,4.432494316377452,6.209375455134772,9.351930237484385,13.844174504028812,19.433144966960846,-13.015718848610515,-7.475134942991303,-3.052594359962886,-1.5502501990345405,-0.6472139387722392
220,3264,1619,1.1259518500994457,3.003016746711604,6.397406881294727,11.14404826920756,16.73331327487928,-17.079048402174585,-11.32754523561447,-6.529308479959589,-3.082356643821524,-1.3280183144858282,4.432494316377452,6.220993779954149,9.359978554313889,13.844174504028812,19.48008921028434,-13.015718848610515,-7.552665062282285,-3.057220543130047,-1.5502501990345405,-0.6472139387722392
221,3264,1619,1.1259518500994457,3.005980958942393,6.399914142039551,11.164948926833413,16.74245233989485,-17.115511198711598,-11.336052275035081,-6.558498146851882,-3.0863192631299112,-1.3280183144858282,4.434751913698336,6.220993779954149,9.38222039496826,13.86984081257233,19.511553314797798,-13.045538874392204,-7.570021942149515,-3.06052702402489,-1.5502501990345405,-0.6472139387722392
222,3264,1619,1.126885691645691,3.005980958942393,6.399914142039551,11.170652365982146,16.762762075263566,-17.242954902045547,-11.344526753026784,-6.574388550228363,-3.1037494923874034,-1.3280183144858282,4.441520024121747,6.220993779954149,9.386815005589384,13.878853766598652,19.64487472173296,-13.181596999024547,-7.5737618399794915,-3.0866882244683347,-1.5502501990345405,-0.6472139387722392
223,3264,1619,1.126885691645691,3.009659634543049,6.419855168206167,11.180091569115373,16.798359909748385,-17.318483192073664,-11.35111147071449,-6.588577855728382,-3.122367744747468,-1.3301358094653528,4.441520024121747,6.247080734335892,9.392362051999175,13.88367158823215,19.68369255594277,-13.181596999024547,-7.576381312749216,-3.1024291172746365,-1.5543652645342938,-0.6472139387722392
224,3263,1619,1.12892942443496,3.0176496540892677,6.435070328693016,11.237913697435115,16.905319878467267,-17.30735047765351,-11.359240036413052,-6.607223318732556,-3.1257885818755473,-1.3295498650585398,4.441520024121747,6.254993141168677,9.39401192143043,13.912546920183564,19.686148320826277,-13.181596999024547,-7.604300874403789,-3.1041896174249923,-1.5543652645342938,-0.6522868172592969
225,3263,1619,1.1316960477080291,3.024880508548204,6.441144470410126,11.237913697435115,16.905319878467267,-17.319849465626,-11.367175987465473,-6.6129791860777605,-3.1382832385879382,-1.3295498650585398,4.441520024121747,6.254993141168677,9.428782368005091,13.912546920183564,19.69167498992698,-13.204493427415713,-7.62695239654326,-3.117609395753718,-1.5543652645342938,-0.6522868172592969
226,3263,1619,1.1369159690289554,3.035864271737445,6.45508721308208,11.273552180172437,17.033325664015024,-17.360910722227707,-11.373498708290638,-6.615970076961763,-3.1475952247579153,-1.3448966896430017,4.441520024121747,6.26033572442307,9.428782368005091,13.932065431407892,19.69167498992698,-13.266017216813793,-7.6537160056883415,-3.1342608713726716,-1.558168862567709,-0.6541059712354866
227,3263,1619,1.1369159690289554,3.035864271737445,6.4582127315537665,11.286927124621386,17.120324580164393,-17.360910722227707,-11.400876459852014,-6.653903681339514,-3.164310885765651,-1.3457085056260851,4.445154879731173,6.268627054171376,9.450394532069225,13.962903174663886,19.72595028534156,-13.271154097561912,-7.7529414277872615,-3.15678679083993,-1.560874340967858,-0.6556535484507876
228,3262,1619,1.1363488837063551,3.044484514913469,6.490531029423732,11.303339311432858,17.125071833677854,-17.413040607452178,-11.429587837759168,-6.654308341272593,-3.1696148180770467,-1.3530852357707082,4.445154879731173,6.2783402635373635,9.457829139123602,13.978454061655748,19.784294881821605,-13.316762785788436,-7.773268003965622,-3.1664230861128564,-1.5673068346633392,-0.6630452107572792
229,3262,1619,1.1416119397070648,3.0474763932854083,6.493942243687901,11.303339311432858,17.125071833677854,-17.445264356289936,-11.494792833396765,-6.673194466818574,-3.1856315820099503,-1.3550747812230604,4.448693099862496,6.284963345130658,9.457829139123602,13.978454061655748,19.784294881821605,-13.316762785788436,-7.790211945667609,-3.1705512825729167,-1.569517385048874,-0.6630452107572792
230,3262,1619,1.1416119397070648,3.049597580429118,6.493942243687901,11.326521291867984,17.125071833677854,-17.513759659187933,-11.538052494580171,-6.691291229659424,-3.1856315820099503,-1.3550747812230604,4.448693099862496,6.297379250388268,9.473212804803612,13.98258575678167,19.83672991973223,-13.35901603651422,-7.827850205813165,-3.1705512825729167,-1.569517385048874,-0.6630452107572792
231,3262,1619,1.1416119397070648,3.0515130228697966,6.513378496169107,11.345323193941955,17.125071833677854,-17.513759659187933,-11.570712869446773,-6.694878508131545,-3.1880839374189014,-1.3550747812230604,4.448693099862496,6.309287369690754,9.473212804803612,13.986565409780688,19.955849121199037,-13.35901603651422,-7.836185705561928,-3.17810019384184,-1.591484302276383,-0.6630452107572792
232,3262,1619,1.1416119397070648,3.0695710570446457,6.540467455435172,11.345323193941955,17.139416508940837,-17.530183059042724,-11.607475264335728,-6.696466019304791,-3.190188949491203,-1.3550747812230604,4.448693099862496,6.309287369690754,9.47805045485256,14.023069854871187,19.955849121199037,-13.35901603651422,-7.842635413422067,-3.188623705961239,-1.591484302276383,-0.6729414632271674
233,3262,1619,1.1448968409032754,3.072319131379052,6.549332731271944,11.351047135503787,17.210827854557415,-17.53665389352129,-11.646601606873071,-6.707817825553031,-3.2093129169397665,-1.3590317071594322,4.458644805367127,6.3274263509108515,9.510350193132991,14.039014276103412,19.955849121199037,-13.362415379648281,-7.898145891187947,-3.1953744486260565,-1.597681448153855,-0.6772041504274636
234,3262,1619,1.15188817931721,3.0756007171094275,6.585434950297291,11.357873679017121,17.272369747514418,-17.547895762481318,-11.670597602631076,-6.721044913506283,-3.2093129169397665,-1.3590317071594322,4.472256670255004,6.329341746167515,9.520145937437254,14.061705189125027,20.00528969698916,-13.522318675783264,-7.898145891187947,-3.1953744486260565,-1.597681448153855,-0.6772041504274636
235,3262,1619,1.15188817931721,3.08028933693188,6.615554888780209,11.369449766172936,17.272369747514418,-17.55946885318086,-11.722884606228188,-6.725020945120111,-3.226236534909926,-1.3590317071594322,4.477658008058777,6.335006673991855,9.520437120130692,14.061705189125027,20.054553621849337,-13.522318675783264,-7.909149288329708,-3.2145100316991098,-1.597681448153855,-0.6772041504274636
236,3261,1619,1.1587055752094972,3.0845852323180027,6.626072631070626,11.3998303974525,17.38667776735287,-17.6183043898141,-11.745304450657514,-6.726233269084551,-3.227374678842347,-1.3582866862500143,4.477658008058777,6.3410599784102075,9.538289519337813,14.10887337872032,20.058183577620547,-13.664332414922276,-7.923077435906651,-3.2261539258060377,-1.5992823567562127,-0.6772041504274636
237,3261,1619,1.1587055752094972,3.0886464275063736,6.678471743510715,11.424590486621117,17.424174124173195,-17.708195125667956,-11.761618951577564,-6.7345249865847165,-3.2353620747605354,-1.3657368953442004,4.488289982025301,6.3410599784102075,9.538289519337813,14.148386358873747,20.058183577620547,-13.684948101443371,-7.954848127266285,-3.227374678842347,-1.6007375101280732,-0.6772041504274636
238,3261,1619,1.1589397128735557,3.09306109718225,6.698613478517519,11.461148404573716,17.424174124173195,-17.757698596464063,-11.791409433169303,-6.776255171196872,-3.2353620747605354,-1.3781107690013719,4.488289982025301,6.343677389322164,9.551042550260197,14.148386358873747,20.058183577620547,-13.698816466193016,-7.9605508688308895,-3.227374678842347,-1.6096844011975793,-0.6772041504274636
239,3261,1619,1.1634178707378189,3.1147933234482594,6.730821756577356,11.47548226575114,17.458277499344884,-17.79115037840197,-11.802267334704577,-6.78277459812413,-3.2471738216308923,-1.3781107690013719,4.491885861710525,6.343677389322164,9.551042550260197,14.15746427503755,20.08539525225715,-13.698816466193016,-7.976612900483944,-3.235294735770916,-1.6118240366580108,-0.6772041504274636
240,3261,1619,1.1641611225248105,3.1311189858030515,6.749406458306879,11.498584103411297,17.490635553563514,-17.835876677644787,-11.81699818142023,-6.797282476042033,-3.2471738216308923,-1.3781107690013719,4.492915641647924,6.353514830040848,9.60835124484482,14.23686259324719,20.123059409088924,-13.698816466193016,-7.9975988070596475,-3.235294735770916,-1.6118240366580108,-0.6789237573887836
