fold,trade_id,entry_time,pair,p_admit,admitted,final_r_at_selected_sl,selected_sl_atr_mult,mode
0,402,2023-06-22 12:00:00,AUD_NZD,0.247260180763367,0,-1.0,2.0,D1
0,403,2023-06-30 04:00:00,GBP_CAD,0.1743517212873035,0,4.739646504,2.0,D1
0,404,2023-06-30 12:00:00,NZD_CHF,0.05611861173538131,0,-1.0,2.0,D1
0,405,2023-06-30 16:00:00,EUR_USD,0.23030933055947192,0,-1.0,2.0,D1
0,406,2023-07-03 04:00:00,CAD_CHF,0.08161399622299316,0,-1.0,2.0,D1
0,407,2023-07-05 12:00:00,GBP_NZD,0.3469454454375455,0,5.646623228,2.0,D1
0,408,2023-07-06 20:00:00,EUR_NZD,0.18248651585705974,0,-1.0,2.0,D1
0,409,2023-07-10 08:00:00,USD_CHF,0.05970440371089742,0,-1.0,2.0,D1
0,410,2023-07-10 20:00:00,NZD_JPY,0.1703226941643283,0,-1.0,2.0,D1
0,411,2023-07-12 16:00:00,USD_CAD,0.2444166443295951,0,-1.0,2.0,D1
0,412,2023-07-13 20:00:00,EUR_AUD,0.34592634594905364,0,4.244717405,2.0,D1
0,413,2023-07-17 16:00:00,NZD_JPY,0.17766950669039092,0,-1.0,2.0,D1
0,414,2023-07-18 12:00:00,USD_CAD,0.1487286758321277,0,-1.0,2.0,D1
0,415,2023-07-21 12:00:00,GBP_AUD,0.23484215250776885,0,1.358369543,2.0,D1
0,416,2023-07-25 12:00:00,NZD_CAD,0.1233792006178132,0,-1.0,2.0,D1
0,417,2023-07-28 16:00:00,GBP_JPY,0.16628753223062848,0,0.6561761455,2.0,D1
0,418,2023-07-28 20:00:00,AUD_JPY,0.09240069702459436,0,1.224794178,2.0,D1
0,419,2023-07-28 20:00:00,NZD_JPY,0.05994033636112684,0,1.266323317,2.0,D1
0,420,2023-07-28 20:00:00,NZD_USD,0.12399959631543511,0,-1.0,2.0,D1
0,421,2023-07-31 04:00:00,AUD_CAD,0.05222887959050021,0,-1.0,2.0,D1
0,422,2023-08-02 00:00:00,AUD_USD,0.08820458221910064,0,-1.0,2.0,D1
0,423,2023-08-03 20:00:00,GBP_CHF,0.11297992786582396,0,0.5512300032,2.0,D1
0,424,2023-08-14 04:00:00,CAD_CHF,0.06532028979958236,0,-1.0,2.0,D1
0,425,2023-08-14 20:00:00,EUR_USD,0.06303368197387849,0,-1.0,2.0,D1
0,426,2023-08-15 04:00:00,EUR_GBP,0.3134008816365184,0,-1.0,2.0,D1
0,427,2023-08-17 16:00:00,EUR_CHF,0.0500620181555651,0,-1.0,2.0,D1
0,428,2023-08-23 04:00:00,CAD_CHF,0.040981137679881596,0,-1.0,2.0,D1
0,429,2023-08-23 16:00:00,EUR_CAD,0.35263134547566544,0,-1.0,2.0,D1
0,430,2023-08-25 16:00:00,EUR_CHF,0.10528510259692345,0,-1.0,2.0,D1
0,431,2023-08-28 12:00:00,CAD_CHF,0.09384856443225535,0,-1.0,2.0,D1
0,432,2023-08-30 20:00:00,USD_CHF,0.1122314003535923,0,3.337044508,2.0,D1
0,433,2023-09-01 04:00:00,CHF_JPY,0.182097541522221,0,-1.0,2.0,D1
0,434,2023-09-01 04:00:00,EUR_NZD,0.294195196545713,0,-1.0,2.0,D1
0,435,2023-09-05 04:00:00,GBP_NZD,0.2601799769231561,0,-1.0,2.0,D1
0,436,2023-09-05 20:00:00,AUD_USD,0.07049359222190608,0,-1.0,2.0,D1
0,437,2023-09-06 00:00:00,NZD_CAD,0.12684095851379978,0,-1.0,2.0,D1
0,438,2023-09-08 04:00:00,GBP_CAD,0.3167613602019104,0,-1.0,2.0,D1
0,439,2023-09-11 20:00:00,EUR_JPY,0.3424569479547067,0,-1.0,2.0,D1
0,440,2023-09-15 04:00:00,AUD_CAD,0.07628045159328192,0,-1.0,2.0,D1
0,441,2023-09-15 04:00:00,EUR_CHF,0.09085243154645424,0,-1.0,2.0,D1
0,442,2023-09-22 04:00:00,AUD_NZD,0.20322397632393702,0,-1.0,2.0,D1
0,443,2023-09-22 16:00:00,AUD_CAD,0.06413759705233033,0,-1.0,2.0,D1
0,444,2023-10-03 04:00:00,GBP_JPY,0.15431829000197173,0,-1.0,2.0,D1
0,445,2023-10-03 12:00:00,AUD_JPY,0.3769303710668836,0,-1.0,2.0,D1
0,446,2023-10-04 00:00:00,NZD_USD,0.07139160464008999,0,-1.0,2.0,D1
0,447,2023-10-05 04:00:00,EUR_GBP,0.27532500570433444,0,-1.0,2.0,D1
0,448,2023-10-06 20:00:00,AUD_JPY,0.23398786659236656,0,-1.0,2.0,D1
0,449,2023-10-06 20:00:00,EUR_JPY,0.25363954850628057,0,-1.0,2.0,D1
0,450,2023-10-10 00:00:00,GBP_CHF,0.32268256316921695,0,-1.0,2.0,D1
0,451,2023-10-11 12:00:00,EUR_GBP,0.21265632864579145,0,-1.0,2.0,D1
0,452,2023-10-13 16:00:00,AUD_CAD,0.08108511199563376,0,-1.0,2.0,D1
1,453,2023-10-19 16:00:00,GBP_USD,0.16698858123282678,0,8.735343419,2.0,D1
1,454,2023-10-20 20:00:00,NZD_CAD,0.06481876167346277,0,6.944910503,2.0,D1
1,455,2023-10-23 16:00:00,AUD_USD,0.022369020380891697,0,8.708455803,2.0,D1
1,456,2023-10-25 08:00:00,EUR_AUD,0.32813887670083963,0,-1.0,2.0,D1
1,457,2023-10-25 12:00:00,GBP_AUD,0.40146185691525704,0,-1.0,2.0,D1
1,458,2023-10-30 04:00:00,GBP_JPY,0.3607541522096287,0,-1.0,2.0,D1
1,459,2023-10-31 04:00:00,USD_JPY,0.22226151772485792,0,-1.0,2.0,D1
1,460,2023-11-02 00:00:00,EUR_NZD,0.1329846936610162,0,-1.0,2.0,D1
1,461,2023-11-02 00:00:00,EUR_USD,0.1821321554960252,0,7.529543361,2.0,D1
1,462,2023-11-06 20:00:00,USD_CAD,0.2823249930055501,0,-1.0,2.0,D1
1,463,2023-11-07 08:00:00,EUR_AUD,0.32899965679765125,0,-1.0,2.0,D1
1,464,2023-11-07 08:00:00,GBP_NZD,0.1903946690213038,0,-1.0,2.0,D1
1,465,2023-11-08 04:00:00,AUD_NZD,0.28751937641659686,0,-1.0,2.0,D1
1,466,2023-11-08 20:00:00,EUR_NZD,0.1838416612904383,0,-1.0,2.0,D1
1,467,2023-11-13 20:00:00,AUD_NZD,0.19838290610286205,0,-1.0,2.0,D1
1,468,2023-11-16 12:00:00,GBP_CHF,0.40506397650592396,0,-1.0,2.0,D1
1,469,2023-11-17 04:00:00,AUD_NZD,0.25791777776965075,0,-1.0,2.0,D1
1,470,2023-11-21 12:00:00,GBP_NZD,0.22161157202193013,0,-1.0,2.0,D1
1,471,2023-11-22 16:00:00,EUR_GBP,0.12554989673508557,0,-1.0,2.0,D1
1,472,2023-11-23 08:00:00,EUR_CHF,0.21838181494955125,0,-1.0,2.0,D1
1,473,2023-11-27 20:00:00,EUR_NZD,0.3529000574797865,0,-1.0,2.0,D1
1,474,2023-11-29 12:00:00,GBP_NZD,0.4283569612319545,0,-1.0,2.0,D1
1,475,2023-11-30 16:00:00,EUR_JPY,0.2575091767791283,0,-1.0,2.0,D1
1,476,2023-12-04 08:00:00,GBP_AUD,0.3844615276357903,0,-1.0,2.0,D1
1,477,2023-12-05 20:00:00,NZD_JPY,0.10792471716568967,0,-1.0,2.0,D1
1,478,2023-12-06 04:00:00,AUD_JPY,0.3893522926325838,0,-1.0,2.0,D1
1,479,2023-12-07 16:00:00,GBP_CHF,0.10862274732891126,0,-1.0,2.0,D1
1,480,2023-12-08 20:00:00,GBP_CAD,0.48812733365642813,0,-1.0,2.0,D1
1,481,2023-12-13 16:00:00,NZD_CHF,0.12395777268547205,0,-1.0,2.0,D1
1,482,2023-12-14 16:00:00,EUR_AUD,0.24634524817113213,0,-1.0,2.0,D1
1,483,2023-12-14 16:00:00,GBP_CAD,0.4553985791514396,0,-1.0,2.0,D1
1,484,2023-12-20 04:00:00,CAD_CHF,0.1736782514743453,0,-1.0,2.0,D1
1,485,2023-12-28 20:00:00,GBP_JPY,0.3843813489628215,0,8.085404628,2.0,D1
1,486,2023-12-29 20:00:00,AUD_NZD,0.25197522564765396,0,-1.0,2.0,D1
1,487,2024-01-02 20:00:00,GBP_USD,0.20450831180554732,0,-1.0,2.0,D1
1,488,2024-01-05 00:00:00,NZD_CAD,0.18395466383761133,0,-1.0,2.0,D1
1,489,2024-01-10 16:00:00,AUD_NZD,0.1156968397750774,0,-1.0,2.0,D1
1,490,2024-01-15 16:00:00,NZD_USD,0.11385423073713546,0,-1.0,2.0,D1
1,491,2024-01-18 00:00:00,EUR_USD,0.27159402630200896,0,-1.0,2.0,D1
1,492,2024-01-18 20:00:00,AUD_NZD,0.10138867791536617,0,-1.0,2.0,D1
1,493,2024-01-23 04:00:00,NZD_JPY,0.5319906504366945,0,-1.0,2.0,D1
1,494,2024-01-26 20:00:00,USD_CAD,0.28877720596077194,0,-1.0,2.0,D1
1,495,2024-01-30 04:00:00,USD_CHF,0.2692926896673536,0,-1.0,2.0,D1
1,496,2024-01-30 16:00:00,EUR_CAD,0.19246295307925065,0,-1.0,2.0,D1
1,497,2024-01-31 12:00:00,AUD_CHF,0.049229482857579,0,-1.0,2.0,D1
1,498,2024-02-01 00:00:00,USD_JPY,0.34713510406702885,0,3.97322686,2.0,D1
1,499,2024-02-01 08:00:00,USD_CAD,0.3374700222563682,0,-1.0,2.0,D1
1,500,2024-02-01 12:00:00,CHF_JPY,0.24343693452886683,0,-1.0,2.0,D1
1,501,2024-02-01 20:00:00,CAD_JPY,0.415032569475048,0,3.320019696,2.0,D1
1,502,2024-02-02 16:00:00,USD_CHF,0.13425981657999997,0,6.044104156,2.0,D1
2,503,2024-02-06 20:00:00,AUD_CHF,0.16067924292950778,0,4.958669241999999,3.0,E
2,504,2024-02-07 08:00:00,EUR_NZD,0.31849369237514663,0,-1.0,3.0,E
2,505,2024-02-07 08:00:00,GBP_NZD,0.36887489896756853,0,-1.0,3.0,E
2,506,2024-02-13 08:00:00,EUR_NZD,0.2711904123389108,0,-1.0,3.0,E
2,507,2024-02-14 12:00:00,EUR_GBP,0.22531982591665328,0,0.35885477639999996,3.0,E
2,508,2024-02-19 20:00:00,EUR_AUD,0.3040033973520809,0,-1.0,3.0,E
2,509,2024-02-20 04:00:00,GBP_AUD,0.2902393495727927,0,-1.0,3.0,E
2,510,2024-02-23 12:00:00,GBP_AUD,0.4400128402298726,0,-1.0,3.0,E
2,511,2024-03-07 08:00:00,GBP_JPY,0.37774461577920676,0,3.583246287333333,3.0,E
2,512,2024-03-07 20:00:00,EUR_JPY,0.2559933616825226,0,-1.0,3.0,E
2,513,2024-03-08 20:00:00,USD_CAD,0.15612843075872093,0,2.666639302,3.0,E
2,514,2024-03-11 00:00:00,AUD_JPY,0.4212304906277214,0,4.979585394666667,3.0,E
2,515,2024-03-13 12:00:00,GBP_JPY,0.4964606853119226,0,3.055319188666666,3.0,E
2,516,2024-03-13 16:00:00,EUR_JPY,0.5825889363449415,1,3.905545027333333,3.0,E
2,517,2024-03-18 08:00:00,NZD_CAD,0.09511434633942482,0,-1.0,3.0,E
2,518,2024-03-21 00:00:00,NZD_USD,0.23530270298482367,0,-1.0,3.0,E
2,519,2024-03-22 16:00:00,GBP_USD,0.22304166041917756,0,-1.0,3.0,E
2,520,2024-03-28 16:00:00,AUD_USD,0.14763476539576997,0,-1.0,3.0,E
2,521,2024-03-28 16:00:00,EUR_USD,0.1557250577746033,0,-1.0,3.0,E
2,522,2024-03-29 16:00:00,AUD_CAD,0.22994336881543362,0,-1.0,3.0,E
2,523,2024-04-01 04:00:00,EUR_GBP,0.12047151317910178,0,-1.0,3.0,E
2,524,2024-04-03 20:00:00,EUR_USD,0.2010525695903276,0,-1.0,3.0,E
2,525,2024-04-04 12:00:00,EUR_CAD,0.18731926128214152,0,-1.0,3.0,E
2,526,2024-04-05 04:00:00,CAD_CHF,0.1292971490865491,0,-1.0,3.0,E
2,527,2024-04-08 04:00:00,EUR_AUD,0.27904261724166496,0,-1.0,3.0,E
2,528,2024-04-12 20:00:00,GBP_CHF,0.2998466542857866,0,-1.0,3.0,E
2,529,2024-04-15 00:00:00,CAD_JPY,0.30611381431635915,0,3.389477404,3.0,E
2,530,2024-04-16 00:00:00,EUR_AUD,0.31097139410836905,0,-1.0,3.0,E
2,531,2024-04-17 16:00:00,AUD_CHF,0.21287000378559073,0,-1.0,3.0,E
2,532,2024-04-19 12:00:00,GBP_CAD,0.18259445231823532,0,-1.0,3.0,E
2,533,2024-04-23 04:00:00,NZD_CHF,0.2179837959280624,0,0.7230537466666667,3.0,E
2,534,2024-04-23 12:00:00,EUR_CAD,0.1554662028275038,0,1.4482174793333331,3.0,E
2,535,2024-04-24 04:00:00,GBP_CHF,0.3329067592054124,0,-1.0,3.0,E
2,536,2024-04-25 12:00:00,GBP_CAD,0.3160492209485443,0,2.313500197333333,3.0,E
2,537,2024-05-02 04:00:00,CHF_JPY,0.2807895352829412,0,2.7921399526666666,3.0,E
2,538,2024-05-06 08:00:00,USD_JPY,0.1510113340418565,0,2.69111358,3.0,E
2,539,2024-05-08 08:00:00,USD_CHF,0.3699858855818556,0,-1.0,3.0,E
2,540,2024-05-10 04:00:00,EUR_NZD,0.22720419295245164,0,-1.0,3.0,E
2,541,2024-05-30 04:00:00,AUD_CHF,0.1761638899515434,0,-1.0,3.0,E
2,542,2024-05-30 04:00:00,CAD_CHF,0.11731162188742277,0,-1.0,3.0,E
2,543,2024-05-30 12:00:00,AUD_USD,0.1713058308442499,0,-1.0,3.0,E
2,544,2024-05-30 12:00:00,EUR_USD,0.11975926631976783,0,-1.0,3.0,E
2,545,2024-06-03 08:00:00,USD_CAD,0.10768593180883133,0,3.001197917333333,3.0,E
2,546,2024-06-03 20:00:00,GBP_NZD,0.3299160888768076,0,9.429520906666667,3.0,E
2,547,2024-06-04 00:00:00,EUR_CHF,0.11901918084723849,0,-1.0,3.0,E
2,548,2024-06-05 08:00:00,AUD_JPY,0.17949920560994095,0,-1.0,3.0,E
2,549,2024-06-07 16:00:00,GBP_NZD,0.3011687799881647,0,-1.0,3.0,E
2,550,2024-06-11 20:00:00,EUR_AUD,0.3094464006369536,0,-1.0,3.0,E
2,551,2024-06-14 20:00:00,EUR_JPY,0.3496434250936444,0,-1.0,3.0,E
2,552,2024-06-17 20:00:00,GBP_USD,0.1899631369131943,0,-1.0,3.0,E
3,553,2024-06-18 04:00:00,NZD_CAD,0.17911366803766182,0,-1.0,3.0,D1
3,554,2024-06-18 16:00:00,NZD_USD,0.2597853444095197,0,-1.0,3.0,D1
3,555,2024-06-21 16:00:00,NZD_CAD,0.16151549412725888,0,-1.0,3.0,D1
3,556,2024-06-25 20:00:00,GBP_AUD,0.32220771549430915,0,-1.0,3.0,D1
3,557,2024-06-26 04:00:00,AUD_CAD,0.22954277596384906,0,-1.0,3.0,D1
3,558,2024-06-28 12:00:00,AUD_USD,0.2036767720257014,0,-1.0,3.0,D1
3,559,2024-07-10 16:00:00,NZD_CHF,0.19632043742883465,0,-1.0,3.0,D1
3,560,2024-07-17 04:00:00,NZD_USD,0.1662518271546628,0,-1.0,3.0,D1
3,561,2024-07-19 08:00:00,EUR_CHF,0.17531887832567253,0,-1.0,3.0,D1
3,562,2024-07-22 04:00:00,GBP_CHF,0.24454338800798786,0,-1.0,3.0,D1
3,563,2024-07-25 16:00:00,AUD_NZD,0.15069214982846477,0,-1.0,3.0,D1
3,564,2024-08-02 16:00:00,GBP_CAD,0.18565430784092918,0,-1.0,3.0,D1
3,565,2024-08-06 08:00:00,USD_CAD,0.17381019587204402,0,-1.0,3.0,D1
3,566,2024-08-14 08:00:00,EUR_NZD,0.3254043303459317,0,-1.0,3.0,D1
3,567,2024-08-26 08:00:00,CAD_JPY,0.3694377143317568,0,-1.0,3.0,D1
3,568,2024-08-26 12:00:00,AUD_NZD,0.2805826227814832,0,-1.0,3.0,D1
3,569,2024-08-26 20:00:00,EUR_JPY,0.3305845939262838,0,-1.0,3.0,D1
3,570,2024-08-29 00:00:00,EUR_CAD,0.3533160152389466,0,-1.0,3.0,D1
3,571,2024-08-29 04:00:00,CAD_CHF,0.330918313111977,0,-1.0,3.0,D1
3,572,2024-08-29 04:00:00,GBP_CHF,0.3268151379659525,0,-1.0,3.0,D1
3,573,2024-09-02 20:00:00,AUD_NZD,0.20390438702511485,0,-1.0,3.0,D1
3,574,2024-09-03 08:00:00,GBP_NZD,0.36310369518207075,0,-1.0,3.0,D1
3,575,2024-09-04 04:00:00,EUR_CAD,0.16016946744342817,0,-1.0,3.0,D1
3,576,2024-09-04 16:00:00,AUD_CHF,0.1359878480663837,0,-1.0,3.0,D1
3,577,2024-09-04 16:00:00,AUD_JPY,0.2863568453876946,0,-1.0,3.0,D1
3,578,2024-09-05 04:00:00,CHF_JPY,0.427202881285369,0,-1.0,3.0,D1
3,579,2024-09-05 04:00:00,USD_JPY,0.14130437252213388,0,-1.0,3.0,D1
3,580,2024-09-06 00:00:00,NZD_JPY,0.3015589791644445,0,-1.0,3.0,D1
3,581,2024-09-06 16:00:00,EUR_CHF,0.3302990771946751,0,-1.0,3.0,D1
3,582,2024-09-09 20:00:00,GBP_USD,0.11439539542136234,0,-1.0,3.0,D1
3,583,2024-09-09 20:00:00,NZD_CHF,0.18495684512327135,0,-1.0,3.0,D1
3,584,2024-09-10 08:00:00,EUR_USD,0.31550561944774097,0,-1.0,3.0,D1
3,585,2024-09-13 20:00:00,NZD_CHF,0.23827263459461012,0,-1.0,3.0,D1
3,586,2024-09-25 08:00:00,AUD_NZD,0.2524568544399899,0,2.5711818306666663,3.0,D1
3,587,2024-09-25 20:00:00,USD_CAD,0.16994777096762723,0,5.981933082666666,3.0,D1
3,588,2024-10-02 12:00:00,EUR_CAD,0.21192523151862974,0,-1.0,3.0,D1
3,589,2024-10-03 04:00:00,GBP_NZD,0.35560189296115935,0,-1.0,3.0,D1
3,590,2024-10-08 00:00:00,AUD_CAD,0.40385351630541705,0,-1.0,3.0,D1
3,591,2024-10-16 08:00:00,NZD_JPY,0.3789711135593298,0,-1.0,3.0,D1
3,592,2024-10-18 08:00:00,GBP_USD,0.21493554078746027,0,-1.0,3.0,D1
3,593,2024-10-18 20:00:00,EUR_AUD,0.35983109807349173,0,-1.0,3.0,D1
3,594,2024-10-23 04:00:00,EUR_CHF,0.2808505021878076,0,-1.0,3.0,D1
3,595,2024-10-23 04:00:00,EUR_NZD,0.2795037985956467,0,-1.0,3.0,D1
3,596,2024-10-24 04:00:00,AUD_CHF,0.119228233590086,0,-1.0,3.0,D1
3,597,2024-10-24 12:00:00,NZD_CAD,0.19996120271308826,0,-1.0,3.0,D1
3,598,2024-10-29 04:00:00,CAD_CHF,0.2201010768959949,0,-1.0,3.0,D1
3,599,2024-10-30 12:00:00,NZD_CAD,0.32102645113001876,0,-1.0,3.0,D1
3,600,2024-10-30 16:00:00,AUD_CAD,0.24347854062588017,0,-1.0,3.0,D1
3,601,2024-11-01 12:00:00,CAD_CHF,0.08681531175950691,0,0.36669727713333333,3.0,D1
3,602,2024-11-01 12:00:00,GBP_CHF,0.2546638190843523,0,1.1373062813333332,3.0,D1
4,603,2024-11-05 04:00:00,AUD_CAD,0.1812325022833222,0,-1.0,3.0,D1
4,604,2024-11-05 12:00:00,NZD_CAD,0.24830027381702385,0,-1.0,3.0,D1
4,605,2024-11-07 16:00:00,EUR_USD,0.26121738270558187,0,-1.0,3.0,D1
4,606,2024-11-08 04:00:00,GBP_NZD,0.2991669019570918,0,2.7127253246666663,3.0,D1
4,607,2024-11-12 20:00:00,EUR_GBP,0.16268058549177694,0,-1.0,3.0,D1
4,608,2024-11-18 00:00:00,AUD_JPY,0.5114170429859616,0,-1.0,3.0,D1
4,609,2024-11-18 04:00:00,CHF_JPY,0.3611552048398618,0,-1.0,3.0,D1
4,610,2024-11-18 12:00:00,EUR_JPY,0.36060344732247396,0,-1.0,3.0,D1
4,611,2024-11-18 12:00:00,GBP_JPY,0.30991163557127116,0,-1.0,3.0,D1
4,612,2024-11-19 20:00:00,GBP_AUD,0.224594724482506,0,-1.0,3.0,D1
4,613,2024-11-22 16:00:00,EUR_NZD,0.2911527908022708,0,3.2968279713333333,3.0,D1
4,614,2024-11-26 12:00:00,CAD_JPY,0.48128944153585196,0,-1.0,3.0,D1
4,615,2024-11-26 12:00:00,EUR_AUD,0.4215503790984539,0,2.7588447486666667,3.0,D1
4,616,2024-11-27 04:00:00,AUD_CHF,0.1804708530463877,0,-1.0,3.0,D1
4,617,2024-11-27 16:00:00,GBP_AUD,0.34486971498328617,0,0.9577411499999999,3.0,D1
4,618,2024-11-28 00:00:00,AUD_NZD,0.16749541425716163,0,0.8874675473333333,3.0,D1
4,619,2024-11-28 00:00:00,USD_CHF,0.08930824743833111,0,-1.0,3.0,D1
4,620,2024-12-04 20:00:00,EUR_GBP,0.15908114937151774,0,-1.0,3.0,D1
4,621,2024-12-09 12:00:00,AUD_CAD,0.2848575522137462,0,-1.0,3.0,D1
4,622,2024-12-09 12:00:00,NZD_CHF,0.0683751004887169,0,-1.0,3.0,D1
4,623,2024-12-10 12:00:00,USD_CHF,0.22998135066912137,0,3.1327015153333333,3.0,D1
4,624,2024-12-10 20:00:00,AUD_NZD,0.27993072800014035,0,0.7254689133333333,3.0,D1
4,625,2024-12-12 20:00:00,EUR_USD,0.4974053997599524,0,-1.0,3.0,D1
4,626,2024-12-13 12:00:00,EUR_GBP,0.25506008438392686,0,-1.0,3.0,D1
4,627,2024-12-17 00:00:00,AUD_CAD,0.4335568268115066,0,-1.0,3.0,D1
4,628,2025-01-02 00:00:00,EUR_GBP,0.18609111243497498,0,0.20609184893333332,3.0,D1
4,629,2025-01-02 04:00:00,EUR_CAD,0.25758153916464027,0,-1.0,3.0,D1
4,630,2025-01-02 04:00:00,GBP_USD,0.32264744203123863,0,-1.0,3.0,D1
4,631,2025-01-03 00:00:00,GBP_NZD,0.21147292108674495,0,-1.0,3.0,D1
4,632,2025-01-06 20:00:00,GBP_CAD,0.26029450315192565,0,-1.0,3.0,D1
4,633,2025-01-06 20:00:00,USD_CAD,0.1154355682427961,0,-1.0,3.0,D1
4,634,2025-01-07 12:00:00,EUR_CAD,0.23316389644568056,0,-1.0,3.0,D1
4,635,2025-01-09 20:00:00,GBP_JPY,0.4876424867742026,0,-1.0,3.0,D1
4,636,2025-01-14 00:00:00,AUD_JPY,0.48119116137750817,0,-1.0,3.0,D1
4,637,2025-01-14 00:00:00,EUR_JPY,0.4578651290280202,0,-1.0,3.0,D1
4,638,2025-01-14 00:00:00,NZD_JPY,0.5587219519019079,1,-1.0,3.0,D1
4,639,2025-01-14 12:00:00,CHF_JPY,0.5892815174812439,1,-1.0,3.0,D1
4,640,2025-01-15 20:00:00,USD_JPY,0.3615645674212102,0,-1.0,3.0,D1
4,641,2025-01-16 08:00:00,CAD_JPY,0.4267933873474098,0,-1.0,3.0,D1
4,642,2025-01-20 12:00:00,EUR_JPY,0.6488123799658639,1,-1.0,3.0,D1
4,643,2025-01-20 16:00:00,AUD_JPY,0.5256230516240177,0,-1.0,3.0,D1
4,644,2025-01-20 16:00:00,NZD_JPY,0.48685491547980875,0,-1.0,3.0,D1
4,645,2025-01-22 00:00:00,CAD_JPY,0.604780898731351,1,-1.0,3.0,D1
4,646,2025-01-22 20:00:00,CHF_JPY,0.5889636944178833,1,-1.0,3.0,D1
4,647,2025-01-22 20:00:00,USD_JPY,0.6075738428766173,1,-1.0,3.0,D1
4,648,2025-01-28 00:00:00,CAD_CHF,0.16877374024155067,0,-1.0,3.0,D1
4,649,2025-01-29 08:00:00,AUD_CHF,0.14170052619482187,0,-1.0,3.0,D1
4,650,2025-02-03 08:00:00,EUR_CHF,0.21849625996301905,0,2.0964970126666667,3.0,D1
4,651,2025-02-03 12:00:00,NZD_CHF,0.22239316052434377,0,-1.0,3.0,D1
4,652,2025-02-03 16:00:00,NZD_USD,0.1472517003124968,0,1.1141331713333331,3.0,D1
5,653,2025-02-03 20:00:00,AUD_CHF,0.21609287211516792,0,-1.0,3.0,E
5,654,2025-02-03 20:00:00,AUD_USD,0.25003765421413066,0,0.6840398193333332,3.0,E
5,655,2025-02-06 08:00:00,EUR_NZD,0.23709520101680107,0,-1.0,3.0,E
5,656,2025-02-11 04:00:00,NZD_CAD,0.180487807487085,0,-1.0,3.0,E
5,657,2025-02-11 20:00:00,EUR_NZD,0.43667305195715583,0,-1.0,3.0,E
5,658,2025-02-12 12:00:00,EUR_AUD,0.27014892804447604,0,-1.0,3.0,E
5,659,2025-02-12 20:00:00,AUD_CAD,0.29741461645705713,0,-1.0,3.0,E
5,660,2025-02-14 12:00:00,NZD_CAD,0.38816758109774036,0,-1.0,3.0,E
5,661,2025-02-17 08:00:00,USD_CHF,0.18461674443604775,0,-1.0,3.0,E
5,662,2025-02-21 04:00:00,CAD_CHF,0.1886146035666117,0,-1.0,3.0,E
5,663,2025-02-24 08:00:00,CAD_JPY,0.21398258728508693,0,-1.0,3.0,E
5,664,2025-02-28 08:00:00,CHF_JPY,0.3299255163017776,0,3.2287571139999995,3.0,E
5,665,2025-02-28 08:00:00,GBP_JPY,0.3307344362154662,0,-1.0,3.0,E
5,666,2025-02-28 16:00:00,EUR_USD,0.28454700988210313,0,11.63960818,3.0,E
5,667,2025-03-03 12:00:00,EUR_JPY,0.3588335300123813,0,2.5680860353333332,3.0,E
5,668,2025-03-05 20:00:00,NZD_CHF,0.10985721751034426,0,-1.0,3.0,E
5,669,2025-03-07 08:00:00,AUD_NZD,0.0812141865840292,0,-1.0,3.0,E
5,670,2025-03-10 16:00:00,GBP_CHF,0.34074002792080504,0,-1.0,3.0,E
5,671,2025-03-19 12:00:00,GBP_NZD,0.26965400966942554,0,-1.0,3.0,E
5,672,2025-03-21 00:00:00,AUD_CAD,0.43042518742424235,0,-1.0,3.0,E
5,673,2025-03-21 04:00:00,EUR_GBP,0.06715702134486222,0,-1.0,3.0,E
5,674,2025-03-25 00:00:00,GBP_CAD,0.21688744964613133,0,-1.0,3.0,E
5,675,2025-03-26 16:00:00,USD_CAD,0.3676900718353515,0,-1.0,3.0,E
5,676,2025-03-26 20:00:00,EUR_AUD,0.3730912082187534,0,3.671576276,3.0,E
5,677,2025-03-31 20:00:00,AUD_JPY,0.25825980561258055,0,-1.0,3.0,E
5,678,2025-03-31 20:00:00,EUR_GBP,0.19434236834739174,0,-1.0,3.0,E
5,679,2025-04-01 08:00:00,AUD_CHF,0.14331215076177392,0,-1.0,3.0,E
5,680,2025-04-01 20:00:00,NZD_JPY,0.32157183428273106,0,-1.0,3.0,E
5,681,2025-04-02 16:00:00,AUD_CAD,0.3146838254349162,0,-1.0,3.0,E
5,682,2025-04-03 04:00:00,NZD_USD,0.17656347931640742,0,-1.0,3.0,E
5,683,2025-04-03 20:00:00,CAD_CHF,0.24928373812266835,0,-1.0,3.0,E
5,684,2025-04-04 00:00:00,EUR_CHF,0.35490503763790904,0,-1.0,3.0,E
5,685,2025-04-04 04:00:00,CAD_JPY,0.4072631991065107,0,-1.0,3.0,E
5,686,2025-04-07 04:00:00,GBP_USD,0.3066454726177975,0,-1.0,3.0,E
5,687,2025-04-10 00:00:00,CAD_JPY,0.30446155604779035,0,-1.0,3.0,E
5,688,2025-04-10 12:00:00,GBP_NZD,0.4300708754432928,0,-0.45494919186666666,3.0,E
5,689,2025-04-10 16:00:00,GBP_USD,0.41143137675694263,0,3.425154676,3.0,E
5,690,2025-04-23 12:00:00,EUR_NZD,0.28509047853441694,0,-1.0,3.0,E
5,691,2025-04-23 20:00:00,GBP_AUD,0.23948635034315033,0,-1.0,3.0,E
5,692,2025-04-25 08:00:00,EUR_GBP,0.13903536156875648,0,-1.0,3.0,E
5,693,2025-05-01 12:00:00,EUR_USD,0.26742319860219177,0,-1.0,3.0,E
5,694,2025-05-02 12:00:00,EUR_GBP,0.2081548434487421,0,-1.0,3.0,E
5,695,2025-05-05 16:00:00,EUR_CAD,0.3009367244154237,0,-1.0,3.0,E
5,696,2025-05-06 20:00:00,EUR_JPY,0.3671097781981627,0,4.921994231333333,3.0,E
5,697,2025-05-08 00:00:00,USD_CHF,0.2861417128794731,0,-1.0,3.0,E
5,698,2025-05-09 08:00:00,NZD_USD,0.17173522758266432,0,2.0519456006666665,3.0,E
5,699,2025-05-13 00:00:00,AUD_USD,0.21725734316318399,0,1.766853674,3.0,E
5,700,2025-05-16 08:00:00,NZD_JPY,0.25410410455025395,0,-1.0,3.0,E
5,701,2025-05-21 12:00:00,CAD_CHF,0.14045191366117413,0,-1.0,3.0,E
5,702,2025-05-22 20:00:00,NZD_CHF,0.0875858536857736,0,-1.0,3.0,E
6,703,2025-05-23 04:00:00,AUD_CAD,0.2797145637967465,0,-1.0,3.0,D1
6,704,2025-05-23 04:00:00,NZD_CAD,0.21439018965512624,0,0.014474507266666667,3.0,D1
6,705,2025-05-23 20:00:00,CAD_JPY,0.3620191716740302,0,3.6582651959999994,3.0,D1
6,706,2025-05-26 12:00:00,USD_JPY,0.20946773493983487,0,2.784874620666667,3.0,D1
6,707,2025-05-29 12:00:00,EUR_CAD,0.3245676527205555,0,3.0525210806666667,3.0,D1
6,708,2025-05-30 04:00:00,AUD_CHF,0.1448367410072571,0,-1.0,3.0,D1
6,709,2025-06-02 04:00:00,GBP_CHF,0.3924449604900973,0,-1.0,3.0,D1
6,710,2025-06-02 12:00:00,GBP_CAD,0.27080330685343934,0,-1.0,3.0,D1
6,711,2025-06-04 16:00:00,AUD_CAD,0.2902213196038641,0,-1.0,3.0,D1
6,712,2025-06-09 04:00:00,GBP_AUD,0.5380507203421755,0,-1.0,3.0,D1
6,713,2025-06-09 16:00:00,EUR_NZD,0.3880109081608525,0,4.8846674986666665,3.0,D1
6,714,2025-06-09 16:00:00,GBP_NZD,0.45794404661192817,0,-1.0,3.0,D1
6,715,2025-06-13 20:00:00,NZD_CHF,0.15973035874691244,0,-1.0,3.0,D1
6,716,2025-06-16 20:00:00,GBP_CHF,0.4345903070700793,0,-1.0,3.0,D1
6,717,2025-06-17 00:00:00,GBP_AUD,0.49209227413709705,0,-1.0,3.0,D1
6,718,2025-06-17 00:00:00,GBP_NZD,0.5593566704674849,1,1.1355963706666665,3.0,D1
6,719,2025-06-20 00:00:00,GBP_USD,0.21814656274210958,0,-1.0,3.0,D1
6,720,2025-07-01 04:00:00,EUR_CHF,0.34877350497772414,0,-1.0,3.0,D1
6,721,2025-07-08 20:00:00,GBP_USD,0.37234845910055425,0,-1.0,3.0,D1
6,722,2025-07-15 04:00:00,NZD_CAD,0.32342022270575477,0,-1.0,3.0,D1
6,723,2025-07-17 12:00:00,GBP_AUD,0.34713461829653264,0,-1.0,3.0,D1
6,724,2025-07-18 00:00:00,AUD_USD,0.37006091315083756,0,2.592869171333333,3.0,D1
6,725,2025-07-18 12:00:00,NZD_CAD,0.3228384117275311,0,-1.0,3.0,D1
6,726,2025-07-22 20:00:00,GBP_JPY,0.6626394140927845,1,-1.0,3.0,D1
6,727,2025-07-22 20:00:00,NZD_JPY,0.621766871007896,1,-1.0,3.0,D1
6,728,2025-07-23 20:00:00,GBP_NZD,0.48634247064609526,0,-1.0,3.0,D1
6,729,2025-07-24 16:00:00,USD_CHF,0.3851103580820653,0,-1.0,3.0,D1
6,730,2025-07-28 04:00:00,CAD_CHF,0.16501084140897693,0,-1.0,3.0,D1
6,731,2025-07-29 20:00:00,EUR_JPY,0.25670877927603025,0,-1.0,3.0,D1
6,732,2025-07-30 00:00:00,GBP_NZD,0.2562583563661795,0,4.268208964666666,3.0,D1
6,733,2025-07-30 04:00:00,EUR_USD,0.17713905240035033,0,-1.0,3.0,D1
6,734,2025-07-30 20:00:00,EUR_GBP,0.1800492671846565,0,1.5699332873333331,3.0,D1
6,735,2025-07-31 04:00:00,AUD_CAD,0.2734348616541251,0,3.4452764719999998,3.0,D1
6,736,2025-07-31 08:00:00,NZD_USD,0.12911904336972435,0,-1.0,3.0,D1
6,737,2025-08-01 04:00:00,AUD_NZD,0.10224927301574241,0,8.460058186666666,3.0,D1
6,738,2025-08-01 16:00:00,NZD_CAD,0.3731560042450644,0,-1.0,3.0,D1
6,739,2025-08-04 04:00:00,AUD_CHF,0.13872217284692667,0,0.129443919,3.0,D1
6,740,2025-08-04 08:00:00,AUD_JPY,0.31086827325820854,0,-1.0,3.0,D1
6,741,2025-08-04 08:00:00,CAD_JPY,0.31733409466727036,0,-1.0,3.0,D1
6,742,2025-08-14 16:00:00,USD_JPY,0.3954734247367824,0,-1.0,3.0,D1
6,743,2025-08-21 20:00:00,AUD_CHF,0.1045985921915125,0,-1.0,3.0,D1
6,744,2025-08-22 20:00:00,AUD_USD,0.1076194361341838,0,0.09659544406666666,3.0,D1
6,745,2025-08-29 08:00:00,USD_CAD,0.22357840609159849,0,4.298950319999999,3.0,D1
6,746,2025-08-29 16:00:00,GBP_CHF,0.2907011546902721,0,-1.0,3.0,D1
6,747,2025-08-29 16:00:00,GBP_JPY,0.543271376714183,0,3.9250645486666667,3.0,D1
6,748,2025-09-03 00:00:00,GBP_USD,0.2902895370514757,0,-1.0,3.0,D1
6,749,2025-09-04 00:00:00,EUR_AUD,0.2663626571406753,0,-1.0,3.0,D1
6,750,2025-09-04 00:00:00,GBP_CHF,0.3579244984524547,0,-1.0,3.0,D1
6,751,2025-09-08 04:00:00,NZD_CHF,0.23965175227820157,0,-1.0,3.0,D1
6,752,2025-09-08 20:00:00,EUR_NZD,0.36605716319096565,0,-1.0,3.0,D1
7,753,2025-09-09 04:00:00,EUR_CHF,0.1565843541838231,0,-1.0,2.0,D1
7,754,2025-09-10 12:00:00,GBP_AUD,0.217575697982329,0,-1.0,2.0,D1
7,755,2025-09-16 20:00:00,EUR_NZD,0.41067333812405815,0,7.720228397,2.0,D1
7,756,2025-09-17 20:00:00,GBP_AUD,0.14816439743881493,0,-1.0,2.0,D1
7,757,2025-09-18 00:00:00,CAD_JPY,0.4841930348452593,0,-1.0,2.0,D1
7,758,2025-09-19 12:00:00,NZD_JPY,0.40156897374952494,0,-1.0,2.0,D1
7,759,2025-09-25 12:00:00,NZD_JPY,0.5518713069207523,1,-1.0,2.0,D1
7,760,2025-09-26 04:00:00,EUR_USD,0.1856995953177114,0,-1.0,2.0,D1
7,761,2025-09-29 08:00:00,NZD_CAD,0.12758921720346666,0,-1.0,2.0,D1
7,762,2025-10-01 08:00:00,EUR_AUD,0.25270122669622347,0,-1.0,2.0,D1
7,763,2025-10-01 08:00:00,GBP_AUD,0.1080187975384225,0,-1.0,2.0,D1
7,764,2025-10-01 20:00:00,CHF_JPY,0.15589257163025969,0,10.39004884,2.0,D1
7,765,2025-10-06 16:00:00,EUR_CHF,0.16698141861859564,0,-1.0,2.0,D1
7,766,2025-10-10 20:00:00,EUR_CAD,0.14562517121569907,0,-1.0,2.0,D1
7,767,2025-10-10 20:00:00,GBP_CAD,0.27959614499828156,0,-1.0,2.0,D1
7,768,2025-10-13 04:00:00,AUD_CAD,0.19519798662718066,0,-1.0,2.0,D1
7,769,2025-10-13 04:00:00,AUD_NZD,0.13321216857505777,0,-1.0,2.0,D1
7,770,2025-10-16 08:00:00,USD_CHF,0.45929383516021544,0,-1.0,2.0,D1
7,771,2025-10-16 12:00:00,AUD_NZD,0.13961931008292494,0,-1.0,2.0,D1
7,772,2025-10-21 16:00:00,USD_CHF,0.36162969184308447,0,-1.0,2.0,D1
7,773,2025-10-22 04:00:00,EUR_GBP,0.09372075838715417,0,2.84319048,2.0,D1
7,774,2025-10-29 00:00:00,USD_CAD,0.16823798892500047,0,-1.0,2.0,D1
7,775,2025-10-29 20:00:00,GBP_JPY,0.507176102555836,0,-1.0,2.0,D1
7,776,2025-11-03 08:00:00,NZD_USD,0.19974842461733797,0,-1.0,2.0,D1
7,777,2025-11-05 08:00:00,CAD_JPY,0.3816172971082397,0,8.749319215,2.0,D1
7,778,2025-11-05 12:00:00,EUR_CAD,0.21057841229443144,0,-1.0,2.0,D1
7,779,2025-11-07 00:00:00,EUR_JPY,0.17331091028489556,0,8.591635,2.0,D1
7,780,2025-11-11 20:00:00,GBP_CHF,0.3039989287417269,0,-1.0,2.0,D1
7,781,2025-11-12 20:00:00,GBP_CAD,0.2283745895269191,0,1.184213385,2.0,D1
7,782,2025-11-13 04:00:00,AUD_CHF,0.13991359634653824,0,-1.0,2.0,D1
7,783,2025-11-14 00:00:00,USD_CHF,0.38271521590318824,0,-1.0,2.0,D1
7,784,2025-11-18 20:00:00,AUD_CHF,0.17207367809688828,0,1.836061885,2.0,D1
7,785,2025-11-19 16:00:00,GBP_CHF,0.3519808504846451,0,2.722356366,2.0,D1
7,786,2025-11-20 00:00:00,AUD_USD,0.2836299128538007,0,-1.0,2.0,D1
7,787,2025-11-20 16:00:00,GBP_USD,0.10942442303624661,0,5.529068067,2.0,D1
7,788,2025-11-24 08:00:00,AUD_CAD,0.19328553573762547,0,0.9553943614,2.0,D1
7,789,2025-11-25 16:00:00,AUD_USD,0.2336374091207775,0,5.191000425,2.0,D1
7,790,2025-11-27 16:00:00,EUR_AUD,0.3731979936076128,0,-1.0,2.0,D1
7,791,2025-12-01 08:00:00,USD_CAD,0.3712069387395458,0,-1.0,2.0,D1
7,792,2025-12-02 04:00:00,CHF_JPY,0.12953869179446204,0,-1.0,2.0,D1
7,793,2025-12-02 12:00:00,GBP_NZD,0.39979031600819703,0,-1.0,2.0,D1
7,794,2025-12-11 20:00:00,EUR_CAD,0.09971432065355254,0,-1.0,2.0,D1
7,795,2025-12-15 04:00:00,EUR_CHF,0.2338872724934369,0,-1.0,2.0,D1
7,796,2025-12-15 04:00:00,NZD_CAD,0.2189882127207601,0,-1.0,2.0,D1
7,797,2025-12-16 08:00:00,NZD_CHF,0.23995451920226457,0,-1.0,2.0,D1
7,798,2025-12-19 04:00:00,CAD_CHF,0.1604919641222651,0,0.2742763614,2.0,D1
7,799,2025-12-19 04:00:00,EUR_CHF,0.18500950845762176,0,-1.0,2.0,D1
7,800,2025-12-23 04:00:00,NZD_CAD,0.18862655903333636,0,-1.0,2.0,D1
7,801,2025-12-23 04:00:00,NZD_CHF,0.2635228084536281,0,-1.0,2.0,D1
7,802,2025-12-31 20:00:00,EUR_CHF,0.16063714240765103,0,-0.09255876159,2.0,D1
