config_id,arch,triage_folds,worst_triage_ratio,worst_triage_dd_base,worst_triage_dd_at_040,dropped_dd,f1_roi,f6_roi,f8_roi,f1_dd,f6_dd,f8_dd,f1_n,f6_n,f8_n
A1::A1::sl3.0::sl_only::exp2,A1,1+6+8,-0.7270594679383791,0.30417949494769025,0.24334359595815222,True,-0.22115658175443254,-0.18357844008632407,0.03833531877885488,0.30417949494769025,0.2683691284428652,0.07703196704366204,67.0,26,15
A1::A1::sl2.5::sl_only::exp2,A1,1+6+8,-0.7729376315807306,0.3502512806981947,0.2802010245585558,True,-0.2550546868678034,-0.19731332866630902,0.02762879565603371,0.3299809408246723,0.3502512806981947,0.10619933462527179,69.0,29,24
A1::A1::sl2.5::sl_only::expU,A1,1+6+8,-0.8905963749958962,0.7688352875984952,0.6150682300787962,True,-0.6222544491476686,-0.580973148211371,0.33903963110045,0.7688352875984952,0.652341694310229,0.19195228401452635,245.0,110,73
A1::A1::sl2.5::sl_plus_tp_2r::exp2,A1,1+6+8,-0.9108738003879768,0.3325833931059651,0.2660667144847721,True,-0.30294149922435887,-0.0961463187338043,0.10677959112863733,0.3325833931059651,0.13481020622830622,0.12378038303072553,277.0,253,265
A1::A1::sl3.5::sl_only::exp2,A1,1+6+8,-0.9161799832563668,0.27285001460281433,0.21828001168225147,True,-0.23351120193473962,-0.14684110529051464,0.010776275533721735,0.25487481303048526,0.27285001460281433,0.08839633288760639,57.0,18,20
A1::A1::sl3.0::sl_only::expU,A1,1+6+8,-0.9235650394962573,0.6996376760370886,0.5597101408296709,True,-0.5639496239474722,-0.5414175952873315,0.2835584488377303,0.6996376760370886,0.5862257362866814,0.14523472304971366,211.0,93,54
A1::A1::sl3.5::sl_only::expU,A1,1+6+8,-0.9330101807048108,0.6444742633817689,0.5155794107054151,True,-0.5256206848016781,-0.4909698869820225,0.30054960068146475,0.6444742633817689,0.5262213608549652,0.12305275366885658,186.0,77,38
A1::A1::sl3.5::sl_partial_close_1r_runner_trail::exp2,A1,1+6+8,-0.9341311410574689,0.23453102526895556,0.18762482021516447,True,-0.2190827342478675,-0.0561579595895253,0.08298634924703197,0.23453102526895556,0.1035861149204667,0.052012187394164626,195.0,155,171
A1::A1::sl3.0::sl_partial_close_1r_runner_trail::exp2,A1,1+6+8,-0.9425634306885767,0.30730962941699785,0.2458477035335983,True,-0.28965881858692066,-0.15120162549165972,-0.013233143688192395,0.30730962941699785,0.1704355113119302,0.07861012593585404,240.0,224,232
A1::A1::sl3.5::sl_plus_tp_2r::exp2,A1,1+6+8,-0.9430211832553423,0.2037208975756644,0.16297671806053152,True,-0.19211312188564345,-0.07007342382658888,-0.07467332049706821,0.2037208975756644,0.08806350361994268,0.13293983090277942,159.0,133,151
A1::A1::sl3.0::sl_plus_tp_2r::expU,A1,1+6+8,-0.9501974647367548,0.5070667086770175,0.405653366941614,True,-0.4818135010373127,-0.020321691821528653,-0.032424612938806385,0.5070667086770175,0.16209363207836142,0.19313661575422097,531.0,503,555
A1::A1::sl3.5::sl_partial_close_1r_runner_trail::expU,A1,1+6+8,-0.9517057264257021,0.5334523286971636,0.42676186295773094,True,-0.5076896359962165,-0.13230032554286386,0.049170894284921385,0.5334523286971636,0.1988168640396593,0.18685998891487737,522.0,449,529
A1::A1::sl2.5::sl_partial_close_1r_runner_trail::exp2,A1,1+6+8,-0.9541209588302227,0.3751800533208413,0.30014404265667305,True,-0.3579671522084552,-0.25278359198829914,-0.07148220087401613,0.3751800533208413,0.2665702292867615,0.13620389177901718,292.0,288,316
A1::A1::sl3.0::sl_partial_close_1r_runner_trail::expU,A1,1+6+8,-0.9561834174190715,0.5951608430995269,0.47612867447962154,True,-0.5690829288689214,-0.1598984832525493,-0.0852582680735664,0.5951608430995269,0.18877300522536006,0.2255458265728236,600.0,556,635
A1::A1::sl3.0::sl_plus_tp_2r::exp2,A1,1+6+8,-0.9569668225140119,0.21683608080530287,0.1734688646442423,True,-0.2075049352546422,0.09293892270959381,-0.09027929930707623,0.21683608080530287,0.07003761694657584,0.12572338652245907,192.0,179,199
A1::A1::sl3.5::sl_plus_tp_2r::expU,A1,1+6+8,-0.9630270491060556,0.546232410880102,0.4369859287040816,True,-0.5260365867759511,-0.03435800954661472,0.2162203491625161,0.546232410880102,0.13950727754684378,0.1615409698187974,451.0,403,448
A1::A1::sl2.5::sl_plus_tp_2r::expU,A1,1+6+8,-0.9655702380786995,0.6501417947694129,0.5201134358155304,True,-0.627757567560415,-0.0060715286750199216,-0.12607198280707665,0.6501417947694129,0.17712171179560737,0.2489766162128827,652.0,622,703
A1::A1::sl2.5::sl_partial_close_1r_runner_trail::expU,A1,1+6+8,-0.9707313393711272,0.6576722583306404,0.5261378066645123,True,-0.6384230721965365,-0.23923418852651845,-0.23247493854796542,0.6576722583306404,0.25237514087553825,0.30321592131753305,698.0,711,766
A4::A4::cl0::sl3.0::sl_partial_close_1r_runner_trail::expU::et0.3,A4,6+8,-0.9999999999999999,0.35752913931693536,0.2860233114535483,True,,-0.20802177530318144,-0.3575291393169353,,0.2094635218147574,0.35752913931693536,,1061,1084
A4::A4::cl0::sl3.0::sl_partial_close_1r_runner_trail::expU::et0.4,A4,6+8,-0.9999999999999999,0.35752913931693536,0.2860233114535483,True,,-0.2046935405089252,-0.3575291393169353,,0.20646899388298295,0.35752913931693536,,1061,1084
A4::A4::cl0::sl3.0::sl_partial_close_1r_runner_trail::expU::et0.5,A4,6+8,-0.9999999999999999,0.35752913931693536,0.2860233114535483,True,,-0.2046935405089252,-0.3575291393169353,,0.20646899388298295,0.35752913931693536,,1061,1084
A4::A4::cl0::sl2.5::sl_plus_tp_2r::exp2::et0.3,A4,6+8,-0.9999999999999999,0.3898332907498791,0.3118666325999033,True,,-0.21369536651700638,-0.38983329074987905,,0.215526398117457,0.3898332907498791,,941,970
A4::A4::cl0::sl3.0::sl_plus_tp_2r::expU::et0.4,A4,6+8,-0.9999999999999999,0.3581867278455632,0.2865493822764506,True,,-0.20083927719595918,-0.35818672784556316,,0.2026233348818792,0.3581867278455632,,1061,1084
A4::A4::cl0::sl3.0::sl_plus_tp_2r::expU::et0.5,A4,6+8,-0.9999999999999999,0.3581867278455632,0.2865493822764506,True,,-0.20083927719595918,-0.35818672784556316,,0.2026233348818792,0.3581867278455632,,1061,1084
A4::A4::cl0::sl3.0::sl_plus_tp_2r::expU::et0.3,A4,6+8,-0.9999999999999999,0.3581867278455632,0.2865493822764506,True,,-0.20841871241079335,-0.35818672784556316,,0.20984983390443077,0.3581867278455632,,1061,1084
A4::A4::cl0::sl2.5::sl_partial_close_1r_runner_trail::exp2::et0.3,A4,6+8,-1.0,0.3882693199166092,0.3106154559332874,True,,-0.21264495825801055,-0.3882693199166092,,0.2144976967517294,0.3882693199166092,,938,970
A4::A4::cl0::sl3.5::sl_plus_tp_2r::exp2::et0.5,A4,6+8,-1.0,0.2731420580475902,0.21851364643807214,True,,-0.14147364761441572,-0.2731420580475902,,0.14324988386881754,0.2731420580475902,,946,971
A4::A4::cl0::sl3.5::sl_plus_tp_2r::expU::et0.3,A4,6+8,-1.0,0.3011958901601839,0.24095671212814712,True,,-0.17729609902487298,-0.3011958901601839,,0.17890515841529372,0.3011958901601839,,1061,1084
A4::A4::cl0::sl2.5::sl_partial_close_1r_runner_trail::expU::et0.3,A4,6+8,-1.0,0.430537558100365,0.344430046480292,True,,-0.2553611467622108,-0.430537558100365,,0.2573133959511748,0.430537558100365,,1061,1084
A4::A4::cl0::sl2.5::sl_plus_tp_2r::expU::et0.5,A4,6+8,-1.0,0.42999351215836756,0.34399480972669405,True,,-0.23771567844790265,-0.42999351215836756,,0.2397019085424772,0.42999351215836756,,1061,1084
A4::A4::cl0::sl3.0::sl_partial_close_1r_runner_trail::exp2::et0.5,A4,6+8,-1.0,0.32115224548979815,0.25692179639183854,True,,-0.1707224605861598,-0.32115224548979815,,0.17270765191334658,0.32115224548979815,,946,971
A4::A4::cl0::sl3.0::sl_partial_close_1r_runner_trail::exp2::et0.4,A4,6+8,-1.0,0.32115224548979815,0.25692179639183854,True,,-0.1707224605861598,-0.32115224548979815,,0.17270765191334658,0.32115224548979815,,946,971
A4::A4::cl0::sl2.5::sl_plus_tp_2r::expU::et0.4,A4,6+8,-1.0,0.42999351215836756,0.34399480972669405,True,,-0.23771567844790265,-0.42999351215836756,,0.2397019085424772,0.42999351215836756,,1061,1084
A4::A4::cl0::sl3.0::sl_partial_close_1r_runner_trail::exp2::et0.3,A4,6+8,-1.0,0.32115224548979815,0.25692179639183854,True,,-0.17220408356934103,-0.32115224548979815,,0.17384457781006726,0.32115224548979815,,939,971
A4::A4::cl0::sl3.5::sl_partial_close_1r_runner_trail::expU::et0.3,A4,6+8,-1.0,0.3000493806367488,0.24003950450939904,True,,-0.18020266601861556,-0.3000493806367488,,0.1818060406919593,0.3000493806367488,,1061,1084
A4::A4::cl0::sl2.5::sl_partial_close_1r_runner_trail::expU::et0.4,A4,6+8,-1.0,0.42913135843797723,0.3433050867503818,True,,-0.24457116830344772,-0.42913135843797723,,0.24653964915748558,0.42913135843797723,,1061,1084
A4::A4::cl0::sl2.5::sl_partial_close_1r_runner_trail::expU::et0.5,A4,6+8,-1.0,0.42913135843797723,0.3433050867503818,True,,-0.24457116830344772,-0.42913135843797723,,0.24653964915748558,0.42913135843797723,,1061,1084
A4::A4::cl0::sl2.5::sl_plus_tp_2r::expU::et0.3,A4,6+8,-1.0,0.4327480464383353,0.3461984371506683,True,,-0.25391183712483445,-0.4327480464383353,,0.25584083835206156,0.4327480464383353,,1061,1084
A4::A4::cl0::sl3.5::sl_plus_tp_2r::exp2::et0.4,A4,6+8,-1.0,0.2731420580475902,0.21851364643807214,True,,-0.14147364761441572,-0.2731420580475902,,0.14324988386881754,0.2731420580475902,,946,971
A4::A4::cl0::sl3.5::sl_plus_tp_2r::exp2::et0.3,A4,6+8,-1.0,0.2731420580475902,0.21851364643807214,True,,-0.14660106475096157,-0.2731420580475902,,0.1483689225283862,0.2731420580475902,,941,971
A4::A4::cl0::sl3.5::sl_plus_tp_2r::expU::et0.4,A4,6+8,-1.0,0.3011958901601839,0.24095671212814712,True,,-0.17211562902907662,-0.3011958901601839,,0.17373222673692726,0.3011958901601839,,1061,1084
A4::A4::cl0::sl3.5::sl_plus_tp_2r::expU::et0.5,A4,6+8,-1.0,0.3011958901601839,0.24095671212814712,True,,-0.17211562902907662,-0.3011958901601839,,0.17373222673692726,0.3011958901601839,,1061,1084
A4::A4::cl0::sl3.5::sl_partial_close_1r_runner_trail::expU::et0.5,A4,6+8,-1.0,0.3000493806367488,0.24003950450939904,True,,-0.17658498391609756,-0.3000493806367488,,0.17819285438000057,0.3000493806367488,,1061,1084
A4::A4::cl0::sl3.5::sl_partial_close_1r_runner_trail::expU::et0.4,A4,6+8,-1.0,0.3000493806367488,0.24003950450939904,True,,-0.17658498391609756,-0.3000493806367488,,0.17819285438000057,0.3000493806367488,,1061,1084
A4::A4::cl0::sl2.5::sl_partial_close_1r_runner_trail::exp2::et0.5,A4,6+8,-1.0000000000000002,0.3884784901477249,0.31078279211817994,True,,-0.2027979764722423,-0.38847849014772495,,0.20506609364245834,0.3884784901477249,,946,972
A4::A4::cl0::sl2.5::sl_partial_close_1r_runner_trail::exp2::et0.4,A4,6+8,-1.0000000000000002,0.3884784901477249,0.31078279211817994,True,,-0.2027979764722423,-0.38847849014772495,,0.20506609364245834,0.3884784901477249,,946,972
A4::A4::cl0::sl3.0::sl_plus_tp_2r::exp2::et0.4,A4,6+8,-1.0000000000000002,0.32182214470522646,0.2574577157641812,True,,-0.1660028833829471,-0.3218221447052265,,0.16799937281394897,0.32182214470522646,,946,971
A4::A4::cl0::sl3.0::sl_plus_tp_2r::exp2::et0.3,A4,6+8,-1.0000000000000002,0.32182214470522646,0.2574577157641812,True,,-0.1735195191019715,-0.3218221447052265,,0.1751487938430938,0.32182214470522646,,941,971
A4::A4::cl0::sl2.5::sl_plus_tp_2r::exp2::et0.4,A4,6+8,-1.0000000000000002,0.3886635735947544,0.3109308588758035,True,,-0.19529815708051468,-0.38866357359475445,,0.1975875118607325,0.3886635735947544,,946,972
A4::A4::cl0::sl2.5::sl_plus_tp_2r::exp2::et0.5,A4,6+8,-1.0000000000000002,0.3886635735947544,0.3109308588758035,True,,-0.19529815708051468,-0.38866357359475445,,0.1975875118607325,0.3886635735947544,,946,972
A4::A4::cl0::sl3.5::sl_partial_close_1r_runner_trail::exp2::et0.5,A4,6+8,-1.0000000000000002,0.2719821055554597,0.21758568444436777,True,,-0.14602933583355326,-0.27198210555545976,,0.14779614665965451,0.2719821055554597,,946,971
A4::A4::cl0::sl3.5::sl_partial_close_1r_runner_trail::exp2::et0.4,A4,6+8,-1.0000000000000002,0.2719821055554597,0.21758568444436777,True,,-0.14602933583355326,-0.27198210555545976,,0.14779614665965451,0.2719821055554597,,946,971
A4::A4::cl0::sl3.5::sl_partial_close_1r_runner_trail::exp2::et0.3,A4,6+8,-1.0000000000000002,0.2719821055554597,0.21758568444436777,True,,-0.14806944296086566,-0.27198210555545976,,0.14983425892076346,0.2719821055554597,,939,971
A4::A4::cl0::sl3.0::sl_plus_tp_2r::exp2::et0.5,A4,6+8,-1.0000000000000002,0.32182214470522646,0.2574577157641812,True,,-0.1660028833829471,-0.3218221447052265,,0.16799937281394897,0.32182214470522646,,946,971
