cluster_id,archetype,sl_multiplier,exit_policy,exposure,max_per_currency,architecture,search_worst_roi,search_worst_dd,search_worst_ratio,search_mean_roi,search_mean_dd,search_mean_ratio,search_sign_consistency,search_neg_folds,search_n_total,a3_n_bars
0,v_shape_recovery,3.5,sl_partial_close_1r_runner_trail,unlimited,,A1,0.22456294795253906,0.07353866008324712,6.4272759551420195,0.4988208512712609,0.03493467693183663,16.23680292607003,11,0,2059,
0,v_shape_recovery,3.5,sl_partial_close_1r_runner_trail,unlimited,,A3,0.050552101532961524,0.04936346639192043,2.72990888311836,0.21270175410613243,0.02504142684587476,9.059939281418998,8,0,778,5.0
0,v_shape_recovery,4.0,sl_partial_close_1r_runner_trail,unlimited,,A1,0.10713211039662207,0.08534340496601127,2.1543649173620016,0.3837437087848095,0.041036643121896685,11.676802566242868,11,0,2059,
0,v_shape_recovery,3.5,sl_partial_close_1r_runner_trail,max_per_currency_2,2.0,A3,0.050552101532961524,0.04458639838383978,1.9959418390980839,0.1309759558649026,0.025407739764556958,6.378866799992713,8,0,535,5.0
0,v_shape_recovery,3.5,sl_partial_close_1r_runner_trail,max_per_currency_2,2.0,A1,0.08353732287970805,0.043371366146966635,1.9260938794650027,0.23554041879619447,0.024851278258161524,12.737608399131979,11,0,1054,
0,v_shape_recovery,4.0,sl_partial_close_1r_runner_trail,unlimited,,A3,0.03717755495589126,0.04745272276630782,0.7834651583425664,0.15281859659516353,0.027439981584762733,6.259671670702993,8,0,778,5.0
0,v_shape_recovery,4.0,sl_partial_close_1r_runner_trail,max_per_currency_2,2.0,A1,0.031212571324916727,0.04665714654473064,0.7031726088628804,0.1823439726686747,0.02818357209823792,9.083759605415239,11,0,1054,
0,v_shape_recovery,4.0,sl_partial_close_1r_runner_trail,max_per_currency_2,2.0,A3,0.029194478536488155,0.042666053031465125,0.684255431711904,0.09680388307354185,0.026545666739896816,4.7695524774002145,8,0,535,5.0
0,v_shape_recovery,4.0,sl_partial_close_1r_runner_trail,unlimited,,A3,-0.019850499375000052,0.05322530834967437,0.0,0.20343556507853267,0.022411057134421895,100006.8278825027,9,1,1066,3.0
0,v_shape_recovery,4.0,sl_partial_close_1r_runner_trail,max_per_currency_2,2.0,A3,-0.019850499375000052,0.032156339412499096,0.0,0.10308195876977684,0.016118186379568075,100004.70506320515,9,1,600,3.0
0,v_shape_recovery,3.5,sl_partial_close_1r_runner_trail,unlimited,,A3,-0.019850499375000052,0.04034401500170693,0.0,0.2608751463621895,0.01882412978486827,100009.87968223609,9,1,1066,3.0
0,v_shape_recovery,3.5,sl_partial_close_1r_runner_trail,max_per_currency_2,2.0,A3,-0.019850499375000052,0.02962749064373434,0.0,0.1364975335108674,0.014216624316907026,100007.54573977632,9,1,600,3.0
0,v_shape_recovery,4.0,sl_plus_tp_2r,max_per_currency_2,2.0,A1,-0.1381122080926579,0.15791543881357728,-0.9046580660599322,-0.01671400897444677,0.08708443010528039,0.1978788067107514,4,7,1054,
0,v_shape_recovery,4.0,sl_plus_tp_2r,max_per_currency_2,2.0,A3,-0.13831824363036826,0.1589268582859753,-0.9046580660599322,-0.03044643860527263,0.056219435895143575,0.12471721372874404,2,8,600,3.0
0,v_shape_recovery,3.5,sl_plus_tp_3r,max_per_currency_2,2.0,A3,-0.133392326416918,0.1697853264990086,-0.9604796755180742,-0.042622030206303604,0.062048938022657575,0.07547118434655467,2,8,600,3.0
0,v_shape_recovery,3.5,sl_plus_tp_3r,unlimited,,A1,-0.23793632701943657,0.2648739311647364,-0.9676650275057032,-0.055191533633566124,0.1670263810950766,-0.10940392248256775,3,8,2059,
0,v_shape_recovery,3.5,sl_plus_tp_3r,unlimited,,A3,-0.22558850554231602,0.23312664933629262,-0.9676650275057032,-0.0653138164197418,0.1077486056071731,0.14246496778514886,3,7,1066,3.0
0,v_shape_recovery,3.5,sl_plus_tp_2r,max_per_currency_2,2.0,A3,-0.16204271385664681,0.18468063681096097,-0.9700062340979673,-0.033110385753300366,0.051947325058370054,0.06597730821107949,3,7,600,3.0
0,v_shape_recovery,3.5,sl_plus_tp_2r,max_per_currency_2,2.0,A1,-0.1603147809762031,0.1682305428439394,-0.9842281930539956,-0.014337589025908508,0.08295178710125346,0.3801983368538788,5,6,1054,
0,v_shape_recovery,3.5,sl_plus_tp_2r,unlimited,,A3,-0.1445512086254711,0.16704975154619225,-0.9892657371654243,-0.024893843534694392,0.07534451081601662,0.257331197878658,4,6,1066,3.0
0,v_shape_recovery,3.5,sl_plus_tp_2r,unlimited,,A1,-0.17942797390070886,0.2320684981959653,-0.9892657371654243,-0.009988870731531681,0.13130789679488714,0.05315428753698114,5,6,2059,
0,v_shape_recovery,4.0,sl_plus_tp_2r,unlimited,,A1,-0.19093865817896538,0.1980820892105937,-0.9968164017888924,-0.015123267640476536,0.13610126922156318,0.13840941776898774,5,6,2059,
0,v_shape_recovery,4.0,sl_plus_tp_2r,unlimited,,A3,-0.19093865817896538,0.19425673431567556,-0.9968164017888924,-0.03528764440772194,0.09050959334731037,0.20774860009246326,3,7,1066,3.0
0,v_shape_recovery,4.0,sl_plus_tp_2r,unlimited,,A3,-0.16642541775095743,0.1666986222965885,-0.9983610869612048,-0.056438692802389834,0.10001365776066837,-0.29328658611078406,2,6,778,5.0
0,v_shape_recovery,4.0,sl_plus_tp_3r,unlimited,,A3,-0.24732533269758383,0.2464041200987088,-1.0037386249812137,-0.08400253001634982,0.13065972811566207,-0.2868936684146062,3,5,778,5.0
0,v_shape_recovery,4.0,sl_plus_tp_3r,unlimited,,A1,-0.25239221469737716,0.25561503337297015,-1.0124256555122257,-0.07305447950178158,0.17594515651076395,-0.08911525088635684,3,8,2059,
0,v_shape_recovery,3.5,sl_only,unlimited,,A3,-0.4054930021804515,0.40117112853082926,-1.0258597852503446,-0.13670784754629872,0.18652994512851245,-0.5471945302052178,2,6,778,5.0
0,v_shape_recovery,4.0,sl_only,unlimited,,A3,-0.41190376548760543,0.40629267642169026,-1.0373945909048268,-0.1534712216878397,0.190276818129866,-0.6479800481394797,2,6,778,5.0
0,v_shape_recovery,4.0,sl_only,max_per_currency_2,2.0,A3,-0.23100848292325837,0.22198580880376031,-1.040645274434972,-0.10896068232455469,0.13745391835425125,-0.6699564527192731,1,7,535,5.0
0,v_shape_recovery,3.5,sl_only,max_per_currency_2,2.0,A3,-0.22326592145586943,0.21503266452000683,-1.041586627324126,-0.09680081335586427,0.13415084971000552,-0.5861015273108777,1,7,535,5.0
0,v_shape_recovery,4.0,sl_plus_tp_3r,max_per_currency_2,2.0,A3,-0.18093922336968438,0.1735555404873504,-1.0425436310566654,-0.06525620669081879,0.09981670353980016,-0.37029309642908664,2,6,535,5.0
0,v_shape_recovery,3.5,sl_plus_tp_3r,max_per_currency_2,2.0,A3,-0.18529752907623942,0.17694300001239155,-1.0479847753227987,-0.05893591600360881,0.09647566815638506,-0.20383951039896758,2,6,535,5.0
0,v_shape_recovery,3.5,sl_plus_tp_3r,unlimited,,A3,-0.20594106172952742,0.20581341594297642,-1.0500568127394136,-0.0684693150429089,0.11649036669005924,-0.10494126858078948,3,5,778,5.0
0,v_shape_recovery,3.5,sl_plus_tp_2r,unlimited,,A3,-0.16285835838583607,0.15485545895530345,-1.0516798018263116,-0.03016614721855629,0.08535206880827607,0.1917995506404946,2,6,778,5.0
0,v_shape_recovery,4.0,sl_plus_tp_2r,max_per_currency_2,2.0,A3,-0.16993771774180633,0.17012103371814755,-1.075321888015148,-0.05403911720240957,0.08255778153214721,-0.40093937214850367,2,6,535,5.0
0,v_shape_recovery,4.0,sl_only,unlimited,,A1,-0.45446654165731026,0.42126995647980237,-1.078801216813332,-0.26244239154082744,0.30552336408921077,-0.7546859211835856,1,10,2059,
0,v_shape_recovery,3.5,sl_only,unlimited,,A1,-0.45398240696234216,0.4208021968686738,-1.0788498975066505,-0.23666881468162693,0.29806569576038683,-0.6553339836003503,2,9,2059,
0,v_shape_recovery,3.5,sl_plus_tp_3r,max_per_currency_2,2.0,A1,-0.17482011253295493,0.18124421620664574,-1.0874622138159913,-0.03307010964277424,0.097761932128665,0.009821429013809184,3,8,1054,
0,v_shape_recovery,3.5,sl_plus_tp_2r,max_per_currency_2,2.0,A3,-0.16638568832462453,0.15832651085505026,-1.0912784640787565,-0.02875796076587664,0.07345624102277706,0.11247643845999428,3,5,535,5.0
0,v_shape_recovery,4.0,sl_only,max_per_currency_2,2.0,A1,-0.23337391778070526,0.22525855449152452,-1.1098898824995729,-0.14682643260877198,0.17632835320934334,-0.7066696339721757,2,9,1054,
0,v_shape_recovery,3.5,sl_only,max_per_currency_2,2.0,A1,-0.23287782734852913,0.22476762471336478,-1.1112614883932892,-0.13286292879363681,0.17321211219217322,-0.6055564673944146,2,9,1054,
0,v_shape_recovery,4.0,sl_plus_tp_3r,max_per_currency_2,2.0,A1,-0.16455326065953313,0.15247986930481477,-1.125384945784815,-0.04578117324109505,0.10290190575746044,-0.14778429832621687,3,8,1054,
0,v_shape_recovery,4.0,sl_only,unlimited,,A3,-0.41190376548760543,0.40629267642169026,-3.178962882125105,-0.1901371734316645,0.19486410921962122,-1.0385633259611464,0,10,1066,3.0
0,v_shape_recovery,4.0,sl_only,max_per_currency_2,2.0,A3,-0.2646964265357993,0.2562687681678824,-3.178962882125105,-0.12680161777202956,0.12422645180459264,-1.0715456775658267,0,10,600,3.0
0,v_shape_recovery,4.0,sl_plus_tp_3r,max_per_currency_2,2.0,A3,-0.1278337858762274,0.14871637316588807,-3.178962882125105,-0.05364402321043862,0.06678075927252694,-0.41942530300280384,1,9,600,3.0
0,v_shape_recovery,4.0,sl_plus_tp_3r,unlimited,,A3,-0.22159072129461277,0.25561503337296987,-3.178962882125105,-0.07623375436729035,0.1205071897517885,-0.28779898914551005,2,8,1066,3.0
0,v_shape_recovery,3.5,sl_only,max_per_currency_2,2.0,A3,-0.2672342456962944,0.2587824704287809,-3.203120786565907,-0.12160464901006263,0.12221679249172594,-1.0332521735285147,0,10,600,3.0
0,v_shape_recovery,3.5,sl_only,unlimited,,A3,-0.4054930021804515,0.40117112853082926,-3.203120786565907,-0.17982795809522253,0.19238955909891745,-0.9820674505356045,0,10,1066,3.0
